-- MySQL dump 10.13  Distrib 5.5.49, for debian-linux-gnu (x86_64)
--
-- Host: mysql.info.unicaen.fr    Database: 21101555_bd
-- ------------------------------------------------------
-- Server version	5.5.47-0+deb7u1-log

/*!40101 SET @OLD_CHARACTER_SET_CLIENT=@@CHARACTER_SET_CLIENT */;
/*!40101 SET @OLD_CHARACTER_SET_RESULTS=@@CHARACTER_SET_RESULTS */;
/*!40101 SET @OLD_COLLATION_CONNECTION=@@COLLATION_CONNECTION */;
/*!40101 SET NAMES utf8 */;
/*!40103 SET @OLD_TIME_ZONE=@@TIME_ZONE */;
/*!40103 SET TIME_ZONE='+00:00' */;
/*!40014 SET @OLD_UNIQUE_CHECKS=@@UNIQUE_CHECKS, UNIQUE_CHECKS=0 */;
/*!40014 SET @OLD_FOREIGN_KEY_CHECKS=@@FOREIGN_KEY_CHECKS, FOREIGN_KEY_CHECKS=0 */;
/*!40101 SET @OLD_SQL_MODE=@@SQL_MODE, SQL_MODE='NO_AUTO_VALUE_ON_ZERO' */;
/*!40111 SET @OLD_SQL_NOTES=@@SQL_NOTES, SQL_NOTES=0 */;

--
-- Table structure for table `Actifs`
--

DROP TABLE IF EXISTS `Actifs`;
/*!40101 SET @saved_cs_client     = @@character_set_client */;
/*!40101 SET character_set_client = utf8 */;
CREATE TABLE `Actifs` (
  `matricule` int(12) NOT NULL,
  `eligible_retraite` tinyint(1) NOT NULL DEFAULT '0',
  `eligible_promotion` tinyint(1) NOT NULL DEFAULT '0',
  `saisie_by` int(12) DEFAULT NULL,
  PRIMARY KEY (`matricule`),
  KEY `Actifs_ibfk_2` (`saisie_by`),
  CONSTRAINT `Actifs_ibfk_1` FOREIGN KEY (`matricule`) REFERENCES `Militaires` (`matricule`) ON UPDATE CASCADE,
  CONSTRAINT `Actifs_ibfk_2` FOREIGN KEY (`saisie_by`) REFERENCES `Militaires` (`matricule`) ON UPDATE CASCADE
) ENGINE=InnoDB DEFAULT CHARSET=utf8;
/*!40101 SET character_set_client = @saved_cs_client */;

--
-- Dumping data for table `Actifs`
--

LOCK TABLES `Actifs` WRITE;
/*!40000 ALTER TABLE `Actifs` DISABLE KEYS */;
INSERT INTO `Actifs` VALUES (1,0,0,NULL),(2,0,0,NULL),(3,0,0,NULL),(4,0,0,NULL),(5,1,0,NULL),(6,1,0,NULL),(7,1,0,NULL),(8,1,1,NULL),(9,1,0,NULL),(10,0,0,NULL),(11,0,0,NULL),(12,1,0,NULL),(13,1,1,NULL),(14,0,0,NULL),(15,1,0,NULL),(16,1,0,NULL),(17,1,0,NULL),(18,1,1,NULL),(19,1,0,NULL),(20,1,0,NULL),(21,0,0,NULL),(22,1,0,NULL),(23,1,0,NULL),(24,1,0,NULL),(25,1,0,NULL),(26,1,0,NULL),(27,1,0,NULL),(28,0,0,NULL),(29,0,0,NULL),(30,1,0,NULL),(31,1,0,NULL),(32,1,0,NULL),(33,0,0,NULL),(34,0,0,NULL),(35,1,0,NULL),(36,1,0,NULL),(37,1,0,NULL),(38,1,0,NULL),(39,0,0,NULL),(40,1,0,NULL),(41,0,0,NULL),(42,0,0,NULL),(43,1,0,NULL),(44,1,0,NULL),(45,1,0,NULL),(46,0,0,NULL),(47,0,0,NULL),(48,0,0,NULL),(49,0,0,NULL),(50,0,0,NULL),(51,0,0,NULL),(52,1,0,NULL),(53,0,0,NULL),(54,1,0,NULL),(55,1,0,NULL),(56,1,0,NULL),(57,0,0,NULL),(58,1,0,NULL),(59,1,0,NULL),(60,1,0,NULL),(61,1,0,NULL),(62,1,0,NULL),(63,0,0,NULL),(65,1,0,NULL),(66,1,0,NULL),(67,1,0,NULL),(68,1,0,NULL),(69,1,0,NULL),(70,0,0,NULL),(71,1,0,NULL),(72,1,0,NULL),(73,0,0,NULL),(74,1,0,NULL),(75,0,0,NULL),(76,0,0,NULL),(77,1,1,NULL),(78,1,0,NULL),(79,0,0,NULL),(80,1,0,NULL),(81,1,0,NULL),(82,1,0,NULL),(83,0,0,NULL),(84,1,0,NULL),(85,1,0,NULL),(86,1,0,NULL),(87,0,0,NULL),(88,1,0,NULL),(89,1,0,NULL),(90,1,0,NULL),(91,1,0,NULL),(92,0,0,NULL),(93,0,0,NULL),(94,1,0,NULL),(95,1,0,NULL),(96,1,0,NULL),(97,0,0,NULL),(98,0,0,NULL),(99,0,0,NULL),(100,0,0,NULL),(111,0,0,NULL),(214,0,0,3),(241,1,1,NULL),(242,1,0,NULL),(243,1,0,NULL),(244,1,0,NULL),(245,1,0,NULL),(246,1,0,NULL),(247,1,0,NULL),(248,1,0,NULL),(249,1,1,NULL),(250,1,0,NULL),(251,1,0,NULL),(252,1,0,NULL),(253,1,0,NULL),(254,1,0,NULL),(255,1,0,NULL),(256,1,1,NULL),(257,1,1,NULL),(258,1,0,NULL),(259,0,0,NULL),(260,1,0,NULL),(261,1,0,NULL),(262,1,1,NULL),(263,1,0,NULL),(264,1,1,NULL),(265,1,0,NULL),(266,1,0,NULL),(267,1,0,NULL),(268,0,0,NULL),(269,1,1,NULL),(270,1,0,NULL),(271,1,1,NULL),(272,0,0,NULL),(273,1,0,NULL),(274,0,1,NULL),(275,0,0,NULL),(276,1,0,NULL),(277,1,1,NULL),(278,1,1,NULL),(279,1,0,NULL),(280,0,0,NULL),(281,0,0,NULL),(282,1,1,NULL),(283,1,0,NULL),(284,1,1,NULL),(285,1,1,NULL),(286,1,0,NULL),(287,1,1,NULL),(288,0,0,NULL),(289,1,1,NULL),(290,0,0,NULL),(291,1,0,NULL),(292,1,0,NULL),(293,1,1,NULL),(294,1,0,NULL),(295,1,1,NULL),(296,1,1,NULL),(297,1,0,NULL),(298,1,0,NULL),(299,1,0,NULL),(300,0,0,NULL),(301,1,0,NULL),(302,1,0,NULL),(303,1,1,NULL),(304,1,0,NULL),(305,1,0,NULL),(306,1,0,NULL),(307,1,0,NULL),(308,0,1,NULL),(309,1,0,NULL),(310,1,0,NULL),(311,1,0,NULL),(312,1,1,NULL),(313,1,0,NULL),(314,1,1,NULL),(315,1,0,NULL),(316,1,1,NULL),(317,1,1,NULL),(318,1,1,NULL),(319,1,1,NULL),(320,0,0,NULL),(321,0,0,NULL),(322,0,0,NULL),(323,1,1,NULL),(324,1,1,NULL),(325,1,1,NULL),(326,1,0,NULL),(327,1,1,NULL),(328,1,0,NULL),(329,1,0,NULL),(330,1,0,NULL),(331,1,1,NULL),(332,0,0,NULL),(333,1,1,NULL),(334,1,1,NULL),(335,1,0,NULL),(336,1,0,NULL),(337,1,0,NULL),(338,1,0,NULL),(339,1,0,NULL),(340,0,0,NULL),(341,1,1,NULL),(342,0,0,NULL),(343,1,1,NULL),(344,1,1,NULL),(345,1,0,NULL),(346,1,0,NULL),(347,1,0,NULL),(348,1,0,NULL),(349,1,0,NULL),(350,1,0,NULL),(351,1,0,NULL),(352,1,0,NULL),(353,1,0,NULL),(354,1,0,NULL),(355,1,0,NULL),(356,1,0,NULL),(357,1,0,NULL),(358,1,0,NULL),(359,1,1,NULL),(360,1,0,NULL),(361,1,1,NULL),(362,1,1,NULL),(363,1,1,NULL),(364,1,0,NULL),(365,0,0,NULL),(366,1,0,NULL),(367,1,0,NULL),(368,1,0,NULL),(369,1,1,NULL),(370,1,0,NULL),(371,1,0,NULL),(372,1,0,NULL),(373,1,0,NULL),(374,0,1,NULL),(375,1,1,NULL),(376,1,1,NULL),(377,1,0,NULL),(378,1,0,NULL),(379,1,0,NULL),(380,1,0,NULL),(381,0,0,NULL),(382,1,1,NULL),(383,1,1,NULL),(384,0,0,NULL),(385,1,1,NULL),(386,1,1,NULL),(387,0,0,NULL),(388,1,1,NULL),(389,1,0,NULL),(390,1,1,NULL),(391,0,0,NULL),(392,1,0,NULL),(393,1,1,NULL),(394,1,1,NULL),(395,1,0,NULL),(396,1,1,NULL),(397,1,1,NULL),(398,1,0,NULL),(399,1,0,NULL),(400,1,0,NULL),(401,1,1,NULL),(402,1,0,NULL),(403,1,1,NULL),(404,1,0,NULL),(405,1,0,NULL),(406,1,0,NULL),(407,1,1,NULL),(408,1,1,NULL),(409,1,1,NULL),(410,1,1,NULL),(411,1,1,NULL),(412,1,1,NULL),(413,1,1,NULL),(414,1,0,NULL),(415,1,1,NULL),(416,1,0,NULL),(417,1,0,NULL),(418,0,1,NULL),(419,1,0,NULL),(420,1,0,NULL),(421,1,1,NULL),(422,1,1,NULL),(423,1,1,NULL),(424,1,0,NULL),(425,0,0,NULL),(426,0,1,NULL),(427,1,1,NULL),(428,1,1,NULL),(429,1,0,NULL),(430,1,1,NULL),(431,1,0,NULL),(432,1,0,NULL),(433,1,0,NULL),(434,1,0,NULL),(435,1,0,NULL),(436,1,0,NULL),(437,0,0,NULL),(438,1,1,NULL),(439,0,1,NULL),(440,1,1,NULL),(441,0,1,NULL),(442,0,0,NULL),(443,0,0,NULL),(444,1,1,NULL),(445,1,1,NULL),(446,1,1,NULL),(447,1,0,NULL),(448,1,1,NULL),(449,1,1,NULL),(450,1,0,NULL),(451,1,0,NULL),(452,1,0,NULL),(453,1,0,NULL),(454,1,0,NULL),(455,1,0,NULL),(456,1,0,NULL),(457,1,1,NULL),(458,1,1,NULL),(459,1,0,NULL),(460,1,0,NULL),(461,1,0,NULL),(462,1,1,NULL),(463,1,0,NULL),(464,1,0,NULL),(465,1,0,NULL),(466,1,1,NULL),(467,0,0,NULL),(468,1,1,NULL),(469,1,1,NULL),(470,1,0,NULL),(471,1,0,NULL),(472,1,0,NULL),(473,1,0,NULL),(474,1,1,NULL),(475,1,0,NULL),(476,0,0,NULL),(477,1,0,NULL),(478,1,0,NULL),(479,1,1,NULL),(480,1,1,NULL),(481,1,0,NULL),(482,1,0,NULL),(483,1,1,NULL),(484,0,0,NULL),(485,1,0,NULL),(486,1,0,NULL),(487,1,1,NULL),(488,1,1,NULL),(489,1,0,NULL),(490,1,0,NULL),(491,1,0,NULL),(492,1,1,NULL),(493,1,0,NULL),(494,1,1,NULL),(495,1,0,NULL),(496,1,0,NULL),(497,1,0,NULL),(498,1,1,NULL),(499,1,0,NULL),(500,1,0,NULL),(501,1,0,NULL),(502,1,0,NULL),(503,1,0,NULL),(504,0,0,NULL),(505,1,0,NULL),(506,1,0,NULL),(507,1,1,NULL),(508,1,1,NULL),(509,1,0,NULL),(510,1,1,NULL),(511,1,1,NULL),(512,1,0,NULL),(513,1,0,NULL),(514,1,0,NULL),(515,1,1,NULL),(516,1,0,NULL),(517,1,1,NULL),(518,1,1,NULL),(519,1,0,NULL),(520,1,0,NULL),(521,1,0,NULL),(522,0,0,NULL),(523,1,1,NULL),(524,1,0,NULL),(525,1,0,NULL),(526,0,0,NULL),(527,1,0,NULL),(528,1,1,NULL),(529,0,0,NULL),(530,1,0,NULL),(531,1,0,NULL),(532,1,1,NULL),(533,1,0,NULL),(534,1,0,NULL),(535,1,0,NULL),(536,1,0,NULL),(537,1,0,NULL),(538,1,1,NULL),(539,1,1,NULL),(540,1,0,NULL),(541,1,0,NULL),(542,1,0,NULL),(543,1,1,NULL),(544,1,0,NULL),(545,0,0,NULL),(546,1,0,NULL),(547,1,0,NULL),(548,1,0,NULL),(549,1,0,NULL),(550,1,0,NULL),(551,1,0,NULL),(552,1,1,NULL),(553,0,0,NULL),(554,1,0,NULL),(555,1,0,NULL),(556,1,0,NULL),(557,0,0,NULL),(558,1,1,NULL),(559,1,0,NULL),(560,1,1,NULL),(561,1,1,NULL),(562,1,0,NULL),(563,1,0,NULL),(564,1,1,NULL),(565,1,0,NULL),(566,1,1,NULL),(567,0,0,NULL),(568,1,1,NULL),(569,1,0,NULL),(570,1,0,NULL),(571,1,1,NULL),(572,1,1,NULL),(573,0,1,NULL),(574,1,0,NULL),(575,1,1,NULL),(576,1,0,NULL),(577,1,0,NULL),(578,1,1,NULL),(579,1,0,NULL),(580,1,0,NULL),(581,1,0,NULL),(582,1,0,NULL),(583,1,1,NULL),(584,1,0,NULL),(585,1,1,NULL),(586,1,0,NULL),(587,1,0,NULL),(588,1,1,NULL),(589,1,0,NULL),(590,0,0,NULL),(591,1,0,NULL),(592,1,0,NULL),(593,1,0,NULL),(594,1,0,NULL),(595,1,0,NULL),(596,1,0,NULL),(597,1,0,NULL),(598,1,0,NULL),(599,1,1,NULL),(600,1,0,NULL),(601,1,0,NULL),(602,1,0,NULL),(603,0,0,NULL),(604,1,0,NULL),(605,1,0,NULL),(606,1,0,NULL),(607,1,0,NULL),(608,1,0,NULL),(609,0,1,NULL),(610,0,0,NULL),(611,1,0,NULL),(612,1,0,NULL),(613,0,0,NULL),(614,1,0,NULL),(615,1,0,NULL),(616,1,0,NULL),(617,1,0,NULL),(618,1,0,NULL),(619,1,0,NULL),(620,1,1,NULL),(621,1,0,NULL);
/*!40000 ALTER TABLE `Actifs` ENABLE KEYS */;
UNLOCK TABLES;

--
-- Table structure for table `Affectation`
--

DROP TABLE IF EXISTS `Affectation`;
/*!40101 SET @saved_cs_client     = @@character_set_client */;
/*!40101 SET character_set_client = utf8 */;
CREATE TABLE `Affectation` (
  `nb` int(11) NOT NULL AUTO_INCREMENT,
  `matricule` int(12) DEFAULT NULL,
  `id` int(12) DEFAULT NULL,
  `date_affectation` date NOT NULL,
  PRIMARY KEY (`nb`),
  KEY `Affectation_ibfk_1` (`matricule`),
  KEY `Affectation_ibfk_2` (`id`),
  CONSTRAINT `Affectation_ibfk_1` FOREIGN KEY (`matricule`) REFERENCES `Militaires` (`matricule`) ON UPDATE CASCADE,
  CONSTRAINT `Affectation_ibfk_2` FOREIGN KEY (`id`) REFERENCES `Casernes` (`id`) ON UPDATE CASCADE
) ENGINE=InnoDB AUTO_INCREMENT=522 DEFAULT CHARSET=utf8;
/*!40101 SET character_set_client = @saved_cs_client */;

--
-- Dumping data for table `Affectation`
--

LOCK TABLES `Affectation` WRITE;
/*!40000 ALTER TABLE `Affectation` DISABLE KEYS */;
INSERT INTO `Affectation` VALUES (1,1,8,'1997-05-14'),(2,2,8,'2015-02-19'),(3,3,2,'2000-08-10'),(4,4,6,'2008-05-16'),(5,5,4,'1980-03-12'),(6,6,1,'1993-11-12'),(7,7,6,'1979-12-18'),(8,8,6,'1977-03-04'),(9,9,6,'1981-06-01'),(10,10,3,'2008-05-04'),(11,11,3,'2005-06-18'),(12,12,1,'1982-10-04'),(13,13,2,'1997-06-20'),(14,14,9,'2014-02-25'),(15,15,5,'1976-02-23'),(16,16,2,'1989-08-02'),(17,17,8,'1990-11-03'),(18,18,1,'1995-06-13'),(19,19,8,'2000-08-06'),(20,20,2,'1989-09-13'),(21,21,4,'2009-09-22'),(22,22,8,'1996-02-23'),(23,23,2,'2004-09-18'),(24,24,8,'1981-04-15'),(25,25,10,'1990-11-15'),(26,26,9,'1988-08-04'),(27,27,5,'1974-02-15'),(28,28,7,'2005-05-03'),(29,29,8,'2004-02-07'),(30,30,5,'1983-11-18'),(31,31,9,'1979-03-05'),(32,32,7,'1987-07-10'),(33,33,5,'2003-04-26'),(34,34,4,'2010-06-13'),(35,35,4,'1977-10-01'),(36,36,3,'1983-04-04'),(37,37,4,'1976-12-25'),(38,38,5,'1998-04-24'),(39,39,3,'1999-05-12'),(40,40,10,'2004-07-22'),(41,41,6,'2005-07-20'),(42,42,2,'2009-09-27'),(43,43,6,'1977-03-13'),(44,44,6,'1972-05-13'),(45,45,3,'1987-04-11'),(46,46,6,'2010-03-03'),(47,47,8,'2008-08-02'),(48,48,7,'2007-10-20'),(49,49,8,'2010-01-03'),(50,50,2,'2009-08-24'),(51,51,2,'1998-06-25'),(52,52,3,'1980-10-22'),(53,53,4,'2009-03-27'),(54,54,6,'1990-12-15'),(55,55,2,'1978-09-26'),(56,56,7,'1991-02-20'),(57,57,4,'2002-10-13'),(58,58,6,'1982-03-03'),(59,59,5,'1988-02-20'),(60,60,1,'1984-01-23'),(61,61,9,'1982-06-21'),(62,62,9,'2000-01-07'),(63,63,9,'2007-07-24'),(64,64,8,'1980-01-09'),(65,65,5,'1998-11-18'),(66,66,4,'1978-11-22'),(67,67,4,'2005-06-07'),(68,68,9,'1986-04-20'),(69,69,1,'1974-12-20'),(70,70,4,'2004-09-01'),(71,71,7,'1985-05-01'),(72,72,4,'1992-09-09'),(73,73,10,'2004-12-09'),(74,74,9,'1985-10-06'),(75,75,7,'2000-05-02'),(76,76,10,'2012-08-09'),(77,77,10,'1984-03-06'),(78,78,4,'1990-11-24'),(79,79,10,'2007-04-23'),(80,80,10,'1989-07-27'),(81,81,8,'1993-08-02'),(82,82,6,'2002-12-17'),(83,83,8,'2012-08-10'),(84,84,8,'1996-05-21'),(85,85,8,'2002-10-11'),(86,86,5,'1973-01-07'),(87,87,6,'2015-05-27'),(88,88,7,'1999-09-02'),(89,89,9,'1974-08-20'),(90,90,5,'1972-06-07'),(91,91,6,'1977-09-24'),(92,92,2,'2014-05-07'),(93,93,5,'2008-10-27'),(94,94,4,'1998-09-21'),(95,95,8,'1993-05-03'),(96,96,2,'1977-02-15'),(97,97,7,'2000-09-13'),(98,98,5,'2003-07-23'),(99,99,9,'2003-10-25'),(100,100,6,'2008-06-17'),(101,3,9,'2005-10-03'),(107,111,10,'2016-04-01'),(111,1,3,'2000-10-25'),(112,214,3,'2002-12-03'),(113,214,1,'2005-12-02'),(119,8,4,'1990-02-13'),(120,224,1,'2016-04-01'),(121,224,1,'2016-04-30'),(122,227,1,'2016-04-08'),(123,227,2,'2016-04-14'),(124,225,1,'2016-04-02'),(127,238,5,'1991-02-28'),(139,242,10,'1987-05-05'),(140,242,10,'1987-05-05'),(141,241,2,'2003-04-01'),(142,242,1,'1987-08-17'),(143,243,8,'1989-02-13'),(144,244,5,'1995-09-01'),(145,245,7,'2005-05-25'),(146,246,10,'1997-12-11'),(147,247,4,'1998-10-15'),(148,248,5,'2004-02-05'),(149,249,4,'1978-06-17'),(150,250,1,'1990-11-03'),(151,251,3,'1982-09-04'),(152,252,9,'1995-11-26'),(153,253,2,'1982-06-01'),(154,254,1,'1975-07-23'),(155,255,1,'1976-06-16'),(156,256,5,'2005-05-04'),(157,257,10,'1999-01-19'),(158,258,9,'1988-09-12'),(159,259,1,'2002-06-02'),(160,260,9,'1975-07-13'),(161,261,5,'1976-05-04'),(162,262,2,'1995-06-15'),(163,263,4,'1976-09-24'),(164,264,10,'1994-12-11'),(165,265,5,'1981-11-05'),(166,266,7,'1993-11-26'),(167,267,7,'1997-04-16'),(168,268,2,'2008-06-12'),(169,269,4,'1975-05-19'),(170,270,5,'1997-05-14'),(171,271,5,'1982-04-19'),(172,272,7,'2005-05-04'),(173,273,7,'2001-06-09'),(174,274,4,'2002-09-10'),(175,275,3,'2013-07-25'),(176,276,9,'2003-04-07'),(177,277,10,'1982-09-24'),(178,278,10,'1973-10-17'),(179,279,1,'2010-06-13'),(180,280,5,'2008-02-12'),(181,281,9,'2008-09-11'),(182,282,9,'1977-01-21'),(183,283,6,'2005-05-02'),(184,284,5,'2003-04-13'),(185,285,9,'1998-05-22'),(186,286,7,'1992-03-23'),(187,287,6,'1987-09-08'),(188,288,6,'2012-07-10'),(189,289,3,'1976-04-24'),(190,290,5,'2010-02-11'),(191,291,6,'1985-12-06'),(192,292,8,'2007-11-12'),(193,293,4,'1998-11-14'),(194,294,3,'1987-01-26'),(195,295,10,'1998-04-12'),(196,296,4,'1979-03-09'),(197,297,10,'1987-01-11'),(198,298,4,'1975-11-11'),(199,299,1,'1983-05-24'),(200,300,6,'2012-05-19'),(201,301,6,'1977-09-16'),(202,302,6,'1986-09-20'),(203,303,3,'2001-08-16'),(204,304,9,'2003-03-20'),(205,305,1,'1996-08-27'),(206,306,3,'1979-10-11'),(207,307,3,'1986-03-14'),(208,308,1,'2002-05-01'),(209,309,6,'1989-01-15'),(210,310,3,'1990-05-21'),(211,311,6,'2002-08-10'),(212,312,9,'1985-06-17'),(213,313,3,'1976-12-12'),(214,314,6,'1995-03-23'),(215,315,5,'1993-07-22'),(216,316,1,'1982-06-02'),(217,317,8,'1985-09-19'),(218,318,2,'1995-01-08'),(219,319,10,'1974-05-19'),(220,320,8,'2009-11-05'),(221,321,10,'2011-10-16'),(222,322,5,'2013-08-08'),(223,323,1,'1999-03-21'),(224,324,3,'2008-08-10'),(225,325,10,'1981-12-07'),(226,326,5,'1992-05-08'),(227,327,2,'2006-10-07'),(228,328,2,'1981-08-27'),(229,329,8,'1979-12-16'),(230,330,9,'2001-12-25'),(231,331,3,'1975-12-19'),(232,332,6,'2010-01-06'),(233,333,5,'1995-08-19'),(234,334,1,'1983-11-03'),(235,335,3,'2003-08-09'),(236,336,1,'1987-12-01'),(237,337,9,'2004-05-01'),(238,338,9,'2008-12-03'),(239,339,7,'2007-02-22'),(240,340,9,'2014-08-15'),(241,341,4,'1999-04-15'),(242,342,6,'2007-09-25'),(243,343,7,'1986-11-26'),(244,344,6,'1974-02-24'),(245,345,5,'1979-09-01'),(246,346,4,'2005-05-23'),(247,347,1,'1997-09-22'),(248,348,7,'1982-06-05'),(249,349,8,'1986-08-13'),(250,350,1,'2006-01-14'),(251,351,8,'1981-09-20'),(252,352,4,'1977-09-05'),(253,353,10,'1978-02-09'),(254,354,3,'1987-10-06'),(255,355,9,'1995-06-22'),(256,356,2,'1994-06-23'),(257,357,2,'2001-08-09'),(258,358,5,'1999-11-04'),(259,359,1,'1981-03-24'),(260,360,1,'1990-02-25'),(261,361,3,'1974-10-13'),(262,362,4,'1993-01-26'),(263,363,5,'1974-03-18'),(264,364,1,'1989-06-06'),(265,365,3,'2008-12-04'),(266,366,10,'1987-02-26'),(267,367,5,'1980-04-23'),(268,368,2,'1979-11-13'),(269,369,10,'1986-03-21'),(270,370,4,'1991-03-27'),(271,371,2,'1994-04-19'),(272,372,2,'1981-03-23'),(273,373,9,'1998-03-09'),(274,374,9,'2004-02-06'),(275,375,10,'1999-02-18'),(276,376,9,'1992-09-26'),(277,377,6,'1989-01-06'),(278,378,5,'2003-09-11'),(279,379,7,'1981-10-18'),(280,380,6,'1980-04-08'),(281,381,6,'2012-11-18'),(282,382,10,'2011-09-12'),(283,383,7,'1996-06-23'),(284,384,5,'2005-12-12'),(285,385,2,'1975-09-24'),(286,386,7,'1985-07-10'),(287,387,1,'2000-01-05'),(288,388,1,'2008-12-19'),(289,389,9,'2002-05-03'),(290,390,6,'1989-11-27'),(291,391,8,'2004-10-22'),(292,392,9,'2002-10-02'),(293,393,1,'1990-12-01'),(294,394,8,'1978-09-10'),(295,395,2,'1996-01-26'),(296,396,1,'1985-02-08'),(297,397,3,'1989-12-15'),(298,398,8,'1990-08-08'),(299,399,5,'1982-06-24'),(300,400,1,'1978-09-21'),(301,401,7,'1972-06-11'),(302,402,6,'2002-03-17'),(303,403,6,'1989-04-26'),(304,404,7,'1982-02-11'),(305,405,1,'1986-06-24'),(306,406,4,'2001-11-22'),(307,407,3,'1991-04-22'),(308,408,8,'1969-10-15'),(309,409,4,'1980-04-27'),(310,410,2,'1992-11-03'),(311,411,6,'2006-05-24'),(312,412,8,'2000-10-15'),(313,413,9,'2000-11-18'),(314,414,6,'1991-04-14'),(315,415,4,'2001-06-21'),(316,416,1,'1983-09-27'),(317,417,2,'2008-05-27'),(318,418,4,'2002-11-13'),(319,419,6,'2000-01-10'),(320,420,1,'1994-09-11'),(321,421,7,'2009-09-05'),(322,422,3,'1976-05-15'),(323,423,4,'1971-11-19'),(324,424,3,'1979-01-19'),(325,425,5,'2002-01-13'),(326,426,7,'2009-12-26'),(327,427,7,'1969-05-27'),(328,428,10,'1995-07-09'),(329,429,2,'1998-03-05'),(330,430,10,'1997-09-03'),(331,431,10,'1999-01-03'),(332,432,7,'1982-02-08'),(333,433,1,'1989-01-06'),(334,434,10,'1981-11-25'),(335,435,3,'2007-03-25'),(336,436,9,'1987-06-07'),(337,437,9,'2015-04-05'),(338,438,4,'1985-05-08'),(339,439,4,'1999-07-04'),(340,440,4,'1987-06-12'),(341,441,7,'2011-06-10'),(342,442,9,'2000-10-16'),(343,443,9,'2014-02-15'),(344,444,3,'1974-08-01'),(345,445,3,'1972-01-21'),(346,446,2,'1997-09-23'),(347,447,6,'1986-10-23'),(348,448,8,'1991-04-14'),(349,449,3,'2000-08-21'),(350,450,3,'1983-01-10'),(351,451,9,'2005-02-04'),(352,452,8,'2002-05-15'),(353,453,7,'2009-03-20'),(354,454,6,'1986-02-11'),(355,455,5,'2003-10-09'),(356,456,1,'1991-02-18'),(357,457,2,'1978-11-16'),(358,458,4,'1993-12-21'),(359,459,6,'1992-10-14'),(360,460,3,'1984-06-21'),(361,461,1,'1993-03-17'),(362,462,9,'1974-12-14'),(363,463,3,'2004-06-24'),(364,464,7,'1988-09-05'),(365,465,3,'1986-01-04'),(366,466,5,'1969-10-01'),(367,467,8,'2007-08-26'),(368,468,10,'1978-10-01'),(369,469,6,'1985-05-26'),(370,470,5,'2008-10-03'),(371,471,6,'1990-09-13'),(372,472,5,'1990-01-06'),(373,473,4,'1995-03-18'),(374,474,5,'1991-12-13'),(375,475,3,'1985-11-10'),(376,476,6,'2010-02-21'),(377,477,4,'1972-05-20'),(378,478,3,'1977-02-21'),(379,479,4,'2000-04-25'),(380,480,9,'1979-04-09'),(381,481,3,'1976-08-14'),(382,482,1,'1996-01-24'),(383,483,6,'1992-04-13'),(384,484,1,'2006-04-04'),(385,485,9,'1977-05-05'),(386,486,1,'1982-02-18'),(387,487,9,'1978-09-27'),(388,488,10,'1976-07-22'),(389,489,6,'1981-06-27'),(390,490,2,'1986-03-22'),(391,491,4,'2008-07-02'),(392,492,8,'1980-07-21'),(393,493,6,'1994-09-26'),(394,494,10,'1979-10-24'),(395,495,10,'2008-10-08'),(396,496,3,'2008-08-13'),(397,497,10,'1975-12-19'),(398,498,5,'1986-03-05'),(399,499,10,'1975-01-10'),(400,500,5,'1990-12-20'),(401,501,8,'1998-01-02'),(402,502,6,'1971-02-27'),(403,503,8,'1999-03-16'),(404,504,10,'2005-12-10'),(405,505,6,'2001-05-13'),(406,506,3,'1994-05-05'),(407,507,10,'1999-07-14'),(408,508,1,'1988-07-03'),(409,509,10,'1971-04-25'),(410,510,9,'1981-09-24'),(411,511,8,'1998-03-09'),(412,512,9,'1987-04-04'),(413,513,3,'1976-12-04'),(414,514,5,'2004-09-01'),(415,515,9,'1974-04-21'),(416,516,8,'1994-01-23'),(417,517,10,'2000-02-11'),(418,518,5,'1981-09-06'),(419,519,7,'1993-08-21'),(420,520,2,'2006-07-20'),(421,521,4,'2002-07-09'),(422,522,6,'2015-10-26'),(423,523,10,'1987-12-18'),(424,524,3,'1984-10-27'),(425,525,3,'2001-01-26'),(426,526,10,'2015-11-08'),(427,527,3,'2011-08-21'),(428,528,8,'1990-04-27'),(429,529,6,'2011-11-14'),(430,530,6,'2011-10-12'),(431,531,3,'1977-08-15'),(432,532,4,'2007-11-16'),(433,533,3,'1979-06-04'),(434,534,1,'1996-06-14'),(435,535,9,'1985-04-10'),(436,536,4,'1990-09-23'),(437,537,1,'1999-08-15'),(438,538,7,'1977-09-22'),(439,539,2,'2007-11-26'),(440,540,7,'1999-11-26'),(441,541,3,'1999-09-02'),(442,542,2,'1974-10-19'),(443,543,1,'2006-07-20'),(444,544,10,'1994-01-08'),(445,545,6,'2002-08-05'),(446,546,5,'2007-12-19'),(447,547,10,'1994-06-27'),(448,548,7,'1989-07-07'),(449,549,8,'1994-03-24'),(450,550,7,'2000-05-04'),(451,551,6,'1983-07-27'),(452,552,4,'1980-08-04'),(453,553,1,'1997-11-22'),(454,554,5,'1987-08-03'),(455,555,4,'1977-12-10'),(456,556,5,'2003-09-25'),(457,557,3,'2008-02-14'),(458,558,9,'1988-12-17'),(459,559,5,'1976-01-19'),(460,560,6,'1994-02-07'),(461,561,10,'2012-08-04'),(462,562,5,'1998-08-26'),(463,563,9,'1982-11-27'),(464,564,6,'1995-03-01'),(465,565,7,'1995-06-03'),(466,566,8,'2002-01-24'),(467,567,1,'2002-05-17'),(468,568,3,'2008-04-07'),(469,569,2,'1975-05-13'),(470,570,8,'1986-07-19'),(471,571,1,'2001-09-20'),(472,572,2,'1989-11-27'),(473,573,6,'1993-06-23'),(474,574,1,'2001-12-05'),(475,575,10,'1995-06-03'),(476,576,8,'1972-02-23'),(477,577,5,'1999-01-16'),(478,578,2,'2001-09-05'),(479,579,7,'2008-12-02'),(480,580,7,'1995-05-16'),(481,581,2,'1994-05-17'),(482,582,3,'1983-06-10'),(483,583,1,'1975-12-09'),(484,584,1,'1997-10-01'),(485,585,8,'1972-08-26'),(486,586,7,'1975-01-09'),(487,587,3,'2000-01-23'),(488,588,1,'1981-06-10'),(489,589,3,'1993-04-15'),(490,590,6,'2009-03-08'),(491,591,8,'1980-03-21'),(492,592,2,'1982-07-21'),(493,593,8,'2005-10-01'),(494,594,6,'1979-01-19'),(495,595,1,'2000-09-13'),(496,596,9,'1988-03-05'),(497,597,1,'1985-09-21'),(498,598,5,'1988-10-09'),(499,599,4,'2004-08-12'),(500,600,7,'2004-01-23'),(501,601,8,'1985-06-16'),(502,602,1,'2006-01-27'),(503,603,1,'2009-03-18'),(504,604,3,'1988-06-26'),(505,605,10,'2008-05-12'),(506,606,8,'1991-11-20'),(507,607,4,'1979-06-02'),(508,608,9,'1998-05-02'),(509,609,6,'2001-11-09'),(510,610,7,'2009-05-12'),(511,611,3,'1994-03-07'),(512,612,2,'1984-01-23'),(513,613,1,'2006-08-20'),(514,614,3,'1992-10-18'),(515,615,9,'1997-12-18'),(516,616,4,'1979-02-27'),(517,617,5,'2004-11-05'),(518,618,10,'2001-03-27'),(519,619,5,'2000-09-12'),(520,620,2,'1983-07-26'),(521,621,8,'1999-04-13');
/*!40000 ALTER TABLE `Affectation` ENABLE KEYS */;
UNLOCK TABLES;

--
-- Table structure for table `AppartientRegiment`
--

DROP TABLE IF EXISTS `AppartientRegiment`;
/*!40101 SET @saved_cs_client     = @@character_set_client */;
/*!40101 SET character_set_client = utf8 */;
CREATE TABLE `AppartientRegiment` (
  `nb` int(11) NOT NULL AUTO_INCREMENT,
  `matricule` int(12) NOT NULL,
  `id` varchar(30) NOT NULL,
  `date_appartenance` date NOT NULL,
  PRIMARY KEY (`nb`),
  KEY `AppartientRegiment_ibfk_1` (`matricule`),
  KEY `AppartientRegiment_ibfk_2` (`id`),
  CONSTRAINT `AppartientRegiment_ibfk_1` FOREIGN KEY (`matricule`) REFERENCES `Militaires` (`matricule`) ON UPDATE CASCADE,
  CONSTRAINT `AppartientRegiment_ibfk_2` FOREIGN KEY (`id`) REFERENCES `Regiment` (`id`) ON UPDATE CASCADE
) ENGINE=InnoDB AUTO_INCREMENT=508 DEFAULT CHARSET=utf8;
/*!40101 SET character_set_client = @saved_cs_client */;

--
-- Dumping data for table `AppartientRegiment`
--

LOCK TABLES `AppartientRegiment` WRITE;
/*!40000 ALTER TABLE `AppartientRegiment` DISABLE KEYS */;
INSERT INTO `AppartientRegiment` VALUES (1,1,'Forces Armées','1997-05-14'),(2,2,'Forces Armées','2015-02-19'),(3,3,'Forces Armées','2000-08-10'),(4,4,'Forces Armées','2008-05-16'),(5,5,'Forces Armées','1980-03-12'),(6,6,'Forces Armées','1993-11-12'),(7,7,'Forces Armées','1979-12-18'),(8,8,'Forces Armées','1977-03-04'),(9,9,'Forces Armées','1981-06-01'),(10,10,'Forces Armées','2008-05-04'),(11,11,'Forces Armées','2005-06-18'),(12,12,'Forces Armées','1982-10-04'),(13,13,'Forces Armées','1997-06-20'),(14,14,'Forces Armées','2014-02-25'),(15,15,'Forces Armées','1976-02-23'),(16,16,'Forces Armées','1989-08-02'),(17,17,'Forces Armées','1990-11-03'),(18,18,'Forces Armées','1995-06-13'),(19,19,'Forces Armées','2000-08-06'),(20,20,'Forces Armées','1989-09-13'),(21,21,'Forces Armées','2009-09-22'),(22,22,'Forces Armées','1996-02-23'),(23,23,'Forces Armées','2004-09-18'),(24,24,'Forces Armées','1981-04-15'),(25,25,'Forces Armées','1990-11-15'),(26,26,'Forces Armées','1988-08-04'),(27,27,'Forces Armées','1974-02-15'),(28,28,'Forces Armées','2005-05-03'),(29,29,'Forces Armées','2004-02-07'),(30,30,'Forces Armées','1983-11-18'),(31,31,'Forces Armées','1979-03-05'),(32,32,'Forces Armées','1987-07-10'),(33,33,'Forces Armées','2003-04-26'),(34,34,'Forces Armées','2010-06-13'),(35,35,'Forces Armées','1977-10-01'),(36,36,'Forces Armées','1983-04-04'),(37,37,'Forces Armées','1976-12-25'),(38,38,'Forces Armées','1998-04-24'),(39,39,'Forces Armées','1999-05-12'),(40,40,'Forces Armées','2004-07-22'),(41,41,'Forces Armées','2005-07-20'),(42,42,'Forces Armées','2009-09-27'),(43,43,'Forces Armées','1977-03-13'),(44,44,'Forces Armées','1972-05-13'),(45,45,'Forces Armées','1987-04-11'),(46,46,'Forces Armées','2010-03-03'),(47,47,'Forces Armées','2008-08-02'),(48,48,'Forces Armées','2007-10-20'),(49,49,'Forces Armées','2010-01-03'),(50,50,'Forces Armées','2009-08-24'),(51,51,'Forces Armées','1998-06-25'),(52,52,'Forces Armées','1980-10-22'),(53,53,'Forces Armées','2009-03-27'),(54,54,'Forces Armées','1990-12-15'),(55,55,'Forces Armées','1978-09-26'),(56,56,'Forces Armées','1991-02-20'),(57,57,'Forces Armées','2002-10-13'),(58,58,'Forces Armées','1982-03-03'),(59,59,'Forces Armées','1988-02-20'),(60,60,'Forces Armées','1984-01-23'),(61,61,'Forces Armées','1982-06-21'),(62,62,'Forces Armées','2000-01-07'),(63,63,'Forces Armées','2007-07-24'),(64,64,'Forces Armées','1980-01-09'),(65,65,'Forces Armées','1998-11-18'),(66,66,'Forces Armées','1978-11-22'),(67,67,'Forces Armées','2005-06-07'),(68,68,'Forces Armées','1986-04-20'),(69,69,'Forces Armées','1974-12-20'),(70,70,'Forces Armées','2004-09-01'),(71,71,'Forces Armées','1985-05-01'),(72,72,'Forces Armées','1992-09-09'),(73,73,'Forces Armées','2004-12-09'),(74,74,'Forces Armées','1985-10-06'),(75,75,'Forces Armées','2000-05-02'),(76,76,'Forces Armées','2012-08-09'),(77,77,'Forces Armées','1984-03-06'),(78,78,'Forces Armées','1990-11-24'),(79,79,'Forces Armées','2007-04-23'),(80,80,'Forces Armées','1989-07-27'),(81,81,'Forces Armées','1993-08-02'),(82,82,'Forces Armées','2002-12-17'),(83,83,'Forces Armées','2012-08-10'),(84,84,'Forces Armées','1996-05-21'),(85,85,'Forces Armées','2002-10-11'),(86,86,'Forces Armées','1973-01-07'),(87,87,'Forces Armées','2015-05-27'),(88,88,'Forces Armées','1999-09-02'),(89,89,'Forces Armées','1974-08-20'),(90,90,'Forces Armées','1972-06-07'),(91,91,'Forces Armées','1977-09-24'),(92,92,'Forces Armées','2014-05-07'),(93,93,'Forces Armées','2008-10-27'),(94,94,'Forces Armées','1998-09-21'),(95,95,'Forces Armées','1993-05-03'),(96,96,'Forces Armées','1977-02-15'),(97,97,'Forces Armées','2000-09-13'),(98,98,'Forces Armées','2003-07-23'),(99,99,'Forces Armées','2003-10-25'),(100,100,'Forces Armées','2008-06-17'),(101,3,'Gendarmerie Nationale','2005-10-23'),(102,3,'Forces Armées','2008-05-02'),(103,1,'Gendarmerie Nationale','2000-10-25'),(104,214,'Ecole Militaire','2002-10-16'),(105,214,'Gendarmerie Nationale','2004-05-25'),(106,214,'Ecole Militaire','2003-01-22'),(107,214,'Forces Armées','2003-04-20'),(108,214,'Ecole Militaire','2006-01-12'),(109,224,'Forces Armées','2016-04-01'),(110,224,'Forces Armées','2016-04-15'),(111,227,'Ecole Militaire','2016-04-08'),(112,227,'Gendarmerie Nationale','2016-04-13'),(113,5,'Gendarmerie Nationale','2012-01-01'),(115,5,'Forces Armées','2013-01-01'),(116,5,'Gendarmerie Nationale','2014-01-01'),(117,5,'Forces Armées','2015-01-01'),(118,5,'Ecole Militaire','2016-01-01'),(122,238,'Forces Armées','1990-02-28'),(125,242,'Forces Armées','1987-05-05'),(126,242,'Forces Armées','1987-05-05'),(127,241,'Forces Armées','2003-04-01'),(128,242,'Forces Armées','1987-08-17'),(129,243,'Forces Armées','1989-02-13'),(130,244,'Forces Armées','1995-09-01'),(131,245,'Forces Armées','2005-05-25'),(132,246,'Forces Armées','1997-12-11'),(133,247,'Forces Armées','1998-10-15'),(134,248,'Forces Armées','2004-02-05'),(135,249,'Forces Armées','1978-06-17'),(136,250,'Forces Armées','1990-11-03'),(137,251,'Forces Armées','1982-09-04'),(138,252,'Forces Armées','1995-11-26'),(139,253,'Forces Armées','1982-06-01'),(140,254,'Forces Armées','1975-07-23'),(141,255,'Forces Armées','1976-06-16'),(142,256,'Forces Armées','2005-05-04'),(143,257,'Forces Armées','1999-01-19'),(144,258,'Forces Armées','1988-09-12'),(145,259,'Forces Armées','2002-06-02'),(146,260,'Forces Armées','1975-07-13'),(147,261,'Forces Armées','1976-05-04'),(148,262,'Forces Armées','1995-06-15'),(149,263,'Forces Armées','1976-09-24'),(150,264,'Forces Armées','1994-12-11'),(151,265,'Forces Armées','1981-11-05'),(152,266,'Forces Armées','1993-11-26'),(153,267,'Forces Armées','1997-04-16'),(154,268,'Forces Armées','2008-06-12'),(155,269,'Forces Armées','1975-05-19'),(156,270,'Forces Armées','1997-05-14'),(157,271,'Forces Armées','1982-04-19'),(158,272,'Forces Armées','2005-05-04'),(159,273,'Forces Armées','2001-06-09'),(160,274,'Forces Armées','2002-09-10'),(161,275,'Forces Armées','2013-07-25'),(162,276,'Forces Armées','2003-04-07'),(163,277,'Forces Armées','1982-09-24'),(164,278,'Forces Armées','1973-10-17'),(165,279,'Forces Armées','2010-06-13'),(166,280,'Forces Armées','2008-02-12'),(167,281,'Forces Armées','2008-09-11'),(168,282,'Forces Armées','1977-01-21'),(169,283,'Forces Armées','2005-05-02'),(170,284,'Forces Armées','2003-04-13'),(171,285,'Forces Armées','1998-05-22'),(172,286,'Forces Armées','1992-03-23'),(173,287,'Forces Armées','1987-09-08'),(174,288,'Forces Armées','2012-07-10'),(175,289,'Forces Armées','1976-04-24'),(176,290,'Forces Armées','2010-02-11'),(177,291,'Forces Armées','1985-12-06'),(178,292,'Forces Armées','2007-11-12'),(179,293,'Forces Armées','1998-11-14'),(180,294,'Forces Armées','1987-01-26'),(181,295,'Forces Armées','1998-04-12'),(182,296,'Forces Armées','1979-03-09'),(183,297,'Forces Armées','1987-01-11'),(184,298,'Forces Armées','1975-11-11'),(185,299,'Forces Armées','1983-05-24'),(186,300,'Forces Armées','2012-05-19'),(187,301,'Forces Armées','1977-09-16'),(188,302,'Forces Armées','1986-09-20'),(189,303,'Forces Armées','2001-08-16'),(190,304,'Forces Armées','2003-03-20'),(191,305,'Forces Armées','1996-08-27'),(192,306,'Forces Armées','1979-10-11'),(193,307,'Forces Armées','1986-03-14'),(194,308,'Forces Armées','2002-05-01'),(195,309,'Forces Armées','1989-01-15'),(196,310,'Forces Armées','1990-05-21'),(197,311,'Forces Armées','2002-08-10'),(198,312,'Forces Armées','1985-06-17'),(199,313,'Forces Armées','1976-12-12'),(200,314,'Forces Armées','1995-03-23'),(201,315,'Forces Armées','1993-07-22'),(202,316,'Forces Armées','1982-06-02'),(203,317,'Forces Armées','1985-09-19'),(204,318,'Forces Armées','1995-01-08'),(205,319,'Forces Armées','1974-05-19'),(206,320,'Forces Armées','2009-11-05'),(207,321,'Forces Armées','2011-10-16'),(208,322,'Forces Armées','2013-08-08'),(209,323,'Forces Armées','1999-03-21'),(210,324,'Forces Armées','2008-08-10'),(211,325,'Forces Armées','1981-12-07'),(212,326,'Forces Armées','1992-05-08'),(213,327,'Forces Armées','2006-10-07'),(214,328,'Forces Armées','1981-08-27'),(215,329,'Forces Armées','1979-12-16'),(216,330,'Forces Armées','2001-12-25'),(217,331,'Forces Armées','1975-12-19'),(218,332,'Forces Armées','2010-01-06'),(219,333,'Forces Armées','1995-08-19'),(220,334,'Forces Armées','1983-11-03'),(221,335,'Forces Armées','2003-08-09'),(222,336,'Forces Armées','1987-12-01'),(223,337,'Forces Armées','2004-05-01'),(224,338,'Forces Armées','2008-12-03'),(225,339,'Forces Armées','2007-02-22'),(226,340,'Forces Armées','2014-08-15'),(227,341,'Forces Armées','1999-04-15'),(228,342,'Forces Armées','2007-09-25'),(229,343,'Forces Armées','1986-11-26'),(230,344,'Forces Armées','1974-02-24'),(231,345,'Forces Armées','1979-09-01'),(232,346,'Forces Armées','2005-05-23'),(233,347,'Forces Armées','1997-09-22'),(234,348,'Forces Armées','1982-06-05'),(235,349,'Forces Armées','1986-08-13'),(236,350,'Forces Armées','2006-01-14'),(237,351,'Forces Armées','1981-09-20'),(238,352,'Forces Armées','1977-09-05'),(239,353,'Forces Armées','1978-02-09'),(240,354,'Forces Armées','1987-10-06'),(241,355,'Forces Armées','1995-06-22'),(242,356,'Forces Armées','1994-06-23'),(243,357,'Forces Armées','2001-08-09'),(244,358,'Forces Armées','1999-11-04'),(245,359,'Forces Armées','1981-03-24'),(246,360,'Forces Armées','1990-02-25'),(247,361,'Forces Armées','1974-10-13'),(248,362,'Forces Armées','1993-01-26'),(249,363,'Forces Armées','1974-03-18'),(250,364,'Forces Armées','1989-06-06'),(251,365,'Forces Armées','2008-12-04'),(252,366,'Forces Armées','1987-02-26'),(253,367,'Forces Armées','1980-04-23'),(254,368,'Forces Armées','1979-11-13'),(255,369,'Forces Armées','1986-03-21'),(256,370,'Forces Armées','1991-03-27'),(257,371,'Forces Armées','1994-04-19'),(258,372,'Forces Armées','1981-03-23'),(259,373,'Forces Armées','1998-03-09'),(260,374,'Forces Armées','2004-02-06'),(261,375,'Forces Armées','1999-02-18'),(262,376,'Forces Armées','1992-09-26'),(263,377,'Forces Armées','1989-01-06'),(264,378,'Forces Armées','2003-09-11'),(265,379,'Forces Armées','1981-10-18'),(266,380,'Forces Armées','1980-04-08'),(267,381,'Forces Armées','2012-11-18'),(268,382,'Forces Armées','2011-09-12'),(269,383,'Forces Armées','1996-06-23'),(270,384,'Forces Armées','2005-12-12'),(271,385,'Forces Armées','1975-09-24'),(272,386,'Forces Armées','1985-07-10'),(273,387,'Forces Armées','2000-01-05'),(274,388,'Forces Armées','2008-12-19'),(275,389,'Forces Armées','2002-05-03'),(276,390,'Forces Armées','1989-11-27'),(277,391,'Forces Armées','2004-10-22'),(278,392,'Forces Armées','2002-10-02'),(279,393,'Forces Armées','1990-12-01'),(280,394,'Forces Armées','1978-09-10'),(281,395,'Forces Armées','1996-01-26'),(282,396,'Forces Armées','1985-02-08'),(283,397,'Forces Armées','1989-12-15'),(284,398,'Forces Armées','1990-08-08'),(285,399,'Forces Armées','1982-06-24'),(286,400,'Forces Armées','1978-09-21'),(287,401,'Forces Armées','1972-06-11'),(288,402,'Forces Armées','2002-03-17'),(289,403,'Forces Armées','1989-04-26'),(290,404,'Forces Armées','1982-02-11'),(291,405,'Forces Armées','1986-06-24'),(292,406,'Forces Armées','2001-11-22'),(293,407,'Forces Armées','1991-04-22'),(294,408,'Forces Armées','1969-10-15'),(295,409,'Forces Armées','1980-04-27'),(296,410,'Forces Armées','1992-11-03'),(297,411,'Forces Armées','2006-05-24'),(298,412,'Forces Armées','2000-10-15'),(299,413,'Forces Armées','2000-11-18'),(300,414,'Forces Armées','1991-04-14'),(301,415,'Forces Armées','2001-06-21'),(302,416,'Forces Armées','1983-09-27'),(303,417,'Forces Armées','2008-05-27'),(304,418,'Forces Armées','2002-11-13'),(305,419,'Forces Armées','2000-01-10'),(306,420,'Forces Armées','1994-09-11'),(307,421,'Forces Armées','2009-09-05'),(308,422,'Forces Armées','1976-05-15'),(309,423,'Forces Armées','1971-11-19'),(310,424,'Forces Armées','1979-01-19'),(311,425,'Forces Armées','2002-01-13'),(312,426,'Forces Armées','2009-12-26'),(313,427,'Forces Armées','1969-05-27'),(314,428,'Forces Armées','1995-07-09'),(315,429,'Forces Armées','1998-03-05'),(316,430,'Forces Armées','1997-09-03'),(317,431,'Forces Armées','1999-01-03'),(318,432,'Forces Armées','1982-02-08'),(319,433,'Forces Armées','1989-01-06'),(320,434,'Forces Armées','1981-11-25'),(321,435,'Forces Armées','2007-03-25'),(322,436,'Forces Armées','1987-06-07'),(323,437,'Forces Armées','2015-04-05'),(324,438,'Forces Armées','1985-05-08'),(325,439,'Forces Armées','1999-07-04'),(326,440,'Forces Armées','1987-06-12'),(327,441,'Forces Armées','2011-06-10'),(328,442,'Forces Armées','2000-10-16'),(329,443,'Forces Armées','2014-02-15'),(330,444,'Forces Armées','1974-08-01'),(331,445,'Forces Armées','1972-01-21'),(332,446,'Forces Armées','1997-09-23'),(333,447,'Forces Armées','1986-10-23'),(334,448,'Forces Armées','1991-04-14'),(335,449,'Forces Armées','2000-08-21'),(336,450,'Forces Armées','1983-01-10'),(337,451,'Forces Armées','2005-02-04'),(338,452,'Forces Armées','2002-05-15'),(339,453,'Forces Armées','2009-03-20'),(340,454,'Forces Armées','1986-02-11'),(341,455,'Forces Armées','2003-10-09'),(342,456,'Forces Armées','1991-02-18'),(343,457,'Forces Armées','1978-11-16'),(344,458,'Forces Armées','1993-12-21'),(345,459,'Forces Armées','1992-10-14'),(346,460,'Forces Armées','1984-06-21'),(347,461,'Forces Armées','1993-03-17'),(348,462,'Forces Armées','1974-12-14'),(349,463,'Forces Armées','2004-06-24'),(350,464,'Forces Armées','1988-09-05'),(351,465,'Forces Armées','1986-01-04'),(352,466,'Forces Armées','1969-10-01'),(353,467,'Forces Armées','2007-08-26'),(354,468,'Forces Armées','1978-10-01'),(355,469,'Forces Armées','1985-05-26'),(356,470,'Forces Armées','2008-10-03'),(357,471,'Forces Armées','1990-09-13'),(358,472,'Forces Armées','1990-01-06'),(359,473,'Forces Armées','1995-03-18'),(360,474,'Forces Armées','1991-12-13'),(361,475,'Forces Armées','1985-11-10'),(362,476,'Forces Armées','2010-02-21'),(363,477,'Forces Armées','1972-05-20'),(364,478,'Forces Armées','1977-02-21'),(365,479,'Forces Armées','2000-04-25'),(366,480,'Forces Armées','1979-04-09'),(367,481,'Forces Armées','1976-08-14'),(368,482,'Forces Armées','1996-01-24'),(369,483,'Forces Armées','1992-04-13'),(370,484,'Forces Armées','2006-04-04'),(371,485,'Forces Armées','1977-05-05'),(372,486,'Forces Armées','1982-02-18'),(373,487,'Forces Armées','1978-09-27'),(374,488,'Forces Armées','1976-07-22'),(375,489,'Forces Armées','1981-06-27'),(376,490,'Forces Armées','1986-03-22'),(377,491,'Forces Armées','2008-07-02'),(378,492,'Forces Armées','1980-07-21'),(379,493,'Forces Armées','1994-09-26'),(380,494,'Forces Armées','1979-10-24'),(381,495,'Forces Armées','2008-10-08'),(382,496,'Forces Armées','2008-08-13'),(383,497,'Forces Armées','1975-12-19'),(384,498,'Forces Armées','1986-03-05'),(385,499,'Forces Armées','1975-01-10'),(386,500,'Forces Armées','1990-12-20'),(387,501,'Forces Armées','1998-01-02'),(388,502,'Forces Armées','1971-02-27'),(389,503,'Forces Armées','1999-03-16'),(390,504,'Forces Armées','2005-12-10'),(391,505,'Forces Armées','2001-05-13'),(392,506,'Forces Armées','1994-05-05'),(393,507,'Forces Armées','1999-07-14'),(394,508,'Forces Armées','1988-07-03'),(395,509,'Forces Armées','1971-04-25'),(396,510,'Forces Armées','1981-09-24'),(397,511,'Forces Armées','1998-03-09'),(398,512,'Forces Armées','1987-04-04'),(399,513,'Forces Armées','1976-12-04'),(400,514,'Forces Armées','2004-09-01'),(401,515,'Forces Armées','1974-04-21'),(402,516,'Forces Armées','1994-01-23'),(403,517,'Forces Armées','2000-02-11'),(404,518,'Forces Armées','1981-09-06'),(405,519,'Forces Armées','1993-08-21'),(406,520,'Forces Armées','2006-07-20'),(407,521,'Forces Armées','2002-07-09'),(408,522,'Forces Armées','2015-10-26'),(409,523,'Forces Armées','1987-12-18'),(410,524,'Forces Armées','1984-10-27'),(411,525,'Forces Armées','2001-01-26'),(412,526,'Forces Armées','2015-11-08'),(413,527,'Forces Armées','2011-08-21'),(414,528,'Forces Armées','1990-04-27'),(415,529,'Forces Armées','2011-11-14'),(416,530,'Forces Armées','2011-10-12'),(417,531,'Forces Armées','1977-08-15'),(418,532,'Forces Armées','2007-11-16'),(419,533,'Forces Armées','1979-06-04'),(420,534,'Forces Armées','1996-06-14'),(421,535,'Forces Armées','1985-04-10'),(422,536,'Forces Armées','1990-09-23'),(423,537,'Forces Armées','1999-08-15'),(424,538,'Forces Armées','1977-09-22'),(425,539,'Forces Armées','2007-11-26'),(426,540,'Forces Armées','1999-11-26'),(427,541,'Forces Armées','1999-09-02'),(428,542,'Forces Armées','1974-10-19'),(429,543,'Forces Armées','2006-07-20'),(430,544,'Forces Armées','1994-01-08'),(431,545,'Forces Armées','2002-08-05'),(432,546,'Forces Armées','2007-12-19'),(433,547,'Forces Armées','1994-06-27'),(434,548,'Forces Armées','1989-07-07'),(435,549,'Forces Armées','1994-03-24'),(436,550,'Forces Armées','2000-05-04'),(437,551,'Forces Armées','1983-07-27'),(438,552,'Forces Armées','1980-08-04'),(439,553,'Forces Armées','1997-11-22'),(440,554,'Forces Armées','1987-08-03'),(441,555,'Forces Armées','1977-12-10'),(442,556,'Forces Armées','2003-09-25'),(443,557,'Forces Armées','2008-02-14'),(444,558,'Forces Armées','1988-12-17'),(445,559,'Forces Armées','1976-01-19'),(446,560,'Forces Armées','1994-02-07'),(447,561,'Forces Armées','2012-08-04'),(448,562,'Forces Armées','1998-08-26'),(449,563,'Forces Armées','1982-11-27'),(450,564,'Forces Armées','1995-03-01'),(451,565,'Forces Armées','1995-06-03'),(452,566,'Forces Armées','2002-01-24'),(453,567,'Forces Armées','2002-05-17'),(454,568,'Forces Armées','2008-04-07'),(455,569,'Forces Armées','1975-05-13'),(456,570,'Forces Armées','1986-07-19'),(457,571,'Forces Armées','2001-09-20'),(458,572,'Forces Armées','1989-11-27'),(459,573,'Forces Armées','1993-06-23'),(460,574,'Forces Armées','2001-12-05'),(461,575,'Forces Armées','1995-06-03'),(462,576,'Forces Armées','1972-02-23'),(463,577,'Forces Armées','1999-01-16'),(464,578,'Forces Armées','2001-09-05'),(465,579,'Forces Armées','2008-12-02'),(466,580,'Forces Armées','1995-05-16'),(467,581,'Forces Armées','1994-05-17'),(468,582,'Forces Armées','1983-06-10'),(469,583,'Forces Armées','1975-12-09'),(470,584,'Forces Armées','1997-10-01'),(471,585,'Forces Armées','1972-08-26'),(472,586,'Forces Armées','1975-01-09'),(473,587,'Forces Armées','2000-01-23'),(474,588,'Forces Armées','1981-06-10'),(475,589,'Forces Armées','1993-04-15'),(476,590,'Forces Armées','2009-03-08'),(477,591,'Forces Armées','1980-03-21'),(478,592,'Forces Armées','1982-07-21'),(479,593,'Forces Armées','2005-10-01'),(480,594,'Forces Armées','1979-01-19'),(481,595,'Forces Armées','2000-09-13'),(482,596,'Forces Armées','1988-03-05'),(483,597,'Forces Armées','1985-09-21'),(484,598,'Forces Armées','1988-10-09'),(485,599,'Forces Armées','2004-08-12'),(486,600,'Forces Armées','2004-01-23'),(487,601,'Forces Armées','1985-06-16'),(488,602,'Forces Armées','2006-01-27'),(489,603,'Forces Armées','2009-03-18'),(490,604,'Forces Armées','1988-06-26'),(491,605,'Forces Armées','2008-05-12'),(492,606,'Forces Armées','1991-11-20'),(493,607,'Forces Armées','1979-06-02'),(494,608,'Forces Armées','1998-05-02'),(495,609,'Forces Armées','2001-11-09'),(496,610,'Forces Armées','2009-05-12'),(497,611,'Forces Armées','1994-03-07'),(498,612,'Forces Armées','1984-01-23'),(499,613,'Forces Armées','2006-08-20'),(500,614,'Forces Armées','1992-10-18'),(501,615,'Forces Armées','1997-12-18'),(502,616,'Forces Armées','1979-02-27'),(503,617,'Forces Armées','2004-11-05'),(504,618,'Forces Armées','2001-03-27'),(505,619,'Forces Armées','2000-09-12'),(506,620,'Forces Armées','1983-07-26'),(507,621,'Forces Armées','1999-04-13');
/*!40000 ALTER TABLE `AppartientRegiment` ENABLE KEYS */;
UNLOCK TABLES;

--
-- Table structure for table `Archives`
--

DROP TABLE IF EXISTS `Archives`;
/*!40101 SET @saved_cs_client     = @@character_set_client */;
/*!40101 SET character_set_client = utf8 */;
CREATE TABLE `Archives` (
  `matricule` int(12) NOT NULL,
  `date_deces` date NOT NULL,
  `cause_deces` varchar(250) NOT NULL,
  PRIMARY KEY (`matricule`),
  CONSTRAINT `Archives_ibfk_1` FOREIGN KEY (`matricule`) REFERENCES `Militaires` (`matricule`) ON UPDATE CASCADE
) ENGINE=InnoDB DEFAULT CHARSET=utf8;
/*!40101 SET character_set_client = @saved_cs_client */;

--
-- Dumping data for table `Archives`
--

LOCK TABLES `Archives` WRITE;
/*!40000 ALTER TABLE `Archives` DISABLE KEYS */;
INSERT INTO `Archives` VALUES (225,'2016-04-02','mort au combat'),(226,'2016-04-01','mort de vieillesse'),(227,'2016-04-01','mort au combat'),(228,'2016-04-21','test'),(229,'2016-04-14','test'),(230,'2016-04-15','test'),(231,'2016-04-01','test effectué'),(236,'2016-05-05','test'),(237,'2016-05-05','test');
/*!40000 ALTER TABLE `Archives` ENABLE KEYS */;
UNLOCK TABLES;

--
-- Table structure for table `Casernes`
--

DROP TABLE IF EXISTS `Casernes`;
/*!40101 SET @saved_cs_client     = @@character_set_client */;
/*!40101 SET character_set_client = utf8 */;
CREATE TABLE `Casernes` (
  `id` int(12) NOT NULL AUTO_INCREMENT,
  `nom` varchar(50) NOT NULL,
  `adresse` varchar(150) NOT NULL,
  `tel_standard` varchar(20) NOT NULL,
  PRIMARY KEY (`id`)
) ENGINE=InnoDB AUTO_INCREMENT=28 DEFAULT CHARSET=utf8;
/*!40101 SET character_set_client = @saved_cs_client */;

--
-- Dumping data for table `Casernes`
--

LOCK TABLES `Casernes` WRITE;
/*!40000 ALTER TABLE `Casernes` DISABLE KEYS */;
INSERT INTO `Casernes` VALUES (1,'Jesse Q. Elliott','Ap #953-2717 Quam. Street','08 37 54 89 65'),(2,'Emi X. Orr','503-5721 Aenean Ave','09 85 36 00 75'),(3,'Tamekah N. Beard','P.O. Box 237, 1440 Luctus Av.','06 64 95 59 06'),(4,'Kasper W. Nixon','Ap #643-1516 Elit Ave','02 01 09 07 84'),(5,'Raya D. Rollins','Ap #751-7414 Egestas Ave','02 59 41 43 79'),(6,'Tiger A. Gallagher','P.O. Box 911, 7384 Ante Rd.','08 20 44 91 20'),(7,'Mollie Z. Luna','P.O. Box 961, 7806 Habitant Road','06 71 11 37 18'),(8,'Penelope H. Bray','P.O. Box 975, 6137 Molestie. Street','02 16 11 45 98'),(9,'Shellie H. Sutton','P.O. Box 322, 3580 Viverra. Rd.','03 66 32 51 94'),(10,'Guy R. Scott','Ap #296-4199 Vel Street','01 34 78 21 59');
/*!40000 ALTER TABLE `Casernes` ENABLE KEYS */;
UNLOCK TABLES;

--
-- Table structure for table `ConditionsPromotions`
--

DROP TABLE IF EXISTS `ConditionsPromotions`;
/*!40101 SET @saved_cs_client     = @@character_set_client */;
/*!40101 SET character_set_client = utf8 */;
CREATE TABLE `ConditionsPromotions` (
  `id` int(11) NOT NULL AUTO_INCREMENT,
  `idGrade` int(11) NOT NULL,
  `annees_service_FA` int(11) NOT NULL,
  `annees_service_GN` int(11) NOT NULL,
  `annees_service_SOE` int(11) NOT NULL,
  `annees_service_grade` int(11) NOT NULL,
  `diplome` varchar(15) DEFAULT NULL,
  `diplomeSup1` varchar(15) DEFAULT NULL,
  `diplomeSup2` varchar(15) DEFAULT NULL,
  PRIMARY KEY (`id`),
  KEY `idGrade` (`idGrade`),
  KEY `ConditionsPromotions_ibfk_2` (`diplome`),
  KEY `ConditionsPromotions_ibfk_3` (`diplomeSup1`),
  KEY `ConditionsPromotions_ibfk_4` (`diplomeSup2`),
  CONSTRAINT `ConditionsPromotions_ibfk_4` FOREIGN KEY (`diplomeSup2`) REFERENCES `Diplomes` (`acronyme`) ON DELETE NO ACTION ON UPDATE CASCADE,
  CONSTRAINT `ConditionsPromotions_ibfk_1` FOREIGN KEY (`idGrade`) REFERENCES `Grades` (`id`) ON UPDATE CASCADE,
  CONSTRAINT `ConditionsPromotions_ibfk_2` FOREIGN KEY (`diplome`) REFERENCES `Diplomes` (`acronyme`) ON DELETE NO ACTION ON UPDATE CASCADE,
  CONSTRAINT `ConditionsPromotions_ibfk_3` FOREIGN KEY (`diplomeSup1`) REFERENCES `Diplomes` (`acronyme`) ON DELETE NO ACTION ON UPDATE CASCADE
) ENGINE=InnoDB AUTO_INCREMENT=26 DEFAULT CHARSET=utf8;
/*!40101 SET character_set_client = @saved_cs_client */;

--
-- Dumping data for table `ConditionsPromotions`
--

LOCK TABLES `ConditionsPromotions` WRITE;
/*!40000 ALTER TABLE `ConditionsPromotions` DISABLE KEYS */;
INSERT INTO `ConditionsPromotions` VALUES (1,2,20,0,0,3,'DEMS',NULL,NULL),(2,3,17,0,0,4,'DEMS',NULL,NULL),(3,4,13,0,0,5,'CPOS','DEMS',NULL),(4,5,8,0,0,4,'DCS','CPOS','DEMS'),(5,6,0,0,0,2,'DCS',NULL,NULL),(6,6,0,0,0,3,'DCS',NULL,NULL),(7,7,0,0,11,1,'DQSG2',NULL,NULL),(8,7,15,14,0,1,'DQSG2',NULL,NULL),(9,8,0,0,10,2,'DQSG2',NULL,NULL),(10,8,14,0,0,3,'DQSG2',NULL,NULL),(11,8,0,13,0,3,'DQSG2',NULL,NULL),(12,9,0,0,8,3,'BT1',NULL,NULL),(13,9,11,0,0,4,'BT1',NULL,NULL),(14,9,0,10,0,4,'BT1',NULL,NULL),(15,10,0,0,5,3,'BE2',NULL,NULL),(16,10,7,0,0,3,'BE2',NULL,NULL),(17,10,0,5,0,4,'BE2',NULL,NULL),(18,11,4,0,0,2,'BS',NULL,NULL),(19,12,0,0,0,1,'CAT1',NULL,NULL),(20,13,0,0,0,1,'CAT1',NULL,NULL),(21,14,0,0,0,0,NULL,NULL,NULL);
/*!40000 ALTER TABLE `ConditionsPromotions` ENABLE KEYS */;
UNLOCK TABLES;

--
-- Table structure for table `ConditionsRetraites`
--

DROP TABLE IF EXISTS `ConditionsRetraites`;
/*!40101 SET @saved_cs_client     = @@character_set_client */;
/*!40101 SET character_set_client = utf8 */;
CREATE TABLE `ConditionsRetraites` (
  `id` int(11) NOT NULL AUTO_INCREMENT,
  `idGrade` int(11) NOT NULL,
  `service_effectif` int(11) NOT NULL,
  `age` int(11) NOT NULL,
  PRIMARY KEY (`id`),
  KEY `idGrade` (`idGrade`),
  CONSTRAINT `ConditionsRetraites_ibfk_1` FOREIGN KEY (`idGrade`) REFERENCES `Grades` (`id`) ON UPDATE CASCADE
) ENGINE=InnoDB AUTO_INCREMENT=27 DEFAULT CHARSET=utf8;
/*!40101 SET character_set_client = @saved_cs_client */;

--
-- Dumping data for table `ConditionsRetraites`
--

LOCK TABLES `ConditionsRetraites` WRITE;
/*!40000 ALTER TABLE `ConditionsRetraites` DISABLE KEYS */;
INSERT INTO `ConditionsRetraites` VALUES (1,1,65,47),(2,2,60,42),(3,3,60,42),(4,4,60,42),(5,5,55,37),(7,6,55,37),(8,7,55,37),(10,8,53,35),(13,9,53,35),(16,10,50,32),(19,11,50,32),(20,12,45,27),(21,13,45,27),(22,14,45,27);
/*!40000 ALTER TABLE `ConditionsRetraites` ENABLE KEYS */;
UNLOCK TABLES;

--
-- Table structure for table `DetientGrades`
--

DROP TABLE IF EXISTS `DetientGrades`;
/*!40101 SET @saved_cs_client     = @@character_set_client */;
/*!40101 SET character_set_client = utf8 */;
CREATE TABLE `DetientGrades` (
  `num` int(11) NOT NULL AUTO_INCREMENT,
  `matricule` int(12) NOT NULL,
  `id` int(11) NOT NULL,
  `date_promotion` date NOT NULL,
  PRIMARY KEY (`num`),
  KEY `DetientGrades_ibfk_1` (`matricule`),
  KEY `DetientGrades_ibfk_2` (`id`),
  CONSTRAINT `DetientGrades_ibfk_1` FOREIGN KEY (`matricule`) REFERENCES `Militaires` (`matricule`) ON UPDATE CASCADE,
  CONSTRAINT `DetientGrades_ibfk_2` FOREIGN KEY (`id`) REFERENCES `Grades` (`id`) ON UPDATE CASCADE
) ENGINE=InnoDB AUTO_INCREMENT=507 DEFAULT CHARSET=utf8;
/*!40101 SET character_set_client = @saved_cs_client */;

--
-- Dumping data for table `DetientGrades`
--

LOCK TABLES `DetientGrades` WRITE;
/*!40000 ALTER TABLE `DetientGrades` DISABLE KEYS */;
INSERT INTO `DetientGrades` VALUES (1,1,1,'1997-05-18'),(2,2,8,'2015-03-01'),(3,3,7,'2005-11-25'),(4,4,7,'2008-05-16'),(5,5,7,'1980-03-12'),(6,6,6,'1996-12-08'),(7,7,9,'1984-07-08'),(8,8,5,'2000-02-03'),(9,9,6,'2005-11-25'),(10,10,7,'2008-05-04'),(11,11,10,'2013-10-20'),(12,12,4,'2011-11-01'),(13,13,10,'1997-07-12'),(14,14,7,'2015-03-10'),(15,15,6,'1985-03-01'),(16,16,8,'2000-07-27'),(17,17,12,'1998-04-14'),(18,18,5,'2001-09-03'),(19,19,7,'2000-08-06'),(20,20,7,'1989-09-13'),(21,21,7,'2009-09-22'),(22,22,7,'1996-02-23'),(23,23,8,'2013-05-26'),(24,24,8,'2003-03-15'),(25,25,7,'1990-11-15'),(26,26,7,'1998-06-22'),(27,27,8,'1981-11-02'),(28,28,7,'2005-05-03'),(29,29,7,'2004-02-07'),(30,30,7,'1983-11-18'),(31,31,9,'1987-11-01'),(32,32,9,'2004-03-19'),(33,33,6,'2014-10-17'),(34,34,9,'2014-11-15'),(35,35,10,'2008-08-13'),(36,36,6,'1991-01-22'),(37,37,9,'2004-11-04'),(38,38,9,'2013-12-05'),(39,39,7,'1999-05-12'),(40,40,13,'2015-10-25'),(41,41,7,'2005-07-20'),(42,42,6,'2013-02-09'),(43,43,7,'1977-03-13'),(44,44,9,'1981-02-19'),(45,45,6,'2006-09-14'),(46,46,11,'2013-09-13'),(47,47,8,'2012-09-06'),(48,48,7,'2007-10-20'),(49,49,7,'2010-01-03'),(50,50,7,'2009-08-24'),(51,51,3,'2005-01-10'),(52,52,7,'1985-12-27'),(53,53,11,'2013-10-15'),(54,54,9,'2006-05-04'),(55,55,7,'2006-10-12'),(56,56,7,'1991-02-20'),(57,57,6,'2004-10-16'),(58,58,9,'1989-02-12'),(59,59,10,'2015-08-04'),(60,60,7,'1984-01-23'),(61,61,6,'1989-11-08'),(62,62,9,'2000-09-15'),(63,63,6,'2013-01-13'),(64,64,7,'1980-01-09'),(65,65,6,'1998-04-06'),(66,66,6,'2002-04-08'),(67,67,9,'2005-08-21'),(68,68,8,'1992-09-22'),(69,69,7,'1974-12-20'),(70,70,8,'2007-02-10'),(71,71,7,'1985-05-01'),(72,72,9,'2000-07-02'),(73,73,9,'2005-05-03'),(74,74,7,'2007-09-03'),(75,75,6,'2004-05-24'),(76,76,7,'2012-08-09'),(77,77,5,'2006-08-15'),(78,78,7,'1990-11-24'),(79,79,7,'2011-03-10'),(80,80,8,'2006-02-21'),(81,81,6,'1997-11-20'),(82,82,8,'2012-08-02'),(84,84,7,'2012-08-26'),(85,85,7,'2002-10-11'),(86,86,7,'1973-01-07'),(87,87,9,'2015-01-06'),(88,88,7,'1999-09-02'),(89,89,7,'1974-08-20'),(90,90,7,'1972-06-07'),(91,91,8,'2012-06-05'),(92,92,11,'2015-10-22'),(93,93,6,'2011-04-26'),(94,94,7,'1998-09-21'),(95,95,7,'1993-05-03'),(96,96,6,'1995-08-03'),(97,97,6,'2005-05-12'),(98,98,3,'2004-12-14'),(99,99,10,'2014-02-24'),(100,100,9,'2013-07-17'),(101,3,6,'2013-12-03'),(102,12,12,'2013-05-12'),(103,10,7,'2010-12-03'),(104,227,6,'2016-04-20'),(105,214,7,'2005-12-02'),(106,214,10,'2016-04-01'),(112,10,6,'2016-04-01'),(113,6,3,'2016-05-01'),(122,238,7,'2016-05-02'),(124,242,14,'2007-04-21'),(125,242,14,'2007-04-21'),(126,241,13,'2008-07-13'),(127,242,14,'1987-08-17'),(128,243,14,'1989-02-13'),(129,244,14,'1995-09-01'),(130,245,8,'2009-09-27'),(131,246,8,'2010-02-09'),(132,247,8,'2002-06-05'),(133,248,14,'2004-02-05'),(134,249,9,'1980-01-23'),(135,250,14,'1990-11-03'),(136,251,14,'1982-09-04'),(137,252,14,'1995-11-26'),(138,253,14,'1982-06-01'),(139,254,4,'2012-02-12'),(140,255,4,'2008-04-22'),(141,256,13,'2009-08-05'),(142,257,13,'2003-04-12'),(143,258,14,'1988-09-12'),(144,259,2,'2015-10-07'),(145,260,14,'1975-07-13'),(146,261,14,'1976-05-04'),(147,262,7,'2012-03-27'),(148,263,14,'1976-09-24'),(149,264,6,'2011-03-22'),(150,265,11,'1991-06-06'),(151,266,14,'1993-11-26'),(152,267,14,'1997-04-16'),(153,268,8,'2010-10-13'),(154,269,10,'1992-01-05'),(155,270,14,'1997-05-14'),(156,271,7,'1995-07-06'),(157,272,6,'2013-10-09'),(158,273,14,'2001-06-09'),(159,274,7,'2008-04-20'),(160,275,14,'2013-07-25'),(161,276,10,'2014-05-09'),(162,277,9,'2012-09-15'),(163,278,13,'2002-11-10'),(164,279,14,'2010-06-13'),(165,280,3,'2011-04-01'),(166,281,8,'2013-03-21'),(167,282,10,'1991-04-24'),(168,283,14,'2005-05-02'),(169,284,13,'2009-09-14'),(170,285,13,'2008-11-10'),(171,286,4,'1993-05-11'),(172,287,9,'1993-10-01'),(173,288,14,'2012-07-10'),(174,289,13,'2010-02-24'),(175,290,9,'2015-06-03'),(176,291,10,'2015-04-15'),(177,292,14,'2007-11-12'),(178,293,13,'2004-01-27'),(179,294,14,'1987-01-26'),(180,295,10,'2011-08-18'),(181,296,13,'1980-05-08'),(182,297,14,'1987-01-11'),(183,298,14,'1975-11-11'),(184,299,14,'1983-05-24'),(185,300,10,'2013-02-02'),(186,301,12,'1987-07-10'),(187,302,14,'1986-09-20'),(188,303,9,'2012-06-02'),(189,304,14,'2003-03-20'),(190,305,8,'2006-09-15'),(191,306,14,'1979-10-11'),(192,307,14,'1986-03-14'),(193,308,7,'2008-12-27'),(194,309,4,'1995-04-18'),(195,310,14,'1990-05-21'),(196,311,14,'2002-08-10'),(197,312,9,'2006-05-01'),(198,313,14,'1976-12-12'),(199,314,9,'2009-01-22'),(200,315,14,'1993-07-22'),(201,316,10,'2002-10-19'),(202,317,10,'2004-03-27'),(203,318,9,'1999-06-11'),(204,319,10,'1999-12-15'),(205,320,10,'2015-10-01'),(206,321,3,'2012-08-07'),(207,322,4,'2014-10-01'),(208,323,6,'2006-12-22'),(209,324,13,'2010-03-21'),(210,325,3,'2012-12-13'),(211,326,14,'1992-05-08'),(212,327,13,'2006-04-06'),(213,328,12,'1994-05-12'),(214,329,14,'1979-12-16'),(215,330,14,'2001-12-25'),(216,331,13,'1997-06-11'),(217,332,14,'2010-01-06'),(218,333,10,'2006-06-04'),(219,334,10,'2011-05-14'),(220,335,9,'2010-10-04'),(221,336,11,'2006-08-04'),(222,337,9,'2011-11-05'),(223,338,14,'2008-12-03'),(224,339,14,'2007-02-22'),(225,340,8,'2014-03-22'),(226,341,10,'2004-06-27'),(227,342,10,'2010-09-07'),(228,343,9,'2009-11-14'),(229,344,13,'2001-04-03'),(230,345,12,'2014-04-24'),(231,346,14,'2005-05-23'),(232,347,14,'1997-09-22'),(233,348,14,'1982-06-05'),(234,349,14,'1986-08-13'),(235,350,14,'2006-01-14'),(236,351,14,'1981-09-20'),(237,352,14,'1977-09-05'),(238,353,14,'1978-02-09'),(239,354,14,'1987-10-06'),(240,355,14,'1995-06-22'),(241,356,10,'2014-08-18'),(242,357,14,'2001-08-09'),(243,358,8,'2011-08-18'),(244,359,13,'2003-02-03'),(245,360,14,'1990-02-25'),(246,361,13,'1998-01-19'),(247,362,10,'1996-04-25'),(248,363,9,'1994-12-26'),(249,364,8,'1994-06-05'),(250,365,7,'2014-09-22'),(251,366,8,'2007-01-25'),(252,367,8,'1982-12-06'),(253,368,14,'1979-11-13'),(254,369,6,'1997-08-25'),(255,370,14,'1991-03-27'),(256,371,14,'1994-04-19'),(257,372,14,'1981-03-23'),(258,373,14,'1998-03-09'),(259,374,7,'2014-03-02'),(260,375,9,'1999-05-17'),(261,376,3,'1992-04-24'),(262,377,14,'1989-01-06'),(263,378,9,'2003-11-26'),(264,379,14,'1981-10-18'),(265,380,14,'1980-04-08'),(266,381,10,'2012-10-01'),(267,382,13,'2013-09-20'),(268,383,10,'2000-12-20'),(269,384,9,'2012-01-10'),(270,385,10,'1986-09-24'),(271,386,7,'1999-08-20'),(272,387,2,'2006-01-16'),(273,388,13,'2010-10-03'),(274,389,14,'2002-05-03'),(275,390,3,'1994-10-20'),(276,391,8,'2007-12-25'),(277,392,8,'2003-06-08'),(278,393,13,'1998-12-01'),(279,394,13,'1979-09-11'),(280,395,12,'2012-04-05'),(281,396,3,'1991-07-22'),(282,397,13,'2011-06-02'),(283,398,8,'2007-08-27'),(284,399,10,'2015-03-12'),(285,400,10,'2015-08-01'),(286,401,13,'1977-04-16'),(287,402,14,'2002-03-17'),(288,403,10,'1995-06-11'),(289,404,14,'1982-02-11'),(290,405,14,'1986-06-24'),(291,406,14,'2001-11-22'),(292,407,3,'2008-07-09'),(293,408,7,'1987-04-05'),(294,409,13,'1993-08-18'),(295,410,7,'2007-03-01'),(296,411,13,'2015-02-03'),(297,412,10,'2005-07-04'),(298,413,9,'2004-02-21'),(299,414,14,'1991-04-14'),(300,415,13,'2005-01-16'),(301,416,4,'2006-03-03'),(302,417,14,'2008-05-27'),(303,418,7,'2010-12-03'),(304,419,14,'2000-01-10'),(305,420,14,'1994-09-11'),(306,421,13,'2011-11-07'),(307,422,7,'1989-09-13'),(308,423,10,'1990-06-11'),(309,424,14,'1979-01-19'),(310,425,8,'2007-06-05'),(311,426,7,'2010-02-04'),(312,427,13,'1977-09-12'),(313,428,9,'1995-03-10'),(314,429,14,'1998-03-05'),(315,430,6,'2006-06-20'),(316,431,14,'1999-01-03'),(317,432,14,'1982-02-08'),(318,433,11,'1997-04-17'),(319,434,14,'1981-11-25'),(320,435,14,'2007-03-25'),(321,436,14,'1987-06-07'),(322,437,14,'2015-04-05'),(323,438,9,'2008-07-27'),(324,439,7,'2002-02-18'),(325,440,13,'2015-03-24'),(326,441,13,'2011-10-09'),(327,442,3,'2003-10-11'),(328,443,14,'2014-02-15'),(329,444,9,'1981-12-05'),(330,445,13,'2000-11-10'),(331,446,13,'2007-04-04'),(332,447,14,'1986-10-23'),(333,448,13,'1998-10-08'),(334,449,13,'2003-01-16'),(335,450,14,'1983-01-10'),(336,451,14,'2005-02-04'),(337,452,9,'2014-03-22'),(338,453,14,'2009-03-20'),(339,454,14,'1986-02-11'),(340,455,14,'2003-10-09'),(341,456,14,'1991-02-18'),(342,457,13,'2001-01-13'),(343,458,9,'2010-11-05'),(344,459,8,'2004-02-19'),(345,460,11,'2004-11-15'),(346,461,14,'1993-03-17'),(347,462,13,'2002-04-06'),(348,463,14,'2004-06-24'),(349,464,14,'1988-09-05'),(350,465,14,'1986-01-04'),(351,466,10,'1995-07-01'),(352,467,10,'2010-12-17'),(353,468,3,'1989-02-16'),(354,469,9,'2000-11-25'),(355,470,13,'2015-07-24'),(356,471,14,'1990-09-13'),(357,472,11,'2015-06-18'),(358,473,14,'1995-03-18'),(359,474,9,'2008-08-12'),(360,475,4,'2012-04-11'),(361,476,10,'2015-02-21'),(362,477,14,'1972-05-20'),(363,478,11,'2014-01-26'),(364,479,13,'2014-09-23'),(365,480,3,'2008-07-19'),(366,481,14,'1976-08-14'),(367,482,14,'1996-01-24'),(368,483,9,'1994-06-18'),(369,484,9,'2013-07-16'),(370,485,14,'1977-05-05'),(371,486,11,'2004-11-12'),(372,487,13,'2006-08-18'),(373,488,10,'1999-09-27'),(374,489,14,'1981-06-27'),(375,490,8,'2005-06-20'),(376,491,14,'2008-07-02'),(377,492,10,'1982-11-06'),(378,493,8,'1997-03-25'),(379,494,7,'2010-08-16'),(380,495,10,'2013-10-02'),(381,496,14,'2008-08-13'),(382,497,14,'1975-12-19'),(383,498,13,'2003-01-27'),(384,499,9,'2015-09-19'),(385,500,14,'1990-12-20'),(386,501,14,'1998-01-02'),(387,502,12,'1994-04-16'),(388,503,14,'1999-03-16'),(389,504,7,'2015-09-14'),(390,505,14,'2001-05-13'),(391,506,14,'1994-05-05'),(392,507,13,'2013-10-22'),(393,508,13,'1996-12-13'),(394,509,8,'2011-06-19'),(395,510,13,'2000-06-11'),(396,511,13,'2000-12-09'),(397,512,14,'1987-04-04'),(398,513,14,'1976-12-04'),(399,514,9,'2005-03-13'),(400,515,10,'2010-04-07'),(401,516,14,'1994-01-23'),(402,517,9,'2009-09-01'),(403,518,13,'2003-04-05'),(404,519,14,'1993-08-21'),(405,520,14,'2006-07-20'),(406,521,10,'2013-08-26'),(407,522,14,'2015-10-26'),(408,523,9,'2001-01-07'),(409,524,14,'1984-10-27'),(410,525,14,'2001-01-26'),(411,526,13,'2015-12-26'),(412,527,14,'2011-08-21'),(413,528,13,'2007-01-22'),(414,529,4,'2015-12-18'),(415,530,14,'2011-10-12'),(416,531,11,'2007-09-13'),(417,532,13,'2012-03-25'),(418,533,8,'1995-08-22'),(419,534,3,'2011-08-17'),(420,535,14,'1985-04-10'),(421,536,4,'2015-08-08'),(422,537,14,'1999-08-15'),(423,538,13,'1996-06-02'),(424,539,13,'2012-05-16'),(425,540,8,'2011-10-11'),(426,541,14,'1999-09-02'),(427,542,14,'1974-10-19'),(428,543,13,'2008-04-12'),(429,544,14,'1994-01-08'),(430,545,2,'2013-10-22'),(431,546,10,'2012-12-14'),(432,547,14,'1994-06-27'),(433,548,14,'1989-07-07'),(434,549,4,'2005-06-06'),(435,550,14,'2000-05-04'),(436,551,9,'2014-04-06'),(437,552,7,'1995-12-07'),(438,553,4,'2013-11-18'),(439,554,8,'1988-06-11'),(440,555,12,'1983-01-12'),(441,556,14,'2003-09-25'),(442,557,9,'2015-10-18'),(443,558,13,'1996-11-05'),(444,559,2,'2014-10-21'),(445,560,10,'1995-12-02'),(446,561,13,'2012-06-18'),(447,562,14,'1998-08-26'),(448,563,14,'1982-11-27'),(449,564,7,'2002-09-07'),(450,565,10,'2013-11-06'),(451,566,13,'2007-11-26'),(452,567,3,'2008-05-20'),(453,568,13,'2010-04-03'),(454,569,14,'1975-05-13'),(455,570,14,'1986-07-19'),(456,571,10,'2005-10-22'),(457,572,9,'2006-11-09'),(458,573,3,'2011-02-03'),(459,574,14,'2001-12-05'),(460,575,10,'2004-09-13'),(461,576,8,'1982-05-06'),(462,577,8,'2004-10-05'),(463,578,13,'2002-09-04'),(464,579,14,'2008-12-02'),(465,580,10,'2014-04-08'),(466,581,8,'2011-10-17'),(467,582,5,'1988-02-14'),(468,583,13,'2007-11-14'),(469,584,14,'1997-10-01'),(470,585,13,'1986-09-17'),(471,586,14,'1975-01-09'),(472,587,14,'2000-01-23'),(473,588,10,'1985-07-07'),(474,589,2,'2007-07-11'),(475,590,9,'2009-12-19'),(476,591,2,'2015-12-17'),(477,592,14,'1982-07-21'),(478,593,14,'2005-10-01'),(479,594,14,'1979-01-19'),(480,595,14,'2000-09-13'),(481,596,14,'1988-03-05'),(482,597,14,'1985-09-21'),(483,598,8,'1996-04-21'),(484,599,10,'2004-10-18'),(485,600,14,'2004-01-23'),(486,601,14,'1985-06-16'),(487,602,14,'2006-01-27'),(488,603,9,'2009-03-14'),(489,604,4,'1991-06-13'),(490,605,14,'2008-05-12'),(491,606,14,'1991-11-20'),(492,607,14,'1979-06-02'),(493,608,14,'1998-05-02'),(494,609,7,'2012-07-25'),(495,610,9,'2014-03-26'),(496,611,14,'1994-03-07'),(497,612,14,'1984-01-23'),(498,613,11,'2010-08-15'),(499,614,14,'1992-10-18'),(500,615,14,'1997-12-18'),(501,616,11,'1994-04-04'),(502,617,14,'2004-11-05'),(503,618,14,'2001-03-27'),(504,619,5,'2002-08-24'),(505,620,7,'2009-06-11'),(506,621,14,'1999-04-13');
/*!40000 ALTER TABLE `DetientGrades` ENABLE KEYS */;
UNLOCK TABLES;

--
-- Table structure for table `Diplomes`
--

DROP TABLE IF EXISTS `Diplomes`;
/*!40101 SET @saved_cs_client     = @@character_set_client */;
/*!40101 SET character_set_client = utf8 */;
CREATE TABLE `Diplomes` (
  `acronyme` varchar(15) NOT NULL,
  `intitule` varchar(150) NOT NULL,
  PRIMARY KEY (`acronyme`)
) ENGINE=InnoDB DEFAULT CHARSET=utf8;
/*!40101 SET character_set_client = @saved_cs_client */;

--
-- Dumping data for table `Diplomes`
--

LOCK TABLES `Diplomes` WRITE;
/*!40000 ALTER TABLE `Diplomes` DISABLE KEYS */;
INSERT INTO `Diplomes` VALUES ('BA1','Brevet d\'armes du 1er degré'),('BA2','Brevet d\'armes du 2nd degré'),('BAT','Brevet d\'aptitude technique'),('BCG','Brevet de chef de groupe'),('BE1','Brevet élémentaire du 1er degré'),('BE2','Brevet élémentaire du 2nd degré'),('BEAT','Brevet élémentaire d\'aptitude technique'),('BEE','Brevet élémentaire des équipages'),('BES','Brevet élémentaire de spécialité'),('BS','Brevet supérieur'),('BT1','Brevet technique numéro 1 (ABC, artillerie du génie)'),('BT2','Brevet technique numéro 2'),('CAT1','Certificat d\'aptitude technique numéro 1'),('CAT2','Certificat d\'aptitude technique numéro 2'),('CI','Certificat interarmes'),('CPOS','Certificat de perfectionnement des officiers subalternes'),('CTOEMS','Certificat technique d\'officier des écoles militaires des services'),('DA','Diplôme d\'application'),('DBSO','Diplôme de base de sous-officier'),('DC','Diplôme de commissariat'),('DCBA','Diplôme de commandant de bataillon'),('DCBCG','Diplôme du cours de brigade de capitaine de gendarmerie'),('DCBR','Diplôme de commandant de brigade'),('DCC','Diplôme du cours des capitaines'),('DCP','Diplôme de commissaire de police'),('DCR','Diplôme de commandant de régiment'),('DCS','Diplôme de chef de section'),('DD','Diplôme de doctorat de médecines, de pharmacie et de vétérinaire'),('DEM','Diplôme d\'état-major'),('DEMS','Diplôme d\'enseignement militaire supérieur'),('DI','Diplôme d\'ingénieur'),('DLSI','Diplôme licence en soins infirmiers'),('DM','Diplôme de magistrat'),('DOEA','Diplôme d\'officier d\'école d\'administration'),('DOG','Diplôme d\'officier de gendarmerie'),('DOPJ','Diplôme d\'officier de police judiciaire'),('DQSG1','Diplôme de qualification supérieur de gendarmerie numéro 1'),('DQSG2','Diplôme de qualification supérieur de gendarmerie numéro 2'),('DTEMA','Diplôme technique des écoles militaires et assimilés'),('DTS','Diplôme de techniciens supérieurs'),('DU3','Diplôme universitaire de 3ème cycle obtenus dans les écoles civiles');
/*!40000 ALTER TABLE `Diplomes` ENABLE KEYS */;
UNLOCK TABLES;

--
-- Table structure for table `DiplomesEquivalences`
--

DROP TABLE IF EXISTS `DiplomesEquivalences`;
/*!40101 SET @saved_cs_client     = @@character_set_client */;
/*!40101 SET character_set_client = utf8 */;
CREATE TABLE `DiplomesEquivalences` (
  `id` int(11) NOT NULL AUTO_INCREMENT,
  `diplome` varchar(15) NOT NULL,
  `diplomeEqui1` varchar(15) DEFAULT NULL,
  `diplomeEqui2` varchar(15) DEFAULT NULL,
  `diplomeEqui3` varchar(15) DEFAULT NULL,
  `diplomeEqui4` varchar(15) DEFAULT NULL,
  `diplomeEqui5` varchar(15) DEFAULT NULL,
  `diplomeEqui6` varchar(15) DEFAULT NULL,
  `diplomeEqui7` varchar(15) DEFAULT NULL,
  `diplomeEqui8` varchar(15) DEFAULT NULL,
  `diplomeEqui9` varchar(15) DEFAULT NULL,
  `diplomeEqui10` varchar(15) DEFAULT NULL,
  `diplomeEqui11` varchar(15) DEFAULT NULL,
  `diplomeEqui12` varchar(15) DEFAULT NULL,
  `diplomeEqui13` varchar(15) DEFAULT NULL,
  `diplomeEqui14` varchar(15) DEFAULT NULL,
  PRIMARY KEY (`id`),
  KEY `diplome` (`diplome`),
  KEY `diplomeEqui1` (`diplomeEqui1`),
  KEY `diplomeEqui2` (`diplomeEqui2`),
  KEY `diplomeEqui3` (`diplomeEqui3`),
  KEY `diplomeEqui4` (`diplomeEqui4`),
  KEY `diplomeEqui5` (`diplomeEqui5`),
  KEY `diplomeEqui6` (`diplomeEqui6`),
  KEY `diplomeEqui7` (`diplomeEqui7`),
  KEY `diplomeEqui8` (`diplomeEqui8`),
  KEY `diplomeEqui9` (`diplomeEqui9`),
  KEY `diplomeEqui10` (`diplomeEqui10`),
  KEY `diplomeEqui11` (`diplomeEqui11`),
  KEY `diplomeEqui12` (`diplomeEqui12`),
  KEY `diplomeEqui13` (`diplomeEqui13`),
  KEY `diplomeEqui14` (`diplomeEqui14`),
  CONSTRAINT `DiplomesEquivalences_ibfk_1` FOREIGN KEY (`diplome`) REFERENCES `Diplomes` (`acronyme`) ON UPDATE CASCADE,
  CONSTRAINT `DiplomesEquivalences_ibfk_10` FOREIGN KEY (`diplomeEqui9`) REFERENCES `Diplomes` (`acronyme`) ON UPDATE CASCADE,
  CONSTRAINT `DiplomesEquivalences_ibfk_11` FOREIGN KEY (`diplomeEqui10`) REFERENCES `Diplomes` (`acronyme`) ON UPDATE CASCADE,
  CONSTRAINT `DiplomesEquivalences_ibfk_12` FOREIGN KEY (`diplomeEqui11`) REFERENCES `Diplomes` (`acronyme`) ON UPDATE CASCADE,
  CONSTRAINT `DiplomesEquivalences_ibfk_13` FOREIGN KEY (`diplomeEqui12`) REFERENCES `Diplomes` (`acronyme`) ON UPDATE CASCADE,
  CONSTRAINT `DiplomesEquivalences_ibfk_14` FOREIGN KEY (`diplomeEqui13`) REFERENCES `Diplomes` (`acronyme`) ON UPDATE CASCADE,
  CONSTRAINT `DiplomesEquivalences_ibfk_15` FOREIGN KEY (`diplomeEqui14`) REFERENCES `Diplomes` (`acronyme`) ON UPDATE CASCADE,
  CONSTRAINT `DiplomesEquivalences_ibfk_2` FOREIGN KEY (`diplomeEqui1`) REFERENCES `Diplomes` (`acronyme`) ON UPDATE CASCADE,
  CONSTRAINT `DiplomesEquivalences_ibfk_3` FOREIGN KEY (`diplomeEqui2`) REFERENCES `Diplomes` (`acronyme`) ON UPDATE CASCADE,
  CONSTRAINT `DiplomesEquivalences_ibfk_4` FOREIGN KEY (`diplomeEqui3`) REFERENCES `Diplomes` (`acronyme`) ON UPDATE CASCADE,
  CONSTRAINT `DiplomesEquivalences_ibfk_5` FOREIGN KEY (`diplomeEqui4`) REFERENCES `Diplomes` (`acronyme`) ON UPDATE CASCADE,
  CONSTRAINT `DiplomesEquivalences_ibfk_6` FOREIGN KEY (`diplomeEqui5`) REFERENCES `Diplomes` (`acronyme`) ON UPDATE CASCADE,
  CONSTRAINT `DiplomesEquivalences_ibfk_7` FOREIGN KEY (`diplomeEqui6`) REFERENCES `Diplomes` (`acronyme`) ON UPDATE CASCADE,
  CONSTRAINT `DiplomesEquivalences_ibfk_8` FOREIGN KEY (`diplomeEqui7`) REFERENCES `Diplomes` (`acronyme`) ON UPDATE CASCADE,
  CONSTRAINT `DiplomesEquivalences_ibfk_9` FOREIGN KEY (`diplomeEqui8`) REFERENCES `Diplomes` (`acronyme`) ON UPDATE CASCADE
) ENGINE=InnoDB AUTO_INCREMENT=9 DEFAULT CHARSET=utf8;
/*!40101 SET character_set_client = @saved_cs_client */;

--
-- Dumping data for table `DiplomesEquivalences`
--

LOCK TABLES `DiplomesEquivalences` WRITE;
/*!40000 ALTER TABLE `DiplomesEquivalences` DISABLE KEYS */;
INSERT INTO `DiplomesEquivalences` VALUES (1,'DEMS','DEM','DI','DTEMA','DD','DM','DU3','DC','DOEA','DCC','DCP','DOPJ','DCR','DCBR','DCBA'),(2,'CPOS','DEMS','DTS','DOG','DCBCG','CTOEMS','DOEA','DLSI',NULL,NULL,NULL,NULL,NULL,NULL,NULL),(3,'DCS','CPOS','DQSG2','DA',NULL,NULL,NULL,NULL,NULL,NULL,NULL,NULL,NULL,NULL,NULL),(4,'DQSG2','BT1','BT2','BA2','BS',NULL,NULL,NULL,NULL,NULL,NULL,NULL,NULL,NULL,NULL),(5,'BT1','BE2','DQSG1','BAT','BA1',NULL,NULL,NULL,NULL,NULL,NULL,NULL,NULL,NULL,NULL),(6,'BE2','BES','DOPJ','DBSO','BCG','CI',NULL,NULL,NULL,NULL,NULL,NULL,NULL,NULL,NULL),(7,'BES','CAT2','BE2',NULL,NULL,NULL,NULL,NULL,NULL,NULL,NULL,NULL,NULL,NULL,NULL),(8,'CAT1','BE1','BEE',NULL,NULL,NULL,NULL,NULL,NULL,NULL,NULL,NULL,NULL,NULL,NULL);
/*!40000 ALTER TABLE `DiplomesEquivalences` ENABLE KEYS */;
UNLOCK TABLES;

--
-- Table structure for table `Droits`
--

DROP TABLE IF EXISTS `Droits`;
/*!40101 SET @saved_cs_client     = @@character_set_client */;
/*!40101 SET character_set_client = utf8 */;
CREATE TABLE `Droits` (
  `role` varchar(25) NOT NULL DEFAULT '',
  `noRights` tinyint(1) NOT NULL DEFAULT '0',
  `allRights` tinyint(1) NOT NULL DEFAULT '0',
  `seeOwnFolderModule` tinyint(1) NOT NULL DEFAULT '1',
  `editOwnFolderPersonalInformation` tinyint(1) NOT NULL DEFAULT '1',
  `listCreatedFolder` tinyint(1) NOT NULL DEFAULT '0',
  `listAllFolder` tinyint(1) NOT NULL DEFAULT '0',
  `seeCreatedFolder` tinyint(1) NOT NULL DEFAULT '0',
  `seeAllFolder` tinyint(1) NOT NULL DEFAULT '0',
  `createFolder` tinyint(1) NOT NULL DEFAULT '0',
  `addElementToAFolder` tinyint(1) NOT NULL DEFAULT '0',
  `addElementToAFolderCreated` tinyint(1) NOT NULL DEFAULT '0',
  `editInformationIfAuthor` tinyint(1) NOT NULL DEFAULT '0',
  `editInformation` tinyint(1) NOT NULL DEFAULT '0',
  `deleteInformation` tinyint(1) NOT NULL DEFAULT '0',
  `useFileToAddFolders` tinyint(1) NOT NULL DEFAULT '0',
  `listEligible` tinyint(1) NOT NULL DEFAULT '0',
  `editEligibleCondition` tinyint(1) NOT NULL DEFAULT '0',
  `addEligibleCondition` tinyint(1) NOT NULL DEFAULT '0',
  `suprEligibleCondition` tinyint(1) NOT NULL DEFAULT '0',
  `canRetireAFolder` tinyint(1) NOT NULL DEFAULT '0',
  `canArchiveAFolder` tinyint(1) DEFAULT '0',
  `editEligibleEmailContent` tinyint(1) NOT NULL DEFAULT '0',
  `uploadFileForMail` tinyint(1) NOT NULL DEFAULT '0',
  `changePieceJointeForEligibleMail` tinyint(1) NOT NULL DEFAULT '0',
  `seeAllFolderWithoutAccount` tinyint(1) NOT NULL DEFAULT '0',
  `seeAllAccount` tinyint(1) NOT NULL DEFAULT '0',
  `createAccount` tinyint(1) NOT NULL DEFAULT '0',
  `alterMdp` tinyint(1) NOT NULL DEFAULT '0',
  `alterAccountRight` tinyint(1) NOT NULL DEFAULT '0',
  `deleteAccount` tinyint(1) NOT NULL DEFAULT '0',
  `seeAllConstanteTable` tinyint(1) NOT NULL DEFAULT '0',
  `editInAConstanteTable` tinyint(1) NOT NULL DEFAULT '0',
  `deleteInAConstanteTable` tinyint(1) NOT NULL DEFAULT '0',
  PRIMARY KEY (`role`),
  UNIQUE KEY `role` (`role`)
) ENGINE=InnoDB DEFAULT CHARSET=utf8;
/*!40101 SET character_set_client = @saved_cs_client */;

--
-- Dumping data for table `Droits`
--

LOCK TABLES `Droits` WRITE;
/*!40000 ALTER TABLE `Droits` DISABLE KEYS */;
INSERT INTO `Droits` VALUES ('admin',1,0,1,1,1,1,0,1,1,1,0,0,1,1,1,1,1,1,1,1,1,1,1,1,1,1,1,1,1,1,1,1,1),('cadre',1,0,1,1,1,1,0,1,1,1,0,0,1,1,1,1,1,1,0,1,0,1,1,1,1,1,1,1,1,0,0,0,0),('secretaire',1,0,1,1,1,0,1,0,1,0,1,1,0,0,0,1,0,0,0,0,0,0,0,0,0,0,0,0,0,0,0,0,0),('superAdmin',0,1,0,0,0,0,0,0,0,0,0,0,0,0,0,0,0,0,0,0,0,0,0,0,0,0,0,0,0,0,0,0,0),('utilisateur',1,0,1,1,0,0,0,0,0,0,0,0,0,0,0,0,0,0,0,0,0,0,0,0,0,0,0,0,0,0,0,0,0);
/*!40000 ALTER TABLE `Droits` ENABLE KEYS */;
UNLOCK TABLES;

--
-- Table structure for table `Grades`
--

DROP TABLE IF EXISTS `Grades`;
/*!40101 SET @saved_cs_client     = @@character_set_client */;
/*!40101 SET character_set_client = utf8 */;
CREATE TABLE `Grades` (
  `id` int(11) NOT NULL AUTO_INCREMENT,
  `grade` varchar(150) NOT NULL,
  `hierarchie` int(11) NOT NULL,
  PRIMARY KEY (`id`)
) ENGINE=InnoDB AUTO_INCREMENT=44 DEFAULT CHARSET=utf8;
/*!40101 SET character_set_client = @saved_cs_client */;

--
-- Dumping data for table `Grades`
--

LOCK TABLES `Grades` WRITE;
/*!40000 ALTER TABLE `Grades` DISABLE KEYS */;
INSERT INTO `Grades` VALUES (1,'General d\'Armee ou Amiral',1),(2,'Colonel ou capitaine de vaisseau',2),(3,'Lieutenant-colonel ou capitaine de fregate',3),(4,'Commandant ou capitaine de corvette',4),(5,'Capitaine ou lieutenant de vaisseau',5),(6,'Lieutenant ou enseigne de vaisseau de 1er classe',6),(7,'Sous-Lieutenant ou enseigne de vaisseau de 2nd classe',7),(8,'Adjudant-chef ou maître principal',8),(9,'Adjudant ou premier maître',9),(10,'Sergent-chef, maître maréchal de logis chef',10),(11,'Sergent ou second maître',11),(12,'Caporal-chef ou quartier-maître 1er classe',12),(13,'Caporal ou quartier maître 2nd classe',13),(14,'Soldat, matelot',14);
/*!40000 ALTER TABLE `Grades` ENABLE KEYS */;
UNLOCK TABLES;

--
-- Table structure for table `Militaires`
--

DROP TABLE IF EXISTS `Militaires`;
/*!40101 SET @saved_cs_client     = @@character_set_client */;
/*!40101 SET character_set_client = utf8 */;
CREATE TABLE `Militaires` (
  `matricule` int(12) NOT NULL AUTO_INCREMENT,
  `nom` varchar(50) NOT NULL,
  `prenom` varchar(50) NOT NULL,
  `date_naissance` date NOT NULL,
  `genre` varchar(1) NOT NULL,
  `tel1` varchar(20) NOT NULL,
  `tel2` varchar(20) DEFAULT NULL,
  `email` varchar(50) NOT NULL,
  `adresse` varchar(250) NOT NULL,
  `date_recrutement` date NOT NULL,
  PRIMARY KEY (`matricule`)
) ENGINE=InnoDB AUTO_INCREMENT=623 DEFAULT CHARSET=utf8;
/*!40101 SET character_set_client = @saved_cs_client */;

--
-- Dumping data for table `Militaires`
--

LOCK TABLES `Militaires` WRITE;
/*!40000 ALTER TABLE `Militaires` DISABLE KEYS */;
INSERT INTO `Militaires` VALUES (1,'Wesley','Clara','1974-08-11','H','09 87 18 28 90','09 89 23 86 63','ut.cursus@velitQuisque.org','Ap #939-4538 Faucibus Avenue','1997-05-14'),(2,'Brooks','Cédric','1990-11-07','M','09 55 71 04 96','05 80 32 72 33','Quisque@dictumPhasellusin.com','356-541 Aliquam Avenue','2015-02-19'),(3,'Hammond','Lilou','1980-10-07','M','08 24 70 41 68','06 99 74 11 83','web-VWu10k@mail-tester.com','3325 Lorem St.','2000-08-10'),(4,'Harrell','Malo','1987-05-18','H','06 90 68 95 44','08 05 32 63 19','dignissim.pharetra.Nam@placeratorcilacus.net','Ap #712-2229 Sem Road','2008-05-16'),(5,'Trevino','Agathe','1960-04-17','M','07 80 70 07 32','01 20 24 54 38','plabadille@gmail.com','521 Integer St.','1980-03-12'),(6,'Webster','Baptiste','1973-05-05','M','05 06 53 59 30','08 46 48 31 05','dolor@Proinvelnisl.org','737-7873 Adipiscing Ave','1993-11-12'),(7,'Burt','Léonie','1960-06-02','M','07 60 01 42 79','05 73 16 38 47','amet.risus.Donec@neque.co.uk','P.O. Box 407, 2322 Suspendisse Street','1979-12-18'),(8,'Hanson','Colin','1956-03-19','M','08 47 27 73 54','08 70 01 81 89','metus@auctornonfeugiat.com','1660 Ac Road','1977-03-04'),(9,'Rojas','Margot','1958-11-20','M','07 70 79 05 96','08 60 22 41 38','euismod.enim.Etiam@suscipitestac.org','Ap #340-7427 Scelerisque Rd.','1981-06-01'),(10,'Dotson','Léon','1984-12-22','H','07 46 26 83 96','01 17 32 41 10','aliquam.eros.turpis@nonummyipsumnon.co.uk','778-4706 Quisque St.','2008-05-04'),(11,'Castaneda','Lucas','1986-08-04','M','08 78 47 26 40','08 20 17 53 83','contact@le-timsam.com','P.O. Box 539, 4077 Elit. Road','2005-06-18'),(12,'Salinas','Titouan','1957-09-13','M','09 36 03 65 35','06 01 15 24 62','Fusce.aliquet@ipsumdolorsit.ca','Ap #994-1257 Tincidunt St.','1982-10-04'),(13,'Dudley','Dimitri','1975-05-13','M','05 88 06 22 45','04 31 26 47 45','in.consectetuer.ipsum@atarcu.net','8154 Magna Ave','1997-06-20'),(14,'Thompson','Lamia','1989-06-25','M','09 92 89 00 80','03 23 83 54 39','arcu@vitaeorci.net','Ap #445-6312 Eget, Av.','2014-02-25'),(15,'Nicholson','Maïwenn','1953-02-18','M','01 48 20 33 78','06 97 80 36 12','et.malesuada.fames@ultricies.ca','5238 Nullam St.','1976-02-23'),(16,'Hensley','Alexis','1969-12-23','M','09 57 29 25 12','03 80 45 09 92','egestas.urna.justo@ligulaDonecluctus.net','P.O. Box 193, 6937 Et St.','1989-08-02'),(17,'Terry','Louise','1970-07-25','M','08 10 18 84 51','09 24 30 99 73','facilisi.Sed.neque@ametconsectetuer.org','P.O. Box 913, 7846 Morbi St.','1990-11-03'),(18,'Park','Bastien','1970-08-24','M','04 01 92 30 89','07 95 02 81 29','faucibus@lacuspedesagittis.ca','3385 Nonummy. Rd.','1995-06-13'),(19,'Fuentes','Luna','1975-10-16','M','03 63 76 43 71','07 10 15 40 55','justo.faucibus@MaurisnullaInteger.edu','P.O. Box 765, 6142 Interdum St.','2000-08-06'),(20,'Walter','Mathis','1965-09-02','M','09 91 92 82 70','01 87 02 52 23','tristique.ac.eleifend@diamlorem.net','Ap #352-4836 Orci. St.','1989-09-13'),(21,'Booker','Félix','1986-09-09','M','07 09 09 54 35','05 04 68 18 19','nibh.Aliquam.ornare@tempuseu.edu','359-9125 Dui. St.','2009-09-22'),(22,'Stephenson','Benjamin','1977-07-04','M','09 42 38 12 33','06 85 81 96 90','neque.Morbi@convallisligula.co.uk','Ap #612-2570 Lacus. Street','1996-02-23'),(23,'Serrano','Margaux','1980-08-18','M','03 08 23 34 75','02 28 69 02 19','enim.Etiam@ligula.com','P.O. Box 697, 6905 Ac Street','2004-09-18'),(24,'Johnston','Dorian','1961-07-16','M','02 48 58 98 07','04 84 73 12 07','ac@tempus.org','P.O. Box 235, 4476 Euismod Street','1981-04-15'),(25,'Fitzgerald','Hugo','1971-10-24','M','05 91 35 93 26','02 09 34 58 53','aliquam.eu.accumsan@euismodindolor.com','P.O. Box 747, 3327 Ullamcorper, Rd.','1990-11-15'),(26,'Trevino','Lola','1963-10-08','M','02 18 28 21 58','03 83 77 19 75','Proin.nisl@metusAliquamerat.com','629-6835 Lorem, Ave','1988-08-04'),(27,'Snow','Pauline','1952-08-18','M','02 96 31 33 12','06 82 91 29 52','sed.turpis.nec@eget.net','975-174 Erat Street','1974-02-15'),(28,'Strickland','Anna','1980-07-01','M','01 15 82 38 71','02 72 25 99 56','sem.magna@duiaugueeu.net','P.O. Box 280, 194 Maecenas Rd.','2005-05-03'),(29,'Pena','Simon','1985-12-15','M','03 57 30 64 05','07 96 74 98 23','odio.Nam.interdum@scelerisqueneque.co.uk','P.O. Box 609, 9705 Volutpat. Street','2004-02-07'),(30,'Guerrero','Erwan','1964-09-14','M','03 13 59 20 58','09 46 21 12 77','varius@diam.edu','410-6611 In Road','1983-11-18'),(31,'Massey','Amine','1956-03-08','M','02 53 71 42 56','02 96 11 87 91','nunc.ullamcorper@Aliquamvulputateullamcorper.net','P.O. Box 848, 5063 Auctor Avenue','1979-03-05'),(32,'Thomas','Renaud','1966-08-07','M','09 90 93 95 18','01 85 94 52 57','blandit@odioEtiamligula.edu','2956 Amet, Rd.','1987-07-10'),(33,'Cotton','Constant','1984-12-07','M','09 08 80 30 27','08 44 57 12 43','commodo@sagittisaugue.ca','5099 Tempor Av.','2003-04-26'),(34,'Baldwin','Maïlé','1986-09-19','M','06 74 50 20 44','03 39 13 25 10','at.sem.molestie@vestibulummassa.co.uk','Ap #713-7412 Sed Road','2010-06-13'),(35,'Massey','Maéva','1956-07-21','M','05 97 39 42 44','04 03 77 01 43','vitae.odio.sagittis@nostra.edu','P.O. Box 716, 9082 Egestas Rd.','1977-10-01'),(36,'Sellers','Amine','1959-06-03','M','09 17 51 90 75','03 18 54 72 79','volutpat@Duisrisus.com','P.O. Box 510, 5965 Dui Road','1983-04-04'),(37,'Wilder','Clément','1956-08-05','M','03 44 48 10 60','06 35 98 63 66','urna.Nullam@dolorsitamet.org','Ap #740-7745 Et Av.','1976-12-25'),(38,'Grant','Pierre','1975-08-08','M','09 38 71 01 84','01 20 64 82 34','ac.nulla@Aliquam.co.uk','399-6868 Orci. Avenue','1998-04-24'),(39,'Quinn','Nathan','1979-08-15','M','01 98 27 06 28','03 49 42 20 23','cursus.Integer.mollis@mipedenonummy.net','P.O. Box 390, 2119 Mi Av.','1999-05-12'),(40,'Alvarez','Théo','1983-12-20','M','07 84 19 36 84','09 99 22 02 01','ullamcorper.eu.euismod@DonecestNunc.com','7592 Ultricies Rd.','2004-07-22'),(41,'Franks','Titouan','1986-09-15','M','07 39 51 36 49','02 24 06 89 77','Aliquam.ultrices.iaculis@molestieorcitincidunt.net','451-5888 Sit Street','2005-07-20'),(42,'Rowland','Anaëlle','1985-05-10','M','09 44 83 76 34','03 21 23 38 68','pharetra.Quisque.ac@tellus.edu','Ap #763-9447 Et, Ave','2009-09-27'),(43,'Griffin','Mathieu','1952-06-14','M','06 85 24 89 93','04 26 85 27 54','tellus.eu@vel.co.uk','P.O. Box 455, 2931 Vulputate, Av.','1977-03-13'),(44,'Mccarthy','Amandine','1952-05-19','M','05 03 68 21 87','01 73 43 44 49','Phasellus.vitae@arcuCurabiturut.edu','671-7843 Duis Rd.','1972-05-13'),(45,'Dawson','Valentine','1967-06-24','M','01 77 36 78 15','06 02 08 32 56','erat.in.consectetuer@neccursusa.org','P.O. Box 307, 4004 Tortor, Street','1987-04-11'),(46,'Sparks','Davy','1990-08-24','M','05 14 05 89 75','05 91 73 90 47','eros.turpis.non@mauris.org','106-2313 Consectetuer Avenue','2010-03-03'),(47,'Ingram','Lutécia','1983-06-01','M','01 73 53 70 57','07 92 50 35 56','tempus.scelerisque.lorem@blanditcongueIn.com','893 Maecenas St.','2008-08-02'),(48,'Guy','Justine','1985-10-20','M','04 51 69 05 16','07 42 02 48 74','purus@interdumSedauctor.co.uk','Ap #732-5515 Tincidunt Avenue','2007-10-20'),(49,'Britt','Nolan','1985-10-20','M','01 35 87 41 38','01 83 13 92 76','at.nisi.Cum@CuraePhasellusornare.co.uk','Ap #142-1663 At, Road','2010-01-03'),(50,'Stafford','Adrien','1989-08-15','M','01 30 39 59 21','03 99 44 78 12','lobortis.ultrices.Vivamus@necluctusfelis.net','Ap #236-5682 Imperdiet Rd.','2009-08-24'),(51,'Mccarty','Erwan','1979-07-09','M','09 34 22 87 73','03 39 96 82 50','ornare.lectus@Vivamus.ca','979-4162 Feugiat. Rd.','1998-06-25'),(52,'Caldwell','Dylan','1961-05-07','M','05 01 56 13 13','09 41 81 38 03','cursus.et@Phasellus.com','399 Vestibulum Avenue','1980-10-22'),(53,'Mayo','Lutécia','1990-11-22','M','09 79 63 83 85','08 21 08 23 58','elit.dictum.eu@DonecestNunc.co.uk','672-7797 Convallis Street','2009-03-27'),(54,'Cash','Catherine','1970-07-22','M','09 53 83 30 98','03 23 46 03 79','ante.ipsum@malesuadafames.net','P.O. Box 697, 2986 Nec Av.','1990-12-15'),(55,'Cole','Clément','1954-04-16','M','03 74 97 74 34','02 21 61 34 01','quis.urna@odioEtiam.com','Ap #844-6503 Pretium Av.','1978-09-26'),(56,'Valdez','Tom','1970-05-18','M','07 63 29 74 56','09 20 46 30 75','ut.mi@venenatis.co.uk','911-9307 Consectetuer, Ave','1991-02-20'),(57,'Morin','Mathis','1980-06-12','M','05 31 42 54 26','08 21 70 47 01','urna.Vivamus.molestie@semper.edu','766-5145 Luctus Street','2002-10-13'),(58,'Cummings','Mathieu','1958-10-08','M','08 21 44 98 55','06 33 47 44 02','eu.dolor.egestas@PraesentluctusCurabitur.org','Ap #651-8530 Etiam Avenue','1982-03-03'),(59,'Strong','Capucine','1966-12-15','M','07 77 32 82 90','05 49 02 19 62','erat.eget.tincidunt@cubiliaCuraeDonec.net','368-5350 Mauris Avenue','1988-02-20'),(60,'Nielsen','Thomas','1961-08-20','M','06 13 39 96 68','04 15 70 39 84','diam.dictum@elementumsem.org','P.O. Box 254, 4841 Tortor, St.','1984-01-23'),(61,'Massey','Tom','1961-10-18','F','05 99 69 81 63','05 45 00 49 56','Cras.dictum.ultricies@afacilisis.edu','822-6003 Diam. St.','1982-06-21'),(62,'Diaz','Rosalie','1976-07-21','F','05 99 55 00 95','09 48 27 72 59','auctor.vitae@dapibus.co.uk','987-9574 Varius Av.','2000-01-07'),(63,'Burns','Syrine','1987-12-11','F','03 04 13 03 80','01 22 34 95 20','Duis@Sedid.co.uk','Ap #267-1663 Purus Rd.','2007-07-24'),(64,'Gould','Guillaume','1955-12-25','F','02 13 80 81 02','06 30 95 07 01','luctus.felis@metusVivamuseuismod.edu','481-3640 Ad St.','1980-01-09'),(65,'Faulkner','Alexandre','1976-03-25','F','01 24 01 36 52','09 66 89 17 39','odio.Phasellus.at@cursusin.com','326-8830 Integer Ave','1998-11-18'),(66,'Woodward','Noah','1953-09-26','F','04 80 05 65 64','07 28 78 37 68','ipsum@dapibusligulaAliquam.ca','Ap #876-5878 Curabitur Rd.','1978-11-22'),(67,'Cooke','Sara','1980-06-25','F','09 49 82 35 39','02 57 89 78 53','vulputate.ullamcorper@molestiepharetra.edu','Ap #998-1443 Nunc Rd.','2005-06-07'),(68,'Young','Marwane','1965-06-06','F','01 12 79 85 72','03 58 63 94 20','eu@non.org','P.O. Box 166, 7902 Sem Av.','1986-04-20'),(69,'Castaneda','Romane','1950-11-21','F','07 37 53 19 42','04 91 33 65 80','Donec.porttitor.tellus@Aenean.org','P.O. Box 428, 8753 Ornare, Avenue','1974-12-20'),(70,'Castillo','Inès','1985-10-09','F','02 49 19 39 76','02 83 24 55 01','Morbi.neque.tellus@duiCraspellentesque.ca','5231 Volutpat. Street','2004-09-01'),(71,'Jenkins','Syrine','1963-05-13','F','07 03 40 25 13','05 86 98 53 12','Mauris.vestibulum@Donecnonjusto.com','456-5584 Sapien, Street','1985-05-01'),(72,'Hutchinson','Jules','1969-11-20','F','02 78 90 66 12','03 85 45 70 27','lobortis@netuset.edu','P.O. Box 146, 2019 Pellentesque Rd.','1992-09-09'),(73,'Bullock','Léonie','1982-02-09','F','09 91 36 39 89','04 70 55 61 65','semper.dui@mollisDuis.com','853-4161 Tincidunt Rd.','2004-12-09'),(74,'Walker','Jérémy','1966-03-12','F','04 98 28 25 35','08 60 95 66 44','Nullam@sedduiFusce.org','156 Egestas St.','1985-10-06'),(75,'Steele','Jasmine','1981-09-04','F','04 12 14 89 29','02 62 05 05 29','per.inceptos@bibendumfermentummetus.co.uk','692-5862 Pellentesque. Rd.','2000-05-02'),(76,'Harper','Laura','1987-10-23','F','01 49 94 17 32','08 60 58 78 99','ullamcorper.Duis@Phasellusin.co.uk','Ap #565-2438 Neque. Avenue','2012-08-09'),(77,'Mccarthy','Angelina','1962-04-10','F','06 96 98 51 07','07 04 01 32 88','pellentesque@sociis.org','602 Non St.','1984-03-06'),(78,'Brewer','Antonin','1966-09-22','F','02 91 61 68 46','03 20 61 82 90','iaculis.odio@est.com','2000 Nulla. Rd.','1990-11-24'),(79,'Montgomery','Guillaume','1983-03-20','F','02 77 49 90 89','03 35 98 62 87','tortor.Integer.aliquam@Donecegestas.edu','Ap #947-4694 Sit Rd.','2007-04-23'),(80,'Simpson','Léane','1970-01-25','F','01 74 49 43 19','03 25 78 13 21','nibh@viverraMaecenasiaculis.co.uk','862-1774 Ante Road','1989-07-27'),(81,'Hodges','Samuel','1969-01-19','M','02 42 05 29 79','05 58 35 13 58','non.Meugiat.nec@Curabitursed.ca','P.O. Box 362, 4099 Adipiscing St.','1993-08-02'),(82,'Curtis','Clotilde','1980-05-08','M','01 94 32 00 84','02 85 73 24 09','Sed@adipiscingnonluctus.org','Ap #485-5775 Ullamcorper Street','2002-12-17'),(83,'Poole','Marwane','1990-06-08','M','03 66 41 15 40','07 61 54 58 76','urna.et@diamnuncullamcorper.net','6253 Dapibus Street','2012-08-10'),(84,'Sellers','Colin','1972-06-25','M','06 88 24 26 13','01 95 84 55 80','Vivamus@tellus.com','P.O. Box 677, 7278 Velit. St.','1996-05-21'),(85,'Russell','Guillemette','1979-02-05','M','07 66 15 11 10','09 43 87 67 95','Morbi.non@gravida.edu','609 Metus Rd.','2002-10-11'),(86,'Donovan','Simon','1953-02-14','M','04 79 30 29 51','04 84 48 99 86','commodo@temporestac.co.uk','9666 Magna. St.','1973-01-07'),(87,'Rice','Emma','1990-12-21','M','09 39 86 80 49','08 23 96 70 35','eget@semper.com','Ap #114-6602 Consectetuer Rd.','2015-05-27'),(88,'Mrancis','Inès','1974-09-13','M','05 52 72 65 98','08 49 76 54 99','imperdiet.non.vestibulum@molestietellus.net','Ap #602-7215 Tincidunt St.','1999-09-02'),(89,'Aguilar','Yasmine','1953-10-24','H','04 15 12 13 44','09 56 35 70 20','nisl.elementum@maurisid.ca','av. 10 purple house - alberta','1974-08-20'),(90,'Miles','Kylian','1952-06-07','M','06 65 20 81 16','07 86 63 83 30','at.velit@quispede.edu','Ap #810-3908 Sem Av.','1972-06-07'),(91,'Perry','Lilou','1954-07-21','F','08 91 78 93 92','06 71 68 17 96','nisi.Aenean@accumsaninterdumlibero.ca','118-3156 Massa. Ave','1977-09-24'),(92,'Burton','Léa','1989-09-08','F','05 25 79 79 33','04 77 78 50 49','Nunc.sollicitudin@hendreritneque.net','Ap #273-6918 Elit Ave','2014-05-07'),(93,'Gallagher','Léane','1984-08-07','F','06 54 23 83 05','08 49 54 64 51','sed@dignissim.org','P.O. Box 855, 9593 Rutrum Rd.','2008-10-27'),(94,'Beard','Malo','1978-12-26','F','01 74 20 70 47','04 34 38 77 70','a.ultricies@necenimNunc.org','6198 Est. Av.','1998-09-21'),(95,'Frye','Jeanne','1972-04-10','F','05 66 04 31 99','03 44 82 62 02','pellentesque@Seddictum.co.uk','Ap #111-5001 Duis Avenue','1993-05-03'),(96,'Noel','Corentin','1955-10-12','F','09 33 35 77 08','02 39 81 38 30','velit.Aliquam.nisl@ultrices.net','6766 Ut Av.','1977-02-15'),(97,'Pierce','Félix','1980-07-25','F','04 51 49 04 88','05 56 15 01 37','Curabitur.egestas.nunc@eterosProin.edu','P.O. Box 383, 4855 Dis Av.','2000-09-13'),(98,'Vasquez','Sara','1978-01-24','F','01 51 60 10 66','07 51 99 28 07','velit.justo@faucibus.edu','395-3849 Ullamcorper St.','2003-07-23'),(99,'Black','Lucas','1984-09-08','F','04 35 51 16 18','08 84 28 67 66','auctor.Mauris.vel@Integerin.com','8167 Mattis. Rd.','2003-10-25'),(100,'Nieves','Bastien','1984-09-15','F','05 70 81 79 89','08 31 82 67 46','augue.eu.tellus@eratVivamusnisi.org','5270 Cras Ave','2008-06-17'),(111,'Labadille','Pierre','1992-12-04','H','02 33 66 43 10','06 17 21 09 45','plabadille@gmail.com','rue de la pigacière caen','2016-03-01'),(214,'Phouthavy','Victoria','1994-07-14','F','02 31 88 99 11','06 32 58 96 32','truc@machin.com','rue des feuillantine, Paris','2002-10-16'),(224,'Testa','testeur','1992-04-12','H','02 33 66 43 11','06 17 21 09 45','truc@machin.com','pierreville','2016-04-01'),(225,'test','créeateur','1992-04-12','H','02 33 66 43 11','06 17 21 09 45','plabadille@gmail.com','pigacière','2016-04-01'),(226,'Secretaire','milita','1992-05-12','F','02 33 66 43 11','06 17 21 09 45','jpg@ll.fr','galere','2016-04-08'),(227,'test2 fonctionne !','secretaire','1992-02-28','F','02 33 66 43 11','06 17 21 09 45','paorjazf@fazf.com','caen','2016-04-08'),(228,'rgreg','gergre','1992-02-29','H','02 33 66 43 11','06 17 21 09 45','fazfza@afza.fr','faefeaf','2016-04-01'),(229,'efezfez','fzefez','1992-02-23','F','02 33 66 43 11','06 17 21 20 45','fezafea@fazfa.com','aef','2016-04-01'),(230,'jytjyt','jyjyt','1992-12-04','H','02 33 66 43 11','06 17 21 20 45','kuy@jy.fr','grge','2016-04-01'),(231,'test','log','1992-10-02','H','02 33 66 43 11','06 17 21 20 45','gzeg@gzgez.com','lt\'est','2016-04-01'),(232,'test1','retraite','1990-12-25','F','02 33 66 43 11','06 17 21 20 45','pilabadille@gmail.com','faf','2016-04-01'),(233,'test2','retraiter','1968-05-02','H','02 33 66 43 11','06 17 21 20 45','abc@def.gh','truc','2016-04-01'),(234,'test3','retraite','1930-12-22','H','02 33 66 43 11','06 17 21 20 45','abc@def.gh','test','2016-04-15'),(235,'test4','Retired log','1910-12-20','H','02 33 66 43 11','06 17 21 20 45','abc@def.gh','test','2016-04-01'),(236,'Archivage','test','1992-05-12','H','06 90 68 95 45','06 32 58 96 32','plabadille@gmail.com','928','2016-05-01'),(237,'Archivage 2','test','1930-05-01','H','06 90 68 95 45','02 33 66 43 11','plabadille@gmail.com','587515','2016-05-04'),(238,'Jen','Hubert','1960-12-05','F','06 17 21 09 45','02 33 66 43 11','truc@machin.com','paris','1980-12-03'),(239,'BugUsers','Bug','1950-12-02','H','06 90 68 95 45','02 33 66 43 11','truc@machin.com','caen','2016-05-05'),(240,'bugUsers','TestFinal','1980-12-02','H','06 90 68 95 45','02 33 66 43 11','machin@truc.com','caen','2016-05-05'),(241,'Grojean','Hubert','1981-07-23','H','02 33 66 43 11','','truc@grojean.com','16 bd Leroy - Caen','2003-04-01'),(242,'Mooney','Yuri','1963-03-11','M','09 89 93 66 13','02 04 46 65 41','lacus.vestibulum@estmaurisrhoncus.com','P.O. Box 299, 3612 Sollicitudin Avenue','1987-08-17'),(243,'Potts','Linus','1967-12-02','M','06 65 62 81 41','01 34 74 24 74','tempus.lorem@risus.co.uk','P.O. Box 326, 3629 In Street','1989-02-13'),(244,'Mathis','Keiko','1975-08-24','M','01 66 00 50 37','07 79 63 27 64','nonummy@Maecenas.co.uk','Ap #421-4304 Donec Av.','1995-09-01'),(245,'Moss','Shelley','1980-01-24','M','03 88 88 45 00','09 41 89 33 16','libero.Donec.consectetuer@Morbinonsapien.com','5192 Natoque Avenue','2005-05-25'),(246,'Glass','Barry','1975-08-03','M','07 82 23 64 44','01 09 34 54 82','fermentum.vel@orci.ca','912-1739 Ut Rd.','1997-12-11'),(247,'Petty','Naida','1976-10-24','M','03 01 93 92 80','09 83 26 97 24','augue.Sed@Sed.co.uk','Ap #385-5768 Est, Avenue','1998-10-15'),(248,'Haynes','Rhona','1982-04-01','M','05 49 17 42 88','02 12 58 02 64','tellus.id@justonecante.net','2237 Orci. Ave','2004-02-05'),(249,'Phelps','Kristen','1956-08-12','M','03 38 73 20 50','05 52 40 22 03','varius@dolor.edu','969-3142 Adipiscing. Rd.','1978-06-17'),(250,'Medina','Cassady','1967-10-18','M','05 98 00 81 01','01 60 72 36 42','felis@Fuscediam.edu','Ap #644-3255 Lacus. Av.','1990-11-03'),(251,'Neal','Buffy','1961-01-24','M','05 21 29 68 68','08 80 14 08 17','lectus.sit.amet@nonleoVivamus.com','5407 Dignissim St.','1982-09-04'),(252,'Kelly','Cedric','1970-08-01','M','06 28 07 16 01','06 86 38 22 92','in@ultriciesdignissimlacus.co.uk','5671 Phasellus Rd.','1995-11-26'),(253,'Reeves','Daniel','1957-03-07','M','05 34 92 65 19','05 94 31 25 45','arcu@tempordiam.co.uk','Ap #718-764 Dapibus Ave','1982-06-01'),(254,'Dixon','Imogene','1950-11-23','M','01 12 05 34 62','08 16 99 33 26','Nunc.laoreet.lectus@intempuseu.net','4464 Dapibus Ave','1975-07-23'),(255,'Shaw','Whoopi','1953-08-20','M','06 97 27 68 11','01 73 17 82 82','lorem.eu@Suspendisseseddolor.net','8271 Sociis Rd.','1976-06-16'),(256,'Raymond','Zelenia','1983-12-23','M','01 91 79 57 76','02 29 26 22 66','Vestibulum@duiFusce.ca','671-5612 Amet, Rd.','2005-05-04'),(257,'Velez','Dakota','1975-12-21','M','07 33 08 01 59','08 99 42 20 75','felis@justo.co.uk','Ap #689-270 Nascetur Rd.','1999-01-19'),(258,'Franklin','Ocean','1964-08-01','M','07 44 48 05 80','08 28 23 18 73','cubilia.Curae.Phasellus@odioEtiamligula.edu','P.O. Box 550, 2862 Molestie St.','1988-09-12'),(259,'Bray','Olga','1980-04-25','M','09 21 47 07 91','07 75 61 83 43','cursus@dolorFuscefeugiat.ca','P.O. Box 569, 4718 Consequat Rd.','2002-06-02'),(260,'Villarreal','Taylor','1955-04-23','M','08 25 77 52 82','09 42 57 83 05','Aliquam.ultrices@iaculis.ca','Ap #171-5417 Consequat Street','1975-07-13'),(261,'Vinson','Kyle','1952-09-10','M','04 90 96 79 82','06 54 75 22 53','augue.scelerisque@mattisCras.net','P.O. Box 647, 3130 In, Avenue','1976-05-04'),(262,'Richards','Kane','1976-05-12','M','09 40 86 72 93','07 04 22 45 18','id@magnaSedeu.com','P.O. Box 345, 141 Sem Rd.','1995-06-15'),(263,'Osborne','Noah','1955-01-08','M','07 11 06 59 98','01 22 38 32 65','Maecenas.iaculis@velitin.net','578-2605 Enim. Rd.','1976-09-24'),(264,'Harrington','Britanni','1975-04-06','M','01 55 02 55 05','04 37 18 12 81','non@gravidasagittis.com','P.O. Box 518, 7181 Pellentesque Road','1994-12-11'),(265,'Welch','Elaine','1958-10-24','M','02 49 09 38 00','06 95 24 87 53','nulla.vulputate.dui@non.co.uk','703-4231 Nunc St.','1981-11-05'),(266,'Leon','Malcolm','1972-03-23','M','07 57 61 39 06','05 51 88 16 87','sem@aenim.org','P.O. Box 700, 6401 Facilisis Road','1993-11-26'),(267,'Cole','Deacon','1975-09-12','M','08 84 11 75 08','01 80 34 25 05','suscipit@lacusCras.co.uk','Ap #654-7473 In, St.','1997-04-16'),(268,'Bridges','Carson','1984-04-13','M','05 29 16 78 56','09 47 16 54 77','risus.odio@velit.ca','377 Scelerisque Rd.','2008-06-12'),(269,'Kramer','Adria','1956-03-25','M','01 48 98 28 02','09 01 85 15 36','eu.sem.Pellentesque@anunc.com','196 Adipiscing Av.','1975-05-19'),(270,'Avila','Michelle','1977-03-05','M','03 53 22 20 95','01 44 50 21 29','vitae.semper.egestas@dignissimlacus.org','P.O. Box 340, 8574 Nulla. Road','1997-05-14'),(271,'Lowe','Graiden','1957-11-26','M','03 44 35 64 98','02 22 26 48 40','dui.in@purusin.ca','7846 Curabitur Road','1982-04-19'),(272,'Bryan','Daria','1985-02-08','M','06 45 53 59 16','05 23 75 34 17','in.dolor@odio.co.uk','478-7629 Ligula Street','2005-05-04'),(273,'Noble','Burton','1979-12-20','M','09 10 65 02 87','08 14 93 28 81','velit.Aliquam.nisl@erosNam.com','Ap #269-4895 Morbi Street','2001-06-09'),(274,'King','Ila','1980-11-27','M','01 17 38 59 78','09 73 33 37 86','placerat@ametdapibusid.ca','P.O. Box 996, 3979 Lorem Rd.','2002-09-10'),(275,'Salas','Phillip','1989-06-12','M','04 30 51 45 25','03 01 09 52 39','blandit@condimentum.ca','569 Elementum, Av.','2013-07-25'),(276,'Hatfield','Cole','1983-05-05','M','08 79 69 88 58','08 75 32 75 61','dictum@molestie.net','1060 Lectus Rd.','2003-04-07'),(277,'Velazquez','Reed','1960-12-01','M','05 85 10 71 48','09 16 26 44 41','at@sapiengravida.com','Ap #220-662 Non, Street','1982-09-24'),(278,'Bird','Jamalia','1952-12-08','M','06 86 92 86 78','06 28 88 12 73','iaculis@laoreetliberoet.com','446-3295 Ipsum Av.','1973-10-17'),(279,'Drake','Briar','1988-03-09','M','04 94 15 11 74','02 27 87 55 32','facilisis.Suspendisse@risusDonecnibh.net','299-9241 Molestie Rd.','2010-06-13'),(280,'Drake','Shana','1984-03-11','M','05 24 62 04 09','04 63 49 02 17','sapien@adipiscingelitCurabitur.org','7143 Eu Rd.','2008-02-12'),(281,'Ayala','Colleen','1983-07-22','M','06 77 52 22 17','08 11 39 55 91','Aliquam.erat@rutrumFusce.org','Ap #650-3815 Luctus St.','2008-09-11'),(282,'Knowles','Stacey','1953-01-16','M','06 48 50 19 60','04 37 41 32 34','elit@idante.edu','6432 Mauris Av.','1977-01-21'),(283,'Bradford','Hiram','1985-06-23','M','07 37 71 22 20','02 46 92 35 45','est.ac@pharetrased.org','9083 Scelerisque St.','2005-05-02'),(284,'Fuller','Jackson','1982-04-02','M','08 84 26 90 66','05 51 21 74 06','tincidunt.nunc@rhoncusDonecest.co.uk','402-5514 Egestas. Avenue','2003-04-13'),(285,'Sears','Marny','1979-03-17','M','03 47 76 36 01','02 52 10 63 46','erat@massalobortisultrices.co.uk','Ap #374-361 Varius Avenue','1998-05-22'),(286,'Richard','Kerry','1971-03-08','M','04 25 90 38 54','05 61 24 62 28','tincidunt@magna.net','110-1025 Porta Ave','1992-03-23'),(287,'Vinson','Daria','1965-03-17','M','03 32 13 45 77','03 25 42 76 03','adipiscing.elit.Curabitur@consectetuereuismodest.c','274-2459 Morbi Street','1987-09-08'),(288,'Flowers','Alisa','1989-11-16','M','03 73 64 96 39','01 93 58 89 16','in.consequat@elementum.ca','943-733 Ut, Road','2012-07-10'),(289,'Hendrix','Chiquita','1957-12-16','M','01 70 93 48 13','03 94 75 31 42','Nulla.tincidunt.neque@erosnon.ca','Ap #938-6123 Ac Avenue','1976-04-24'),(290,'Ramos','Alvin','1985-08-21','M','05 18 80 78 45','04 96 67 80 00','Integer.tincidunt.aliquam@velest.net','Ap #159-1335 Euismod Rd.','2010-02-11'),(291,'Sellers','Amber','1960-01-24','M','06 06 90 92 10','05 71 19 25 91','pede.Praesent@lobortis.com','946-4018 Sem, Road','1985-12-06'),(292,'Gilliam','Deanna','1988-12-26','M','09 44 06 51 68','04 18 47 32 82','natoque@Duis.com','P.O. Box 102, 9346 Mi Road','2007-11-12'),(293,'Buck','Kelsie','1979-03-16','M','08 76 58 17 82','03 33 91 86 68','Nulla.facilisi@semperrutrum.co.uk','P.O. Box 373, 940 Enim Rd.','1998-11-14'),(294,'Harmon','Carter','1963-02-23','M','08 37 35 64 63','09 89 19 22 89','non.nisi.Aenean@neccursusa.co.uk','899-8713 Magnis St.','1987-01-26'),(295,'Bowers','Fatima','1973-10-14','M','04 18 91 46 87','07 75 68 54 11','Praesent.eu@neque.ca','Ap #907-9935 Integer Rd.','1998-04-12'),(296,'Salas','Kiara','1958-03-11','M','05 74 57 24 34','07 21 94 08 44','sociis.natoque@malesuadafringilla.edu','6048 Ligula Ave','1979-03-09'),(297,'Tucker','Patrick','1966-03-10','M','06 46 68 59 83','01 72 50 39 09','lectus@sitametdiam.net','5444 Magna Road','1987-01-11'),(298,'Lindsay','Molly','1950-04-06','M','01 50 34 45 90','04 07 79 42 74','eu.arcu@magnaCrasconvallis.ca','P.O. Box 870, 8732 Scelerisque St.','1975-11-11'),(299,'Wells','Mona','1964-10-14','M','05 05 58 03 78','07 75 45 34 53','ultrices@sedsemegestas.net','610-2967 Nunc, St.','1983-05-24'),(300,'Mcintyre','Amy','1990-07-08','M','04 30 97 89 77','08 47 55 11 99','risus.Nulla@Namporttitorscelerisque.edu','937-5045 Lacus. Rd.','2012-05-19'),(301,'Vinson','Kyla','1957-07-27','M','07 99 38 01 56','08 74 81 02 39','suscipit.est@sit.ca','Ap #731-6808 Ipsum Av.','1977-09-16'),(302,'Moon','Carson','1964-10-19','M','02 81 37 19 62','03 98 41 37 22','sociis.natoque.penatibus@luctus.edu','Ap #316-1838 Justo St.','1986-09-20'),(303,'Chambers','Pandora','1977-02-25','M','05 47 01 44 92','07 97 23 48 93','Aliquam.adipiscing.lobortis@ante.co.uk','P.O. Box 792, 8114 Lacus. Rd.','2001-08-16'),(304,'Branch','Bryar','1981-10-27','M','06 59 79 09 10','09 81 34 12 47','libero.Integer@acarcu.edu','P.O. Box 196, 2566 Id, St.','2003-03-20'),(305,'Nolan','Xerxes','1977-11-05','M','09 55 43 45 53','03 27 42 17 87','gravida@Quisque.org','170-2808 Massa. Rd.','1996-08-27'),(306,'Wagner','Zelenia','1960-06-21','M','06 45 83 42 94','09 62 04 44 68','dapibus.ligula.Aliquam@Donecegestas.ca','P.O. Box 495, 3418 Est Rd.','1979-10-11'),(307,'Dale','Amber','1961-03-07','M','01 00 96 07 90','04 84 82 86 22','nisl@ornarelectus.com','Ap #108-9493 Porttitor Rd.','1986-03-14'),(308,'Bray','Reece','1979-06-14','M','07 97 61 50 99','01 78 64 35 56','Donec.consectetuer.mauris@semperpretiumneque.net','Ap #612-9229 Volutpat. St.','2002-05-01'),(309,'Brewer','Callum','1965-03-12','M','09 15 00 66 12','09 47 54 94 86','Vestibulum.accumsan@dictumaugue.org','4682 Nullam Av.','1989-01-15'),(310,'Johnston','Josephine','1968-08-17','M','01 22 08 91 83','08 03 82 89 10','Ut.nec@lobortisquispede.org','8703 Dui Street','1990-05-21'),(311,'Reid','Nathan','1979-01-10','M','04 81 54 45 83','06 04 06 46 79','sed@sodales.net','1942 Id Road','2002-08-10'),(312,'Dickerson','Cleo','1960-03-20','M','04 69 77 20 50','05 04 34 38 57','elit@estNunclaoreet.com','P.O. Box 634, 2859 A Road','1985-06-17'),(313,'Mays','April','1957-09-12','M','08 93 27 63 23','08 34 58 59 53','sit.amet.orci@senectus.com','Ap #680-2603 Erat Ave','1976-12-12'),(314,'Thompson','Harrison','1972-05-18','M','04 74 03 85 85','02 80 41 94 45','vulputate@ultricesposuere.org','P.O. Box 831, 7997 Vehicula. Rd.','1995-03-23'),(315,'Jimenez','Hamish','1969-02-13','M','03 50 34 12 27','09 14 87 98 53','diam@Vestibulum.ca','108 At St.','1993-07-22'),(316,'Bradshaw','Leah','1957-03-24','M','09 11 09 90 12','09 36 37 00 64','torquent@nascetur.com','P.O. Box 523, 9924 Erat Street','1982-06-02'),(317,'Fleming','Kylie','1965-09-15','M','03 03 25 40 34','03 81 10 53 00','lobortis.augue.scelerisque@posuereatvelit.org','Ap #341-331 Proin Ave','1985-09-19'),(318,'Hyde','Giselle','1973-10-01','M','01 92 58 66 03','06 65 18 04 91','malesuada@venenatis.net','P.O. Box 907, 1711 Mauris St.','1995-01-08'),(319,'Ferguson','Grady','1954-12-20','M','03 87 13 04 40','01 43 07 66 00','erat.vitae.risus@ridiculusmusDonec.org','Ap #748-9733 Nulla Avenue','1974-05-19'),(320,'Nicholson','Hyacinth','1988-05-27','M','07 97 06 92 77','03 35 59 85 86','nascetur@semelitpharetra.ca','5229 Hendrerit Rd.','2009-11-05'),(321,'Conner','Thane','1987-10-02','M','08 13 80 23 61','03 96 23 30 49','libero.Integer.in@velturpisAliquam.com','7629 Risus. Street','2011-10-16'),(322,'Rose','Lynn','1988-08-04','M','03 98 90 09 13','03 47 04 61 25','consectetuer@ultricesmaurisipsum.edu','680-2644 Nulla. Road','2013-08-08'),(323,'Alexander','Harriet','1978-10-27','M','09 93 64 53 58','08 78 29 40 66','neque@neceuismodin.org','P.O. Box 868, 9563 Posuere, Rd.','1999-03-21'),(324,'Robbins','Garth','1983-07-14','M','09 02 37 28 72','08 69 80 92 61','porttitor.tellus@Nunc.ca','P.O. Box 291, 4523 Lacinia St.','2008-08-10'),(325,'Ball','Imani','1962-08-13','M','05 75 51 55 46','07 44 51 84 59','et.eros.Proin@Aeneanegestas.ca','6168 Ultricies Rd.','1981-12-07'),(326,'Mcfadden','Bethany','1967-08-03','M','05 44 59 53 71','09 71 32 71 85','fermentum.risus.at@mollislectus.ca','155-9100 Augue Rd.','1992-05-08'),(327,'Finley','Cyrus','1987-04-27','M','01 07 49 72 50','02 88 48 22 65','nunc.sed@sollicitudin.ca','P.O. Box 747, 3464 Dolor Rd.','2006-10-07'),(328,'Cain','Xyla','1957-09-01','M','01 65 52 36 05','02 93 48 71 52','mus.Proin.vel@ante.org','755-9315 Rutrum Rd.','1981-08-27'),(329,'Justice','Demetrius','1959-11-15','M','05 73 04 49 40','04 01 49 72 96','erat.eget@Donecporttitortellus.ca','288-1891 Morbi Street','1979-12-16'),(330,'Oneal','Dante','1976-09-27','M','01 46 81 84 45','07 63 26 78 23','Proin.eget.odio@Proin.co.uk','P.O. Box 187, 231 A Avenue','2001-12-25'),(331,'Lucas','Chadwick','1951-06-20','M','04 88 05 05 69','09 16 32 80 80','scelerisque@eratsemper.ca','Ap #956-2149 Enim. Avenue','1975-12-19'),(332,'Bauer','Debra','1989-12-27','M','07 96 77 57 06','03 93 97 26 12','nisi.Aenean@consectetueradipiscing.ca','P.O. Box 126, 722 Aliquam Avenue','2010-01-06'),(333,'Galloway','Adria','1973-08-24','M','02 74 85 66 02','08 58 37 53 53','cursus.non.egestas@et.org','8361 Malesuada Road','1995-08-19'),(334,'Boyer','Irma','1959-11-22','M','01 54 26 86 46','07 91 92 12 15','gravida.sit.amet@temporloremeget.edu','7905 Molestie. Street','1983-11-03'),(335,'Jones','Jermaine','1978-05-10','M','01 59 72 56 94','09 97 57 93 11','adipiscing@Vivamus.org','2836 Risus Ave','2003-08-09'),(336,'Mcgowan','Talon','1967-03-03','M','09 80 32 85 49','05 75 70 51 07','orci.Phasellus.dapibus@amet.co.uk','Ap #403-7090 Fames Rd.','1987-12-01'),(337,'Mejia','Neve','1980-06-25','M','05 95 07 63 72','06 69 04 12 67','Phasellus.dolor@magna.ca','P.O. Box 174, 3082 Vel Avenue','2004-05-01'),(338,'Barr','Vera','1985-04-25','M','03 60 36 44 25','05 93 16 43 46','varius.Nam.porttitor@elitCurabitur.com','Ap #146-7134 Ut Ave','2008-12-03'),(339,'Norman','Bruno','1987-10-03','M','04 04 24 55 70','08 95 07 01 42','Quisque.imperdiet.erat@vitaemauris.org','P.O. Box 898, 5356 Nulla Road','2007-02-22'),(340,'Glenn','Burke','1990-05-12','M','08 50 99 43 72','04 03 64 41 98','in.aliquet.lobortis@ante.com','Ap #535-4144 Vitae Av.','2014-08-15'),(341,'Myers','Michael','1974-10-25','M','02 90 85 82 98','06 52 60 17 57','velit.eu@lectus.com','Ap #708-1465 Etiam St.','1999-04-15'),(342,'Glenn','Alexander','1986-03-27','M','09 22 70 76 49','01 39 13 68 81','in@pulvinararcu.co.uk','P.O. Box 339, 4137 Aliquam Street','2007-09-25'),(343,'Simmons','Callie','1965-06-02','M','09 55 46 21 08','06 05 86 94 49','congue@sapien.net','725-5117 Et Rd.','1986-11-26'),(344,'Anthony','Teegan','1955-05-05','M','09 24 34 94 22','01 65 40 09 27','elementum@anteblanditviverra.net','P.O. Box 800, 2656 Sem Road','1974-02-24'),(345,'Mendoza','Margaret','1954-01-06','M','08 70 58 41 45','02 79 87 91 80','ante@auctornunc.net','708-1925 Nunc Av.','1979-09-01'),(346,'Baird','MacKenzie','1985-09-06','M','07 39 11 99 08','01 22 81 48 69','in@Intinciduntcongue.co.uk','Ap #641-2474 Dictum. St.','2005-05-23'),(347,'Douglas','Lois','1973-10-26','M','09 48 57 26 57','01 61 80 43 58','id.mollis@atvelitCras.com','P.O. Box 992, 6721 Orci Rd.','1997-09-22'),(348,'Knapp','Cole','1958-01-26','M','08 21 14 58 05','01 96 14 65 84','Nullam@Aliquamadipiscinglobortis.net','577-4710 Nonummy St.','1982-06-05'),(349,'Shepard','Nicholas','1965-08-14','M','07 57 61 36 00','04 98 37 25 49','leo@Nam.edu','P.O. Box 271, 3261 Non Rd.','1986-08-13'),(350,'Mercado','Colt','1986-05-13','M','03 54 15 18 76','03 39 57 16 14','Pellentesque@egetdictum.ca','626-8861 A St.','2006-01-14'),(351,'Conway','Orlando','1962-10-22','M','07 68 93 02 09','02 27 70 58 96','dapibus@blanditviverra.com','P.O. Box 828, 4597 Ante. Street','1981-09-20'),(352,'Hodge','Gail','1957-01-22','M','07 54 33 40 06','07 20 46 23 02','lorem@libero.ca','Ap #327-3946 Nibh Street','1977-09-05'),(353,'Webb','Kuame','1955-10-15','M','07 13 67 14 48','05 74 22 24 64','Nulla.tincidunt.neque@adipiscingelit.com','870-9698 Non, Rd.','1978-02-09'),(354,'Mays','Rama','1965-03-18','M','03 45 07 48 04','07 92 23 87 50','dictum.magna@metus.net','Ap #109-7065 Mi St.','1987-10-06'),(355,'Bauer','Roanna','1975-04-27','M','02 25 32 15 93','09 67 43 04 90','vestibulum.massa@Crasvulputate.net','Ap #501-3926 Rutrum, Ave','1995-06-22'),(356,'Ferguson','Fritz','1970-11-23','M','07 73 34 09 87','06 98 09 62 89','et.magnis.dis@afeugiat.net','317-5883 Eleifend Street','1994-06-23'),(357,'England','Knox','1977-11-23','M','05 41 56 59 71','05 07 90 06 88','Suspendisse.non@senectus.co.uk','551-5392 Ipsum Road','2001-08-09'),(358,'Stephenson','Naida','1980-08-22','M','01 64 17 19 57','09 92 40 87 41','eu.eleifend.nec@pede.ca','Ap #712-7198 A Rd.','1999-11-04'),(359,'Casey','Daniel','1956-02-14','M','08 37 70 04 68','05 75 01 55 20','at.nisi@loremfringilla.ca','P.O. Box 399, 3761 Nam Av.','1981-03-24'),(360,'Salinas','Jerome','1970-12-23','M','02 17 73 30 40','05 09 11 85 19','Mauris.blandit.enim@ridiculusmus.net','P.O. Box 473, 2618 Lobortis Street','1990-02-25'),(361,'Henry','Jelani','1952-07-10','M','08 12 16 79 02','06 00 60 87 48','parturient.montes.nascetur@nisl.org','P.O. Box 746, 4917 Ante. Ave','1974-10-13'),(362,'Hinton','Hop','1969-10-16','M','03 98 43 25 06','08 94 97 77 24','lorem.vitae@bibendumfermentummetus.com','9382 Mattis Ave','1993-01-26'),(363,'Mooney','Maris','1951-05-07','M','04 10 13 96 46','07 55 63 29 91','semper@ametconsectetuer.net','Ap #439-216 Non Rd.','1974-03-18'),(364,'Campos','Nomlanga','1967-03-03','M','01 44 11 34 05','02 87 94 56 85','arcu.et.pede@Fusce.edu','901-8705 Ligula. Road','1989-06-06'),(365,'Brady','Brenna','1989-02-07','M','08 64 30 25 51','04 32 65 61 85','consequat.enim.diam@dolorelitpellentesque.co.uk','P.O. Box 175, 9043 Nullam Road','2008-12-04'),(366,'Callahan','Tyrone','1968-05-11','M','09 75 35 44 57','02 31 62 55 60','sit.amet.orci@gravida.edu','P.O. Box 129, 4262 Vitae Rd.','1987-02-26'),(367,'Hopper','Avye','1955-05-05','M','09 00 10 52 36','07 05 74 42 88','felis@pede.edu','P.O. Box 201, 873 Urna Rd.','1980-04-23'),(368,'Meyer','Sandra','1956-02-02','M','03 10 98 09 53','05 51 96 30 70','tincidunt@lobortis.co.uk','P.O. Box 296, 7571 Consequat Road','1979-11-13'),(369,'Garcia','Prescott','1963-02-25','M','02 12 51 05 34','08 88 26 30 80','arcu@Aliquamfringillacursus.org','3454 Pharetra St.','1986-03-21'),(370,'Cox','Clark','1966-07-16','M','02 36 21 02 04','03 77 23 22 04','Nullam.scelerisque@mienimcondimentum.com','Ap #805-9231 Lectus, Avenue','1991-03-27'),(371,'Kelly','Idola','1975-09-18','M','07 67 05 62 60','07 78 74 88 44','non.enim@Sednulla.ca','Ap #464-9632 Cubilia St.','1994-04-19'),(372,'Chang','Bernard','1958-10-21','M','05 24 60 05 56','08 84 41 16 51','Nullam@duinec.com','P.O. Box 756, 6050 Feugiat Street','1981-03-23'),(373,'Arnold','Kirby','1979-09-17','M','07 93 90 56 91','05 18 86 46 94','nibh@eget.net','833-4928 Nec St.','1998-03-09'),(374,'Daniels','Kendall','1984-09-24','M','02 23 89 43 90','04 20 12 20 75','purus.Duis.elementum@etcommodoat.ca','Ap #270-9900 Phasellus Street','2004-02-06'),(375,'Peterson','Kamal','1974-08-03','M','03 69 71 58 40','09 60 93 83 05','dignissim.tempor.arcu@vitaedolor.org','4652 Lorem, Rd.','1999-02-18'),(376,'Preston','Ivana','1972-12-13','M','04 35 33 22 22','02 83 09 57 88','Nulla@Nulla.co.uk','498-7804 Natoque Av.','1992-09-26'),(377,'Harris','Sebastian','1966-11-23','M','07 50 04 51 71','08 06 80 96 17','quis.pede@justoeuarcu.co.uk','611-840 Diam. Rd.','1989-01-06'),(378,'Dillon','Tobias','1978-10-10','M','02 50 41 82 97','03 19 58 46 73','sit.amet@Sed.org','780-4623 Nec, Av.','2003-09-11'),(379,'Fuentes','Kathleen','1958-07-09','M','07 67 61 37 95','03 53 42 07 92','nisl@sedhendrerit.co.uk','Ap #907-7173 Montes, St.','1981-10-18'),(380,'Deleon','Fulton','1961-09-15','M','04 67 64 26 24','05 36 04 95 33','Duis@erat.co.uk','4262 Nunc Rd.','1980-04-08'),(381,'Mullen','Silas','1987-10-24','M','05 07 20 18 76','01 11 43 98 60','luctus.aliquet@egetmassaSuspendisse.com','Ap #402-3616 Vivamus Road','2012-11-18'),(382,'Pitts','Jocelyn','1989-04-13','M','08 50 54 10 45','02 17 47 71 34','lectus.justo.eu@semmagnanec.ca','545 Quis St.','2011-09-12'),(383,'Cunningham','Quynn','1973-06-02','M','05 17 86 50 04','05 30 29 91 74','velit.Pellentesque@estvitae.co.uk','P.O. Box 116, 8931 Bibendum Av.','1996-06-23'),(384,'Nicholson','Cooper','1982-03-08','M','04 73 29 12 74','02 44 56 22 37','vulputate.nisi@id.edu','7983 Bibendum Rd.','2005-12-12'),(385,'Travis','Ferdinand','1953-12-18','M','05 91 56 53 36','09 94 19 27 94','nec.urna.et@MorbimetusVivamus.edu','P.O. Box 816, 9667 Nascetur Road','1975-09-24'),(386,'Raymond','Adara','1963-04-03','M','05 12 67 76 86','05 40 04 37 68','urna@purusactellus.edu','813-772 Cras Rd.','1985-07-10'),(387,'Herring','Uta','1979-02-14','M','03 21 46 63 75','03 43 60 49 20','nonummy.ac.feugiat@dolor.com','187-4021 Curabitur St.','2000-01-05'),(388,'Valdez','Clayton','1985-06-27','M','03 52 09 33 19','05 22 67 54 51','urna@ultrices.org','989-4992 Mi, Street','2008-12-19'),(389,'Trujillo','Serina','1981-01-21','M','05 61 26 27 58','04 96 73 22 88','ante.ipsum.primis@amet.edu','Ap #517-8694 Duis Rd.','2002-05-03'),(390,'Mcpherson','Jordan','1968-03-22','M','05 88 83 69 17','06 93 78 91 77','massa.rutrum@afelisullamcorper.net','9635 Urna. Rd.','1989-11-27'),(391,'Tanner','Hiram','1981-08-15','M','03 33 83 38 89','06 56 55 86 02','sit.amet@fringillapurusmauris.org','4473 Mauris. Rd.','2004-10-22'),(392,'Roy','Patrick','1980-01-10','M','04 50 67 51 78','01 40 75 11 68','velit.Cras@risusNulla.com','P.O. Box 390, 2047 Et, St.','2002-10-02'),(393,'Maddox','Robert','1965-06-05','M','01 47 64 72 63','08 40 47 92 75','amet.luctus.vulputate@sedduiFusce.net','8246 Dictum Avenue','1990-12-01'),(394,'Garrett','Patience','1958-10-18','M','06 45 38 76 82','01 00 50 82 71','velit@Sed.co.uk','P.O. Box 656, 2043 Nunc St.','1978-09-10'),(395,'Glover','Sara','1971-10-06','M','05 24 22 70 18','04 60 04 01 67','molestie.sodales@risus.org','956-6308 Ipsum Road','1996-01-26'),(396,'Mccoy','Basia','1963-05-25','M','05 18 49 82 46','03 89 84 97 84','lacinia.Sed.congue@volutpatNulla.edu','3148 Purus, Avenue','1985-02-08'),(397,'Hinton','Idona','1970-02-15','M','05 02 94 27 44','09 16 99 80 59','ipsum@Crasvulputatevelit.ca','Ap #456-7037 Interdum. Avenue','1989-12-15'),(398,'Padilla','Teagan','1968-09-09','M','02 57 69 82 49','02 94 79 53 16','ornare.libero.at@eueuismod.edu','380 Magnis St.','1990-08-08'),(399,'England','Barrett','1959-05-04','M','01 66 19 65 77','03 57 57 57 31','ut@massa.org','Ap #641-9374 Diam. Rd.','1982-06-24'),(400,'Mitchell','Harlan','1958-02-18','M','03 98 65 98 51','02 04 46 65 83','nunc@ProindolorNulla.com','1645 Tortor. Street','1978-09-21'),(401,'Juarez','Quemby','1951-01-22','M','02 30 10 33 17','02 00 90 11 99','Morbi@anteNuncmauris.org','Ap #154-3151 Dis Avenue','1972-06-11'),(402,'Rutledge','Tyrone','1980-12-15','M','03 33 18 82 51','05 71 63 58 26','faucibus.orci@amet.ca','689-6627 Eget Rd.','2002-03-17'),(403,'Shelton','Adrienne','1969-05-23','M','05 15 81 07 07','07 50 00 41 44','magna@facilisi.edu','2923 Sapien, Rd.','1989-04-26'),(404,'Blankenship','Abigail','1960-02-12','M','08 69 98 92 12','02 51 67 33 74','nec.malesuada@erosnonenim.ca','9936 Elit. Street','1982-02-11'),(405,'Sherman','Caryn','1962-11-02','M','01 24 88 78 75','06 61 85 80 71','justo.eu@cursus.co.uk','P.O. Box 219, 9323 Luctus Ave','1986-06-24'),(406,'Benjamin','Wyatt','1976-05-11','M','08 22 63 44 72','05 77 22 52 28','aliquet.metus@commodoauctorvelit.com','676-6053 Mauris Rd.','2001-11-22'),(407,'Graham','Stephanie','1967-07-18','M','09 53 82 70 36','05 65 48 05 12','dapibus.quam@quis.com','1950 Facilisis Av.','1991-04-22'),(408,'Duran','Shay','1950-05-21','M','03 12 60 73 46','05 25 78 29 83','risus@lobortisultrices.co.uk','248-3689 Cursus Rd.','1969-10-15'),(409,'Hancock','Reese','1959-12-07','M','04 98 56 54 60','02 39 17 90 57','Nulla.semper@libero.org','9798 Ligula. Rd.','1980-04-27'),(410,'Lewis','Devin','1969-05-13','M','05 24 60 12 25','04 82 81 03 92','metus@venenatislacus.org','P.O. Box 125, 2522 Erat Rd.','1992-11-03'),(411,'Sears','Yardley','1982-04-07','M','05 21 45 78 00','06 55 71 02 92','consequat.purus.Maecenas@ipsumleoelementum.net','937-1160 Amet, Street','2006-05-24'),(412,'Macdonald','Raven','1978-07-06','M','05 34 32 43 28','07 46 72 96 70','in.cursus@montesnascetur.co.uk','231-238 Euismod Rd.','2000-10-15'),(413,'Cash','Nero','1975-10-24','M','03 20 57 39 10','06 29 16 81 42','elit@Maecenaslibero.org','Ap #941-4626 Posuere Street','2000-11-18'),(414,'Mclean','Beatrice','1969-05-12','M','06 86 02 64 62','01 12 85 34 57','non@Morbi.com','8141 Commodo Street','1991-04-14'),(415,'Barrera','Alea','1981-02-19','M','03 63 22 34 00','09 25 63 94 87','in@velest.edu','899-8331 Nec Road','2001-06-21'),(416,'Fuentes','Candice','1964-03-18','M','06 55 64 30 97','04 77 26 71 50','Suspendisse.sed.dolor@Mauris.net','1609 Ultrices Road','1983-09-27'),(417,'Farley','Josiah','1985-03-18','M','06 49 04 25 57','08 23 55 14 94','elit.erat.vitae@quamafelis.com','1070 Ligula Rd.','2008-05-27'),(418,'Lindsay','Darrel','1981-08-13','M','05 99 83 70 21','04 39 73 50 37','odio.auctor.vitae@gravidamolestiearcu.net','203-9215 Sed St.','2002-11-13'),(419,'Jimenez','Indigo','1976-08-04','M','05 85 40 74 71','04 20 53 76 68','diam@molestiesodalesMauris.net','7346 Consequat St.','2000-01-10'),(420,'Lindsey','Tobias','1973-10-27','M','06 86 83 11 04','09 05 04 72 82','parturient.montes.nascetur@tellusNunclectus.org','Ap #290-9132 Egestas. Street','1994-09-11'),(421,'Wallace','Nathaniel','1988-03-24','M','07 96 88 19 87','07 09 59 54 29','a.nunc.In@Nuncsedorci.org','Ap #848-921 Nullam Street','2009-09-05'),(422,'Rowe','Veronica','1951-08-25','M','08 53 20 45 63','02 18 47 45 21','dui@arcu.co.uk','P.O. Box 464, 5031 Enim Rd.','1976-05-15'),(423,'Henson','Jasmine','1952-05-20','M','02 45 94 60 54','04 08 62 16 33','sed.consequat.auctor@Inat.co.uk','5680 Ligula. Avenue','1971-11-19'),(424,'Stanton','Valentine','1958-11-07','M','04 93 74 45 18','04 59 34 66 31','interdum.Curabitur.dictum@acfacilisisfacilisis.co.','4808 Interdum. Street','1979-01-19'),(425,'Stout','Mannix','1983-04-04','M','05 88 55 48 42','03 05 12 47 30','nonummy@faucibusleoin.net','P.O. Box 115, 2734 Nullam Rd.','2002-01-13'),(426,'Tanner','Shannon','1986-08-17','M','03 16 23 01 79','03 02 99 56 42','ornare.sagittis@nec.edu','P.O. Box 629, 7866 Vivamus Av.','2009-12-26'),(427,'Rivas','Arden','1950-02-05','M','01 68 50 43 61','09 78 25 66 35','Phasellus.fermentum.convallis@ornareliberoat.edu','P.O. Box 248, 452 Egestas Rd.','1969-05-27'),(428,'Mcbride','Madeline','1971-12-06','M','07 29 78 89 24','07 74 96 61 21','mi.lorem@Donectemporest.org','815-9922 Mus. Street','1995-07-09'),(429,'Cobb','Libby','1973-05-22','M','09 20 28 28 40','03 01 10 04 08','enim.consequat.purus@Donec.org','3209 Tempus St.','1998-03-05'),(430,'Faulkner','Alexis','1976-09-23','M','07 35 75 32 01','06 69 12 01 04','aliquet@lobortis.co.uk','194-3958 Eget Rd.','1997-09-03'),(431,'Kirby','Naida','1980-10-07','M','07 63 01 63 94','08 59 69 17 50','dictum@tempuslorem.edu','317-9134 Lorem, Road','1999-01-03'),(432,'Palmer','Haviva','1962-12-21','M','07 22 76 22 63','03 50 18 06 26','bibendum.ullamcorper@dignissimpharetraNam.ca','P.O. Box 648, 7309 Elit. Ave','1982-02-08'),(433,'Powers','Amanda','1967-10-25','M','08 37 37 29 04','05 56 00 72 59','id.risus.quis@convallis.co.uk','2519 Nec Rd.','1989-01-06'),(434,'Horn','Amethyst','1961-08-27','M','07 80 34 02 40','02 26 04 18 17','dis.parturient.montes@velvulputate.com','421-3241 Interdum Street','1981-11-25'),(435,'Gibbs','Ray','1985-08-25','M','05 55 86 48 67','02 65 45 27 16','ipsum.cursus.vestibulum@convallisdolorQuisque.edu','Ap #616-7248 Nisl. Av.','2007-03-25'),(436,'Klein','Brennan','1964-04-23','M','02 09 54 03 66','01 67 07 98 52','Nunc.sollicitudin@diam.com','Ap #705-3605 Nec Rd.','1987-06-07'),(437,'Camacho','Gillian','1990-10-23','M','08 99 07 15 29','04 50 00 21 52','rutrum@turpisNulla.edu','P.O. Box 891, 6468 Velit. Road','2015-04-05'),(438,'Gay','Forrest','1961-10-08','M','04 67 90 65 44','08 66 67 98 83','urna.et.arcu@necluctusfelis.edu','Ap #186-1167 Congue St.','1985-05-08'),(439,'Salas','Dana','1979-11-09','M','03 88 27 69 13','03 48 48 88 23','dolor.egestas.rhoncus@fringilla.co.uk','P.O. Box 255, 6986 Neque. Avenue','1999-07-04'),(440,'Richards','Isadora','1966-11-12','M','09 61 50 98 25','05 58 70 30 43','pellentesque.tellus@euligula.ca','Ap #768-8710 Mauris Road','1987-06-12'),(441,'Miranda','Ferdinand','1990-02-18','M','05 82 08 74 87','05 13 12 11 28','a@CrasinterdumNunc.net','176-9739 Luctus St.','2011-06-10'),(442,'Bradford','Samantha','1976-12-25','M','08 62 94 00 60','04 88 17 57 31','nunc.est@ProinultricesDuis.co.uk','650-3243 Bibendum Rd.','2000-10-16'),(443,'Schroeder','Zahir','1990-02-15','M','06 32 20 83 20','03 85 52 82 21','elementum.sem.vitae@natoque.com','4797 Tellus Rd.','2014-02-15'),(444,'Rogers','Hammett','1950-08-21','M','04 90 03 72 38','03 19 41 64 98','varius@atarcuVestibulum.org','Ap #858-7471 Hendrerit Street','1974-08-01'),(445,'Valenzuela','Eleanor','1953-05-08','M','01 87 89 97 12','09 01 58 07 77','dolor@imperdietullamcorperDuis.edu','521 Elit St.','1972-01-21'),(446,'Gill','Nelle','1978-07-16','M','08 34 85 91 70','04 42 56 50 83','faucibus.id.libero@dui.co.uk','P.O. Box 817, 5040 Duis St.','1997-09-23'),(447,'Maxwell','Audrey','1963-09-04','M','03 98 71 48 38','04 33 90 10 53','tortor.at.risus@odioAliquam.com','P.O. Box 752, 5609 Urna Rd.','1986-10-23'),(448,'Weiss','Tara','1969-12-07','M','08 00 15 06 35','08 41 64 34 47','est@accumsaninterdumlibero.com','3098 Senectus Ave','1991-04-14'),(449,'Barnes','Andrew','1977-07-08','M','04 27 07 04 89','03 80 12 33 88','lacus.Aliquam.rutrum@pulvinar.net','Ap #309-4496 Gravida Avenue','2000-08-21'),(450,'Mullins','Alden','1959-09-10','M','09 26 74 80 27','05 51 75 46 23','pellentesque.tellus@nibh.ca','P.O. Box 494, 9160 Tortor. St.','1983-01-10'),(451,'Ray','Skyler','1986-01-23','M','04 26 61 56 96','03 91 80 76 05','ut.sem@ipsumCurabitur.ca','949-4707 Eget Rd.','2005-02-04'),(452,'Wells','Astra','1980-05-25','M','05 37 00 99 95','04 89 03 72 93','mauris@ipsum.edu','2374 Libero. Avenue','2002-05-15'),(453,'Jimenez','Eden','1985-10-23','M','07 15 12 46 67','03 91 91 07 03','Duis@nuncsit.net','4191 Cursus Rd.','2009-03-20'),(454,'Parks','Audra','1964-09-20','M','07 88 72 72 86','04 27 92 91 04','luctus@cursusnon.ca','P.O. Box 919, 2427 Tellus. Rd.','1986-02-11'),(455,'Goff','Jordan','1983-05-26','M','01 49 02 68 88','06 65 76 07 88','dolor.elit.pellentesque@antelectusconvallis.ca','7802 Maecenas Road','2003-10-09'),(456,'Melton','Jarrod','1968-08-17','M','05 49 21 13 75','02 19 24 80 79','metus@fringillapurusmauris.ca','P.O. Box 660, 9903 Eros Rd.','1991-02-18'),(457,'Aguilar','Tiger','1957-04-18','M','04 61 40 03 74','07 24 33 47 62','lacus.Etiam.bibendum@orciDonec.edu','838-6469 Praesent St.','1978-11-16'),(458,'Brennan','Larissa','1974-08-20','M','04 85 72 42 77','01 05 53 53 17','netus.et@vitae.org','Ap #331-9818 Magna Avenue','1993-12-21'),(459,'Farrell','Hermione','1972-10-07','M','01 33 82 76 98','05 88 74 96 07','ultricies.ligula.Nullam@sollicitudin.co.uk','P.O. Box 821, 1380 Ligula. Ave','1992-10-14'),(460,'Baxter','Martha','1961-01-10','M','09 73 08 95 69','05 58 06 88 31','nunc@natoquepenatibus.net','P.O. Box 825, 3368 Suspendisse Street','1984-06-21'),(461,'Hester','Barry','1971-05-02','M','06 66 46 33 76','07 59 25 64 72','dictum@atiaculisquis.ca','174-471 Lobortis Av.','1993-03-17'),(462,'Foreman','Ali','1953-08-20','M','06 81 34 36 97','09 26 25 30 70','nisl.elementum@etultricesposuere.ca','Ap #208-4162 Semper St.','1974-12-14'),(463,'Dodson','Rhona','1984-03-16','M','08 66 04 56 82','02 48 83 67 43','dui.Cras.pellentesque@dictumplacerat.edu','930-9536 Risus. Ave','2004-06-24'),(464,'Barnett','Duncan','1967-01-22','M','01 43 22 33 15','09 31 18 24 01','malesuada.malesuada.Integer@eueratsemper.net','3864 Etiam Rd.','1988-09-05'),(465,'Wagner','Forrest','1961-09-16','M','02 94 69 13 79','08 69 66 67 20','tellus.Suspendisse@idenim.org','P.O. Box 314, 1362 Sem St.','1986-01-04'),(466,'Vazquez','Mariam','1950-11-20','M','07 24 60 87 85','03 83 68 25 95','eget.ipsum.Donec@auctorquistristique.co.uk','434-7110 In Road','1969-10-01'),(467,'Delgado','Olivia','1986-07-27','M','04 58 84 28 71','04 46 60 62 15','Etiam.ligula.tortor@insodaleselit.co.uk','458-7412 Nullam Rd.','2007-08-26'),(468,'Morse','Alexis','1957-05-07','M','06 73 39 19 42','04 24 91 67 00','molestie.dapibus@commodoat.ca','P.O. Box 109, 2021 Ultricies Av.','1978-10-01'),(469,'Gilliam','Bryar','1962-07-19','M','08 77 65 27 93','07 42 01 67 56','nec@blanditmattisCras.ca','P.O. Box 219, 8222 Semper St.','1985-05-26'),(470,'Nielsen','Camilla','1983-01-01','M','02 75 28 49 31','04 30 60 01 43','quam@ipsumprimisin.com','1191 Magnis Rd.','2008-10-03'),(471,'Huber','Candice','1965-06-09','M','09 65 69 19 17','03 00 97 79 79','est.Nunc@aclibero.org','Ap #303-9368 Vulputate, Road','1990-09-13'),(472,'Dyer','Lyle','1965-10-12','M','02 03 02 16 32','09 99 59 87 62','scelerisque@pedenonummyut.net','671-6896 Turpis Ave','1990-01-06'),(473,'Adkins','Sylvester','1973-05-24','M','06 14 91 08 49','09 29 60 32 98','dictum.sapien@enimcondimentum.co.uk','Ap #422-1598 Nec, Street','1995-03-18'),(474,'Cline','Haviva','1966-12-26','M','02 50 39 06 03','09 16 61 90 75','odio.auctor.vitae@iaculisquis.net','488 Dui. St.','1991-12-13'),(475,'Lancaster','Lara','1963-02-16','M','07 95 97 16 04','07 66 75 23 52','volutpat.ornare.facilisis@nequeMorbiquis.co.uk','5724 Dui. Avenue','1985-11-10'),(476,'Pena','Aphrodite','1988-07-06','M','03 12 73 24 31','07 54 45 79 13','amet.orci@mattisCras.co.uk','P.O. Box 852, 5169 Eu Street','2010-02-21'),(477,'Wolf','Paul','1950-05-12','M','08 49 23 33 38','01 81 23 50 15','tristique.pharetra@commodoauctor.edu','321-4323 Gravida Avenue','1972-05-20'),(478,'Holden','Tate','1958-10-13','M','06 40 75 55 51','08 51 66 13 18','euismod@felis.co.uk','4717 Ut, Ave','1977-02-21'),(479,'Mcdonald','Upton','1979-08-16','M','09 93 03 23 81','02 05 03 59 66','et.commodo.at@facilisismagna.edu','Ap #997-2961 Molestie Av.','2000-04-25'),(480,'Santos','Bradley','1956-12-17','M','08 43 76 13 51','08 72 91 63 89','mus@mollislectus.ca','344-5463 At, Street','1979-04-09'),(481,'Lott','Wyoming','1951-07-04','M','07 62 94 12 51','09 82 36 50 91','non@massaQuisqueporttitor.edu','492-150 Amet Avenue','1976-08-14'),(482,'Farrell','Chantale','1975-02-06','M','01 65 66 66 88','09 39 22 08 93','elit@Nunc.ca','Ap #699-4397 Suspendisse Street','1996-01-24'),(483,'Shields','Jarrod','1971-08-03','M','02 02 10 93 35','04 27 96 49 80','orci@convallisante.ca','P.O. Box 529, 4208 Phasellus St.','1992-04-13'),(484,'Atkinson','Delilah','1984-03-14','M','06 65 18 66 65','09 81 65 61 31','purus@atiaculisquis.edu','P.O. Box 634, 8891 Justo Street','2006-04-04'),(485,'Mathews','Brenna','1954-07-17','M','05 28 52 57 14','05 28 98 57 93','per.inceptos@neque.com','P.O. Box 163, 216 Aliquam Avenue','1977-05-05'),(486,'Richardson','Naida','1963-09-11','M','04 90 71 19 67','03 62 36 32 18','taciti.sociosqu@Duisdignissimtempor.co.uk','P.O. Box 699, 236 Ac Rd.','1982-02-18'),(487,'Emerson','Astra','1956-08-09','M','08 97 38 53 51','08 94 54 08 18','sed.facilisis@elit.ca','Ap #837-6923 Ultrices. St.','1978-09-27'),(488,'Alvarado','Ira','1954-08-06','M','01 89 14 05 78','08 13 64 14 06','amet.ornare@etnunc.net','697-9374 Nibh Ave','1976-07-22'),(489,'Bentley','Kaitlin','1962-09-21','M','07 17 57 50 88','09 46 91 84 54','ornare.elit@dui.org','P.O. Box 809, 8856 Nam Road','1981-06-27'),(490,'Vincent','Macey','1961-08-07','M','07 65 13 86 77','04 88 53 61 74','Quisque@netuset.edu','3667 Mollis Rd.','1986-03-22'),(491,'Stone','Ava','1984-01-01','M','04 56 03 44 27','03 55 21 28 34','nisi.Aenean.eget@laciniaSed.net','729-9075 Tempor Avenue','2008-07-02'),(492,'Shepard','Driscoll','1957-02-23','M','08 86 41 24 28','04 14 22 20 18','eget@luctus.edu','Ap #385-657 Sit Road','1980-07-21'),(493,'French','Edan','1970-10-04','M','07 20 43 07 75','01 40 32 70 12','Maecenas.mi.felis@egetmollislectus.ca','Ap #797-6958 Dui, Street','1994-09-26'),(494,'Baldwin','Rooney','1960-01-02','M','01 84 79 24 74','07 41 16 33 13','varius@sed.edu','Ap #361-5776 Erat. Avenue','1979-10-24'),(495,'Waters','Hunter','1983-03-24','M','05 18 68 67 99','05 45 11 27 61','eu.erat@Proin.ca','695-5468 Eu Road','2008-10-08'),(496,'Barlow','Murphy','1983-04-03','M','07 59 77 62 60','07 76 59 81 89','litora.torquent.per@orciUtsemper.edu','577-5052 Pharetra. Rd.','2008-08-13'),(497,'Maxwell','Adam','1955-07-16','M','04 22 78 58 01','06 40 42 76 75','Sed.eget.lacus@Donec.edu','Ap #233-6241 Sagittis Av.','1975-12-19'),(498,'Edwards','Zenia','1967-06-11','M','02 60 37 12 57','06 31 69 12 00','Curabitur@estmauris.ca','P.O. Box 934, 3101 Dictum Ave','1986-03-05'),(499,'Burgess','Ciaran','1952-10-10','M','05 85 54 21 03','03 27 79 28 45','Nunc.ut.erat@rhoncusProin.org','P.O. Box 957, 8471 Amet Ave','1975-01-10'),(500,'Calhoun','Juliet','1970-04-05','M','02 04 08 14 38','03 19 54 05 92','hendrerit.id.ante@vitaepurusgravida.com','Ap #389-9025 Curabitur St.','1990-12-20'),(501,'Franco','Oleg','1979-01-25','M','06 35 62 99 53','03 80 57 20 35','non.bibendum@DonectinciduntDonec.org','952-7515 Nisi. Rd.','1998-01-02'),(502,'Schneider','Vivien','1950-12-04','M','04 81 69 64 70','04 69 65 87 53','augue@sollicitudinadipiscingligula.co.uk','3822 Nec Rd.','1971-02-27'),(503,'Holman','Brynn','1974-02-23','M','07 10 29 88 09','06 53 06 66 21','Donec@dictum.ca','3896 Quisque St.','1999-03-16'),(504,'Solis','Vincent','1981-01-09','M','04 05 78 03 64','01 54 46 04 90','Maecenas@dapibusid.org','1862 Pellentesque St.','2005-12-10'),(505,'Crawford','Dawn','1980-07-14','M','04 41 50 49 02','05 58 15 50 70','dui@augueid.ca','485-5347 Odio Ave','2001-05-13'),(506,'Banks','Hayden','1972-12-18','M','02 76 98 30 38','02 79 78 27 78','arcu.Vestibulum.ut@congueInscelerisque.co.uk','1228 Tempor Street','1994-05-05'),(507,'Raymond','Aidan','1975-02-16','M','06 22 75 54 80','06 12 94 75 60','ridiculus@adipiscingligula.com','3493 Cursus Road','1999-07-14'),(508,'Stanton','Courtney','1963-04-13','M','09 56 63 62 11','05 03 16 44 33','tortor.Nunc.commodo@in.net','P.O. Box 217, 4106 Sollicitudin Rd.','1988-07-03'),(509,'Hansen','Warren','1952-09-26','M','01 91 75 51 37','07 43 43 24 23','mi@enim.ca','Ap #479-9053 Adipiscing, Road','1971-04-25'),(510,'Mayer','Aimee','1960-06-14','M','08 36 28 28 71','06 25 37 01 89','neque.Morbi.quis@nislMaecenasmalesuada.ca','2510 Vulputate Avenue','1981-09-24'),(511,'Campos','Kylie','1978-01-03','M','02 89 49 98 56','09 08 96 52 89','ligula@velit.edu','Ap #131-2790 Bibendum Ave','1998-03-09'),(512,'Mercer','Rina','1968-04-21','M','01 65 62 45 93','03 10 32 59 71','dolor@malesuada.ca','436-1675 Velit Road','1987-04-04'),(513,'Sosa','Joel','1952-02-16','M','02 96 15 62 38','07 01 31 36 43','Donec@sitametornare.co.uk','5695 Neque. St.','1976-12-04'),(514,'Burgess','Amal','1979-04-17','M','09 68 60 37 53','03 01 57 43 73','eget.lacus.Mauris@lacusQuisque.com','Ap #381-3535 Libero Ave','2004-09-01'),(515,'Lewis','Halla','1951-01-22','M','06 88 96 69 77','07 38 94 01 23','Duis.cursus.diam@aliquetmolestietellus.net','Ap #530-9974 Nibh. Avenue','1974-04-21'),(516,'Melton','Hilel','1970-05-10','M','09 78 30 79 39','09 70 66 35 25','elit@purusgravidasagittis.net','135-7333 Eget Rd.','1994-01-23'),(517,'Trevino','Bert','1980-04-09','M','09 26 93 66 42','03 36 93 05 27','erat.in.consectetuer@eleifendvitae.ca','3754 Ut St.','2000-02-11'),(518,'Mays','Cally','1956-08-16','M','05 83 15 14 53','04 40 82 54 93','Nam@magnatellus.net','7379 Duis St.','1981-09-06'),(519,'Bradshaw','Dane','1969-10-14','M','05 74 06 94 87','02 66 36 51 87','porttitor@consectetueradipiscing.edu','P.O. Box 447, 680 Nunc Av.','1993-08-21'),(520,'Hobbs','Fallon','1987-10-09','M','05 78 29 08 41','01 86 95 00 81','eu.accumsan.sed@Mauris.co.uk','271-6309 Faucibus Av.','2006-07-20'),(521,'Mcneil','Amanda','1982-04-05','M','02 93 80 28 75','01 70 17 84 84','odio.Phasellus.at@acarcu.com','P.O. Box 887, 7093 Orci, St.','2002-07-09'),(522,'Mendez','Destiny','1990-07-19','M','06 46 39 84 18','07 19 68 65 29','felis@sed.ca','4699 Donec Rd.','2015-10-26'),(523,'Cooley','Hall','1965-06-05','M','07 25 99 56 28','01 14 45 47 70','cursus@enimmitempor.ca','Ap #691-4048 Tristique Street','1987-12-18'),(524,'Turner','Aladdin','1959-02-08','M','05 60 23 92 58','04 33 60 79 23','Nunc@arcuCurabitur.net','7801 Ultrices Av.','1984-10-27'),(525,'Frederick','Roth','1977-12-20','M','04 30 01 22 05','07 49 30 07 68','a.scelerisque@sociisnatoquepenatibus.co.uk','P.O. Box 548, 804 Eu Rd.','2001-01-26'),(526,'Garcia','Jesse','1990-12-19','M','01 61 80 65 15','03 15 61 33 66','euismod@at.edu','719-8338 Viverra. Rd.','2015-11-08'),(527,'Reilly','Zeus','1986-07-23','M','04 26 09 88 75','08 54 40 53 25','rutrum.magna.Cras@fermentum.org','178-6007 Vel St.','2011-08-21'),(528,'Cannon','Amelia','1968-04-10','M','06 26 81 75 97','07 60 75 56 52','Nunc.mauris.elit@iderat.org','Ap #905-1061 Adipiscing Avenue','1990-04-27'),(529,'Powell','Yetta','1987-01-03','M','08 97 56 93 72','08 23 08 65 69','eget@Proinnonmassa.ca','P.O. Box 678, 580 Integer Av.','2011-11-14'),(530,'Austin','Anne','1986-06-15','M','09 09 69 00 33','07 24 60 19 40','felis.orci.adipiscing@enimdiamvel.edu','423 Sed, Avenue','2011-10-12'),(531,'Tyson','Ulysses','1955-12-21','M','06 11 41 15 06','09 50 90 47 11','enim.Sed@Nullatemporaugue.edu','P.O. Box 863, 7727 Tortor Road','1977-08-15'),(532,'Hudson','Mari','1984-04-01','M','08 79 34 37 28','09 94 25 43 24','porttitor@aliquetProin.ca','3989 Tellus. St.','2007-11-16'),(533,'Herman','Uma','1960-10-19','M','04 02 05 50 87','02 62 34 52 27','In.condimentum.Donec@facilisisvitaeorci.net','990-9067 Quis St.','1979-06-04'),(534,'Lowery','Imelda','1971-10-21','M','01 33 37 98 62','03 83 31 93 57','tellus.imperdiet.non@Classaptent.com','3251 Sem. Rd.','1996-06-14'),(535,'Carson','Quinlan','1964-09-06','M','07 50 38 17 96','03 76 22 49 13','Cras.dolor.dolor@id.co.uk','1580 Dignissim. St.','1985-04-10'),(536,'Mccarthy','Courtney','1968-10-03','M','09 56 77 75 57','06 53 59 57 08','dolor@ascelerisque.net','P.O. Box 215, 7523 Mi St.','1990-09-23'),(537,'Hensley','Dolan','1979-09-07','M','07 96 08 82 13','01 55 63 09 73','nec@congueaaliquet.net','Ap #165-5070 Laoreet, Rd.','1999-08-15'),(538,'Cobb','Julian','1953-09-24','M','04 54 29 85 94','07 86 95 83 75','eleifend@orci.edu','5709 Urna. Avenue','1977-09-22'),(539,'Ward','Myra','1986-01-22','M','04 34 23 10 39','02 00 00 60 77','Maecenas.iaculis@pellentesqueafacilisis.co.uk','3512 Magna Road','2007-11-26'),(540,'Figueroa','Aurora','1975-10-07','M','04 17 69 63 63','02 05 82 39 37','Nunc@sociis.org','P.O. Box 362, 1753 Velit. Avenue','1999-11-26'),(541,'Rogers','Eugenia','1977-04-21','M','08 59 89 60 85','02 37 09 50 42','aliquet.metus@vestibulumneque.edu','Ap #790-5792 Nulla. Rd.','1999-09-02'),(542,'Craft','Lavinia','1950-01-23','M','02 03 60 53 08','04 68 23 47 37','ligula@pede.com','Ap #977-5307 Sem Av.','1974-10-19'),(543,'Santos','Kimberly','1981-06-05','M','08 64 60 30 09','09 15 06 13 04','cursus@NullamnislMaecenas.ca','9583 Nullam Av.','2006-07-20'),(544,'Leonard','Kelsey','1975-08-04','M','07 21 65 32 30','01 30 31 75 75','Integer.sem.elit@enimdiamvel.ca','Ap #236-6337 Tortor, Rd.','1994-01-08'),(545,'Knight','Alexandra','1979-06-10','M','01 99 69 82 39','02 46 31 22 69','ornare@nasceturridiculusmus.com','Ap #513-6545 Suspendisse St.','2002-08-05'),(546,'Contreras','Lael','1983-08-10','M','03 06 29 13 31','03 36 32 99 48','elementum.purus.accumsan@dolordolor.co.uk','P.O. Box 532, 5586 Aptent St.','2007-12-19'),(547,'Noble','Suki','1970-03-24','M','09 21 25 05 15','04 49 59 18 77','nisl.elementum.purus@sagittislobortismauris.edu','Ap #376-6808 Odio. Road','1994-06-27'),(548,'Frost','Christopher','1970-08-01','M','07 39 27 08 00','03 69 19 57 36','montes.nascetur@Quisque.org','1699 Malesuada St.','1989-07-07'),(549,'Conner','Uta','1969-11-07','M','05 75 50 41 83','08 93 19 72 65','tortor@seddolor.org','Ap #438-8423 Sodales Rd.','1994-03-24'),(550,'Glass','Jenna','1978-12-22','M','05 11 94 53 22','08 29 19 44 32','Cras@Nam.net','P.O. Box 634, 108 Nulla Rd.','2000-05-04'),(551,'Phelps','Dara','1958-04-16','M','04 92 70 82 26','02 76 84 88 77','nec.orci.Donec@a.ca','P.O. Box 677, 8970 Praesent Rd.','1983-07-27'),(552,'Ochoa','Kessie','1961-09-09','M','08 22 59 73 94','07 57 91 33 97','tellus.justo.sit@sapiengravida.com','P.O. Box 186, 3083 Commodo Rd.','1980-08-04'),(553,'Foley','Wendy','1974-10-22','M','04 29 57 73 42','01 01 75 73 47','fringilla.cursus.purus@dui.ca','P.O. Box 130, 2671 Sed Avenue','1997-11-22'),(554,'Gilbert','Derek','1964-08-15','M','09 57 56 84 01','04 40 90 16 23','massa@egestasblandit.com','5503 Urna St.','1987-08-03'),(555,'Cherry','Ann','1955-06-13','M','08 46 85 77 32','05 84 39 21 59','sem.vitae@Cras.co.uk','288-1871 Mus. Ave','1977-12-10'),(556,'Greene','Colleen','1979-03-21','M','08 25 71 18 26','03 93 07 22 44','Lorem.ipsum@arcu.org','7742 Nulla. St.','2003-09-25'),(557,'Bush','Tanner','1988-05-26','M','08 98 73 86 47','07 46 38 78 75','dictum.Proin.eget@Curabitursed.co.uk','Ap #409-3607 Semper Rd.','2008-02-14'),(558,'Bauer','Anthony','1964-04-09','M','02 96 92 37 72','06 23 85 86 27','Suspendisse.ac.metus@estarcu.net','215-632 Neque. Road','1988-12-17'),(559,'Riggs','Gloria','1955-05-11','M','03 24 88 64 98','08 62 60 47 59','est@dolorquamelementum.co.uk','Ap #265-7619 Dolor. Ave','1976-01-19'),(560,'Kidd','Odette','1973-06-10','M','01 46 40 46 44','09 21 26 51 22','ultrices.sit.amet@loremvehicula.ca','914-8654 Nisl Road','1994-02-07'),(561,'Joseph','Inga','1987-02-24','M','06 40 95 17 70','08 78 99 25 61','iaculis.lacus@consequatlectussit.net','Ap #450-6817 Aliquet Street','2012-08-04'),(562,'Stewart','Gemma','1976-05-19','M','06 57 22 26 69','02 18 19 35 38','gravida@arcu.com','P.O. Box 869, 8987 Velit Rd.','1998-08-26'),(563,'Dixon','Christine','1960-07-10','M','03 76 08 31 49','02 31 78 23 90','imperdiet.ornare@facilisisvitaeorci.net','5138 Nec, Av.','1982-11-27'),(564,'Parker','Amir','1972-08-24','M','07 40 99 22 88','07 04 20 91 68','magna.sed.dui@nullaDonecnon.co.uk','355-1905 Fermentum Rd.','1995-03-01'),(565,'Armstrong','Lynn','1974-07-04','M','02 73 71 57 41','08 77 45 83 06','enim.diam@FuscemollisDuis.co.uk','7567 Et, Rd.','1995-06-03'),(566,'Garner','Vera','1977-04-25','M','04 93 13 40 23','06 68 49 51 54','sed@lorem.net','Ap #978-6438 Egestas. St.','2002-01-24'),(567,'Barnett','Libby','1979-01-24','M','01 49 99 63 21','01 77 12 96 76','scelerisque.scelerisque@sitamet.ca','Ap #281-6328 A, St.','2002-05-17'),(568,'Mendez','Ramona','1987-06-01','M','02 02 78 76 40','05 10 51 76 74','Vivamus.molestie@dapibus.co.uk','120-917 At, Rd.','2008-04-07'),(569,'Maldonado','Bernard','1954-06-17','M','07 86 05 11 96','06 18 26 95 82','lorem.vitae@Quisqueac.co.uk','9975 Nec Street','1975-05-13'),(570,'Yates','Stone','1966-08-03','M','01 24 35 71 91','09 43 35 78 75','senectus.et@eudui.edu','666-1006 Lectus Avenue','1986-07-19'),(571,'Simpson','Kiara','1978-04-20','M','02 58 45 27 33','09 72 80 07 04','urna.nec.luctus@arcu.com','3534 Dictum Av.','2001-09-20'),(572,'Jefferson','Guinevere','1969-06-18','M','03 89 84 93 98','05 89 32 13 55','Quisque.porttitor@pharetrasedhendrerit.ca','374-569 Arcu. Rd.','1989-11-27'),(573,'Wiggins','Timothy','1974-07-13','M','09 33 04 21 35','04 25 25 32 55','at.velit.Cras@eratvitaerisus.net','429 Lacus. Road','1993-06-23'),(574,'Ellison','Luke','1979-03-22','M','07 83 62 33 68','01 84 59 27 17','penatibus@Aliquamfringilla.com','P.O. Box 555, 2427 Orci Road','2001-12-05'),(575,'Hancock','Jemima','1970-08-03','M','03 59 34 27 02','05 63 57 21 38','neque@lobortisnisinibh.ca','Ap #698-6329 Id Rd.','1995-06-03'),(576,'Kim','Hadassah','1952-06-21','M','01 54 95 23 93','07 36 23 34 68','dolor.dapibus.gravida@perconubia.edu','Ap #160-6722 Nec Road','1972-02-23'),(577,'Oneil','Chava','1980-12-19','M','02 70 24 13 62','06 92 07 66 54','egestas.urna.justo@enim.ca','Ap #289-5228 Blandit Road','1999-01-16'),(578,'Terrell','Forrest','1980-03-01','M','08 07 87 28 54','08 12 81 95 00','Integer.aliquam@amet.net','P.O. Box 248, 5613 Non Street','2001-09-05'),(579,'Gibson','Yoshi','1984-09-03','M','07 80 52 71 89','07 31 45 88 74','et@Nuncuterat.net','P.O. Box 467, 4947 Blandit St.','2008-12-02'),(580,'Henderson','Cleo','1974-12-20','M','01 18 43 71 36','07 97 60 35 00','Vivamus@Pellentesquetincidunt.ca','Ap #432-5713 Risus Avenue','1995-05-16'),(581,'Little','Echo','1973-05-14','M','08 90 86 50 91','03 12 92 18 40','nulla.at@dapibus.edu','P.O. Box 128, 8264 Nec, St.','1994-05-17'),(582,'Potter','Vaughan','1963-06-16','M','02 96 63 43 58','03 93 73 12 31','lobortis.nisi@leo.co.uk','Ap #734-6026 Sed Avenue','1983-06-10'),(583,'Sosa','Miranda','1952-06-24','M','02 97 59 03 46','08 44 68 93 09','nulla@ametconsectetueradipiscing.com','Ap #300-5377 Interdum. St.','1975-12-09'),(584,'Wallace','Flynn','1974-01-24','M','09 34 93 16 89','02 85 63 57 25','ultrices@nulla.org','P.O. Box 545, 8342 Purus, Av.','1997-10-01'),(585,'Carpenter','Howard','1952-06-05','M','03 54 55 50 99','04 10 60 97 00','Vestibulum.accumsan.neque@Vivamusnisi.co.uk','Ap #926-4407 Mauris Ave','1972-08-26'),(586,'Mooney','Cameran','1952-03-25','M','02 27 22 58 69','06 79 37 64 45','tellus.Suspendisse.sed@et.ca','6402 Eget Rd.','1975-01-09'),(587,'Baxter','Medge','1976-06-23','M','06 97 59 83 93','01 25 76 07 03','a@nunc.org','Ap #949-2755 Lacinia. Rd.','2000-01-23'),(588,'Hopkins','Ayanna','1957-02-21','M','09 82 24 27 50','01 39 14 88 62','nec.ante.blandit@Integersem.org','P.O. Box 523, 6730 Duis Avenue','1981-06-10'),(589,'Huff','Chaim','1968-01-11','M','02 99 37 59 70','07 78 24 33 93','diam@etmagna.edu','P.O. Box 833, 4741 Vel Road','1993-04-15'),(590,'Bush','Dale','1988-02-06','M','03 15 13 90 80','04 49 76 94 15','neque.Nullam.nisl@dui.org','5834 Class St.','2009-03-08'),(591,'Wise','Maisie','1955-07-18','M','04 90 11 57 44','03 41 10 12 98','Integer.in@nectellusNunc.ca','1074 Eros. Rd.','1980-03-21'),(592,'Gardner','Neil','1963-11-04','M','01 93 07 31 69','06 99 80 10 59','nascetur.ridiculus@magnamalesuada.net','Ap #942-4115 Mauris Rd.','1982-07-21'),(593,'Farmer','Tanisha','1986-10-04','M','06 64 23 11 88','03 41 02 86 75','lectus.rutrum.urna@sapienmolestieorci.co.uk','P.O. Box 140, 8067 Vivamus Rd.','2005-10-01'),(594,'Richard','Moses','1959-02-27','M','09 36 83 24 74','08 03 28 73 08','Praesent.interdum.ligula@pedesagittis.ca','194-3930 Elementum St.','1979-01-19'),(595,'Reed','Jerry','1976-09-16','M','05 86 04 05 38','04 75 02 28 42','sollicitudin@massa.com','857-5741 Magna Street','2000-09-13'),(596,'Moon','Anthony','1968-06-11','M','03 12 09 44 13','02 42 16 71 40','eget@idenim.ca','2502 Egestas. Ave','1988-03-05'),(597,'Allen','Sydnee','1960-01-19','M','07 15 50 87 80','04 81 61 70 99','et.libero.Proin@bibendumfermentum.edu','235-5423 Ultrices Rd.','1985-09-21'),(598,'Britt','Martin','1966-03-19','M','06 11 98 25 68','09 32 88 59 15','dui@nequetellus.edu','192-7258 Velit. Rd.','1988-10-09'),(599,'Ortiz','Isabella','1984-03-26','M','05 25 62 84 52','06 31 73 98 33','Nulla@rhoncusidmollis.org','362-4865 Ullamcorper, Rd.','2004-08-12'),(600,'Lara','Aphrodite','1981-09-20','M','06 39 19 70 03','04 49 89 41 08','molestie.tortor@interdumenimnon.ca','P.O. Box 802, 3914 Molestie Street','2004-01-23'),(601,'Diaz','Shay','1961-10-19','M','07 79 67 13 89','08 54 61 46 03','Integer@at.co.uk','589-2681 Ipsum Street','1985-06-16'),(602,'Matthews','Willow','1983-09-17','M','04 42 73 50 44','03 90 72 46 50','eu@taciti.com','P.O. Box 636, 991 Imperdiet Av.','2006-01-27'),(603,'Riley','Autumn','1987-04-05','M','04 09 99 98 44','03 04 27 76 23','mattis@arcuMorbisit.edu','Ap #559-5401 Sed St.','2009-03-18'),(604,'Lara','Destiny','1969-06-13','M','06 20 43 91 83','02 28 12 82 21','fermentum@etmagnisdis.co.uk','P.O. Box 914, 4460 Lobortis, Av.','1988-06-26'),(605,'Levy','Dacey','1987-01-14','M','08 09 36 96 97','01 16 41 47 63','Sed.id.risus@consectetuer.edu','Ap #261-2545 Felis St.','2008-05-12'),(606,'Roy','Orla','1972-04-02','M','02 14 30 94 90','05 78 14 53 29','consequat@Quisque.edu','6282 Sed, Street','1991-11-20'),(607,'Callahan','Jaquelyn','1956-12-22','M','07 09 92 36 65','01 72 51 74 02','Sed.et@gravidanunc.co.uk','9639 Vulputate Road','1979-06-02'),(608,'Flynn','Samuel','1973-12-20','M','05 95 07 51 69','05 49 95 06 19','lorem.eu@dui.co.uk','633-8100 Nisl. Ave','1998-05-02'),(609,'Cain','Amelia','1982-05-23','M','09 49 60 09 29','04 94 45 15 48','dolor@odio.edu','9226 Cras Rd.','2001-11-09'),(610,'Keith','Mia','1987-01-08','M','01 10 18 05 41','08 94 26 73 31','velit@elit.org','883-6834 Aliquet St.','2009-05-12'),(611,'Peck','Dylan','1974-03-08','M','01 92 47 58 40','01 28 63 74 93','magna.nec@duiin.co.uk','Ap #571-1932 Etiam St.','1994-03-07'),(612,'Rios','Sara','1962-05-16','M','08 81 17 27 88','04 81 54 05 38','Sed.eget.lacus@cursus.co.uk','P.O. Box 315, 1908 Tristique Av.','1984-01-23'),(613,'Vang','Oscar','1987-02-11','M','06 24 28 25 41','04 75 42 86 87','rutrum.non.hendrerit@antedictumcursus.com','Ap #185-5269 Amet, St.','2006-08-20'),(614,'Wynn','Maxwell','1969-12-20','M','04 18 35 86 15','08 92 01 75 11','eu@lectusrutrum.co.uk','609-4815 Nec, Rd.','1992-10-18'),(615,'Acevedo','Rinah','1977-01-01','M','06 34 71 56 60','06 09 24 19 91','Nullam@montesnasceturridiculus.edu','Ap #916-9820 Ipsum. St.','1997-12-18'),(616,'Logan','Lawrence','1960-07-20','M','06 91 79 21 21','03 53 94 91 67','Cras.convallis.convallis@mollisPhasellus.co.uk','P.O. Box 530, 9819 Urna. Avenue','1979-02-27'),(617,'Mccoy','Jolie','1980-05-27','M','05 93 06 32 14','07 29 37 12 35','In.lorem@eratvel.edu','P.O. Box 340, 8475 Maecenas Street','2004-11-05'),(618,'Hart','Idola','1976-10-17','M','01 88 26 36 81','04 41 33 79 78','felis.eget@velitAliquam.ca','Ap #865-2260 Ligula. St.','2001-03-27'),(619,'Nash','Rooney','1975-08-13','M','03 87 08 00 82','02 02 83 38 44','dictum@Donec.edu','9752 Nullam Road','2000-09-12'),(620,'Cohen','Nehru','1961-01-04','M','02 88 82 82 01','03 73 83 55 87','vehicula@ipsumnuncid.org','128-3706 Ultrices Rd.','1983-07-26'),(621,'Lane','Samuel','1975-10-01','M','03 71 82 82 09','08 05 75 84 29','odio.Nam@hendrerit.edu','Ap #825-3531 Nunc, St.','1999-04-13');
/*!40000 ALTER TABLE `Militaires` ENABLE KEYS */;
UNLOCK TABLES;

--
-- Table structure for table `PossedeDiplomes`
--

DROP TABLE IF EXISTS `PossedeDiplomes`;
/*!40101 SET @saved_cs_client     = @@character_set_client */;
/*!40101 SET character_set_client = utf8 */;
CREATE TABLE `PossedeDiplomes` (
  `num` int(11) NOT NULL AUTO_INCREMENT,
  `matricule` int(12) NOT NULL,
  `id` varchar(50) NOT NULL,
  `date_obtention` date NOT NULL,
  `pays_obtention` varchar(30) NOT NULL,
  `organisme_formateur` varchar(70) NOT NULL,
  PRIMARY KEY (`num`),
  KEY `PossedeDiplomes_ibfk_1` (`matricule`),
  KEY `PossedeDiplomes_ibfk_2` (`id`),
  CONSTRAINT `PossedeDiplomes_ibfk_1` FOREIGN KEY (`matricule`) REFERENCES `Militaires` (`matricule`) ON UPDATE CASCADE,
  CONSTRAINT `PossedeDiplomes_ibfk_2` FOREIGN KEY (`id`) REFERENCES `Diplomes` (`acronyme`) ON UPDATE CASCADE
) ENGINE=InnoDB AUTO_INCREMENT=317 DEFAULT CHARSET=utf8;
/*!40101 SET character_set_client = @saved_cs_client */;

--
-- Dumping data for table `PossedeDiplomes`
--

LOCK TABLES `PossedeDiplomes` WRITE;
/*!40000 ALTER TABLE `PossedeDiplomes` DISABLE KEYS */;
INSERT INTO `PossedeDiplomes` VALUES (1,1,'DEMS','1997-02-25','CONGO','centre de formation militaire'),(2,2,'DEMS','2015-03-25','CONGO','centre de formation militaire'),(3,3,'CAT1','2002-10-05','CONGO','centre de formation militaire'),(4,6,'CAT2','1994-11-19','CONGO','centre de formation militaire'),(5,7,'DCS','1984-02-03','CONGO','centre de formation militaire'),(6,8,'DOPJ','1994-02-11','CONGO','centre de formation militaire'),(7,9,'CAT2','2002-11-03','CONGO','centre de formation militaire'),(8,11,'DQSG2','2006-09-23','CONGO','centre de formation militaire'),(9,12,'DBSO','1997-04-14','CONGO','centre de formation militaire'),(10,13,'BA1','1997-02-22','CONGO','centre de formation militaire'),(11,14,'CAT1','2015-01-09','CONGO','centre de formation militaire'),(12,15,'CAT2','1982-03-16','CONGO','centre de formation militaire'),(13,16,'DEMS','1998-01-02','CONGO','centre de formation militaire'),(14,17,'BA1','1992-01-25','CONGO','centre de formation militaire'),(15,18,'DOPJ','1998-07-09','CONGO','centre de formation militaire'),(16,23,'DEMS','2007-01-09','CONGO','centre de formation militaire'),(17,24,'DEMS','1987-01-21','CONGO','centre de formation militaire'),(18,26,'CAT1','1994-06-13','CONGO','centre de formation militaire'),(19,27,'DEMS','1978-06-21','CONGO','centre de formation militaire'),(20,31,'DCS','1984-09-20','CONGO','centre de formation militaire'),(21,32,'DCS','1999-03-21','CONGO','centre de formation militaire'),(22,33,'CAT1','2005-06-08','CONGO','centre de formation militaire'),(23,34,'DCS','2014-02-27','CONGO','centre de formation militaire'),(24,35,'DQSG2','2000-07-25','CONGO','centre de formation militaire'),(25,36,'CAT1','1985-01-27','CONGO','centre de formation militaire'),(26,37,'DCS','1978-04-23','CONGO','centre de formation militaire'),(27,38,'DCS','2007-07-03','CONGO','centre de formation militaire'),(28,40,'BA1','2013-03-20','CONGO','centre de formation militaire'),(29,42,'CAT2','2010-01-07','CONGO','centre de formation militaire'),(30,44,'DCS','1981-02-10','CONGO','centre de formation militaire'),(31,45,'CAT1','2005-03-17','CONGO','centre de formation militaire'),(32,46,'BA1','2011-08-03','CONGO','centre de formation militaire'),(33,47,'DEMS','2008-03-08','CONGO','centre de formation militaire'),(34,51,'DBSO','1999-01-18','CONGO','centre de formation militaire'),(35,52,'CAT1','1980-02-14','CONGO','centre de formation militaire'),(36,53,'BA1','2012-03-17','CONGO','centre de formation militaire'),(37,54,'DCS','1997-02-17','CONGO','centre de formation militaire'),(38,55,'CAT1','1980-03-16','CONGO','centre de formation militaire'),(39,57,'CAT1','2003-05-01','CONGO','centre de formation militaire'),(40,58,'DCS','1982-02-02','CONGO','centre de formation militaire'),(41,59,'DQSG2','1994-08-02','CONGO','centre de formation militaire'),(42,61,'CAT1','1982-04-22','CONGO','centre de formation militaire'),(43,62,'DCS','2000-03-08','CONGO','centre de formation militaire'),(44,63,'CAT1','2010-01-17','CONGO','centre de formation militaire'),(45,65,'CAT2','1998-02-18','CONGO','centre de formation militaire'),(46,66,'CAT2','1996-04-22','CONGO','centre de formation militaire'),(47,67,'DCS','2005-05-26','CONGO','centre de formation militaire'),(48,68,'DEMS','1986-04-18','CONGO','centre de formation militaire'),(49,70,'DEMS','2005-01-22','CONGO','centre de formation militaire'),(50,72,'DCS','1992-03-22','CONGO','centre de formation militaire'),(51,73,'DCS','2005-03-02','CONGO','centre de formation militaire'),(52,74,'CAT1','1993-09-26','CONGO','centre de formation militaire'),(53,75,'CAT1','2003-02-22','CONGO','centre de formation militaire'),(54,77,'DOPJ','1985-08-18','CONGO','centre de formation militaire'),(55,79,'CAT1','2008-03-03','CONGO','centre de formation militaire'),(56,80,'DEMS','1997-01-05','CONGO','centre de formation militaire'),(57,81,'CAT2','1994-05-18','CONGO','centre de formation militaire'),(58,82,'DEMS','2011-04-19','CONGO','centre de formation militaire'),(59,83,'DCS','2014-10-11','CONGO','centre de formation militaire'),(60,84,'CAT1','1997-01-16','CONGO','centre de formation militaire'),(61,87,'DCS','2015-01-08','CONGO','centre de formation militaire'),(62,91,'DEMS','2002-05-07','CONGO','centre de formation militaire'),(63,92,'BA1','2015-03-07','CONGO','centre de formation militaire'),(64,93,'CAT2','2008-02-04','CONGO','centre de formation militaire'),(65,96,'CAT1','1981-02-09','CONGO','centre de formation militaire'),(66,97,'CAT1','2004-01-02','CONGO','centre de formation militaire'),(67,98,'DBSO','2003-07-01','CONGO','centre de formation militaire'),(68,99,'DQSG2','2013-02-18','CONGO','centre de formation militaire'),(69,100,'DCS','2011-07-21','CONGO','centre de formation militaire'),(70,3,'CAT2','2012-09-12','CONGO','centre de formation militaire'),(71,3,'BS','2013-03-11','CONGO','centre de formation militaire'),(72,5,'CAT1','2012-06-12','CONGO','école militaire'),(78,10,'BA1','1990-12-02','CONGO','centre de formation militaire'),(79,1,'BS','2016-04-01','France','Armée française'),(80,227,'BA1','2016-04-01','congo','centre de formation militaire'),(81,214,'BA1','2016-04-01','france','sorbonne'),(82,226,'BA1','2016-04-15','quebec','ecole primaire'),(85,238,'DEMS','2016-05-01','congo','force armée'),(87,241,'CAT1','2005-01-25','CONGO','centre de formation militaire'),(88,245,'DQSG2','2008-08-14','CONGO','centre de formation militaire'),(89,246,'DQSG2','2006-01-13','CONGO','centre de formation militaire'),(90,247,'DQSG2','1998-01-16','CONGO','centre de formation militaire'),(91,249,'BT1','1978-01-12','CONGO','centre de formation militaire'),(92,254,'CPOS','1980-02-23','CONGO','centre de formation militaire'),(93,255,'CPOS','2003-02-01','CONGO','centre de formation militaire'),(94,256,'CAT1','2005-03-08','CONGO','centre de formation militaire'),(95,257,'CAT1','2000-02-08','CONGO','centre de formation militaire'),(96,259,'DEMS','2002-03-08','CONGO','centre de formation militaire'),(97,262,'DQSG2','1998-02-27','CONGO','centre de formation militaire'),(98,264,'DCS','1997-01-11','CONGO','centre de formation militaire'),(99,265,'BS','1984-05-15','CONGO','centre de formation militaire'),(100,268,'DQSG2','2008-02-05','CONGO','centre de formation militaire'),(101,269,'BE2','1975-01-19','CONGO','centre de formation militaire'),(102,271,'DQSG2','1988-06-26','CONGO','centre de formation militaire'),(103,272,'DCS','2008-05-08','CONGO','centre de formation militaire'),(104,274,'DQSG2','2008-04-05','CONGO','centre de formation militaire'),(105,276,'BE2','2006-02-24','CONGO','centre de formation militaire'),(106,277,'BT1','1996-03-02','CONGO','centre de formation militaire'),(107,278,'CAT1','1976-10-23','CONGO','centre de formation militaire'),(108,280,'DEMS','2008-02-13','CONGO','centre de formation militaire'),(109,281,'DQSG2','2009-03-24','CONGO','centre de formation militaire'),(110,282,'BE2','1987-02-12','CONGO','centre de formation militaire'),(111,284,'CAT1','2006-03-07','CONGO','centre de formation militaire'),(112,285,'CAT1','2002-08-15','CONGO','centre de formation militaire'),(113,286,'CPOS','1992-01-10','CONGO','centre de formation militaire'),(114,287,'BT1','1987-01-09','CONGO','centre de formation militaire'),(115,289,'CAT1','2007-02-08','CONGO','centre de formation militaire'),(116,290,'BT1','2013-01-05','CONGO','centre de formation militaire'),(117,291,'BE2','2006-04-17','CONGO','centre de formation militaire'),(118,293,'CAT1','2003-01-13','CONGO','centre de formation militaire'),(119,295,'BE2','1999-02-21','CONGO','centre de formation militaire'),(120,296,'CAT1','1979-03-11','CONGO','centre de formation militaire'),(121,300,'BE2','2013-01-13','CONGO','centre de formation militaire'),(122,301,'CAT1','1980-03-09','CONGO','centre de formation militaire'),(123,303,'BT1','2002-05-18','CONGO','centre de formation militaire'),(124,305,'DQSG2','1996-02-18','CONGO','centre de formation militaire'),(125,308,'DQSG2','2008-06-03','CONGO','centre de formation militaire'),(126,309,'CPOS','1993-03-09','CONGO','centre de formation militaire'),(127,312,'BT1','1992-03-24','CONGO','centre de formation militaire'),(128,314,'BT1','1996-01-19','CONGO','centre de formation militaire'),(129,316,'BE2','1994-07-16','CONGO','centre de formation militaire'),(130,317,'BE2','1998-02-06','CONGO','centre de formation militaire'),(131,318,'BT1','1996-04-24','CONGO','centre de formation militaire'),(132,319,'BE2','1981-06-15','CONGO','centre de formation militaire'),(133,320,'BE2','2010-07-22','CONGO','centre de formation militaire'),(134,321,'DEMS','2011-04-05','CONGO','centre de formation militaire'),(135,322,'CPOS','2013-08-14','CONGO','centre de formation militaire'),(136,323,'DCS','2004-08-04','CONGO','centre de formation militaire'),(137,324,'CAT1','2009-01-19','CONGO','centre de formation militaire'),(138,325,'DEMS','2000-09-21','CONGO','centre de formation militaire'),(139,327,'CAT1','2006-01-10','CONGO','centre de formation militaire'),(140,328,'CAT1','1989-05-22','CONGO','centre de formation militaire'),(141,331,'CAT1','1984-05-09','CONGO','centre de formation militaire'),(142,333,'BE2','1996-06-08','CONGO','centre de formation militaire'),(143,334,'BE2','1986-02-07','CONGO','centre de formation militaire'),(144,335,'BT1','2006-08-03','CONGO','centre de formation militaire'),(145,336,'BS','1989-03-09','CONGO','centre de formation militaire'),(146,337,'BT1','2007-05-14','CONGO','centre de formation militaire'),(147,340,'DQSG2','2014-03-26','CONGO','centre de formation militaire'),(148,341,'BE2','2004-05-06','CONGO','centre de formation militaire'),(149,342,'BE2','2010-02-01','CONGO','centre de formation militaire'),(150,343,'BT1','2009-01-18','CONGO','centre de formation militaire'),(151,344,'CAT1','1983-01-07','CONGO','centre de formation militaire'),(152,345,'CAT1','1984-04-11','CONGO','centre de formation militaire'),(153,356,'BE2','2007-06-22','CONGO','centre de formation militaire'),(154,358,'DQSG2','2010-05-06','CONGO','centre de formation militaire'),(155,359,'CAT1','1997-02-07','CONGO','centre de formation militaire'),(156,361,'CAT1','1977-01-18','CONGO','centre de formation militaire'),(157,362,'BE2','1995-02-04','CONGO','centre de formation militaire'),(158,363,'BT1','1981-03-04','CONGO','centre de formation militaire'),(159,364,'DQSG2','1994-06-01','CONGO','centre de formation militaire'),(160,365,'DQSG2','2014-02-23','CONGO','centre de formation militaire'),(161,366,'DQSG2','1991-01-13','CONGO','centre de formation militaire'),(162,367,'DQSG2','1982-03-23','CONGO','centre de formation militaire'),(163,369,'DCS','1986-06-03','CONGO','centre de formation militaire'),(164,374,'DQSG2','2009-03-16','CONGO','centre de formation militaire'),(165,375,'BT1','1999-04-24','CONGO','centre de formation militaire'),(166,376,'DEMS','1992-01-19','CONGO','centre de formation militaire'),(167,378,'BT1','2003-01-20','CONGO','centre de formation militaire'),(168,381,'BE2','2012-10-26','CONGO','centre de formation militaire'),(169,382,'CAT1','2012-03-03','CONGO','centre de formation militaire'),(170,383,'BE2','1999-06-23','CONGO','centre de formation militaire'),(171,384,'BT1','2005-01-06','CONGO','centre de formation militaire'),(172,385,'BE2','1982-03-16','CONGO','centre de formation militaire'),(173,386,'DQSG2','1995-08-01','CONGO','centre de formation militaire'),(174,387,'DEMS','2004-01-04','CONGO','centre de formation militaire'),(175,388,'CAT1','2008-05-15','CONGO','centre de formation militaire'),(176,390,'DEMS','1991-03-22','CONGO','centre de formation militaire'),(177,391,'DQSG2','2006-08-03','CONGO','centre de formation militaire'),(178,392,'DQSG2','2003-01-17','CONGO','centre de formation militaire'),(179,393,'CAT1','1991-11-05','CONGO','centre de formation militaire'),(180,394,'CAT1','1978-07-27','CONGO','centre de formation militaire'),(181,395,'CAT1','2000-03-04','CONGO','centre de formation militaire'),(182,396,'DEMS','1988-07-03','CONGO','centre de formation militaire'),(183,397,'CAT1','2004-05-09','CONGO','centre de formation militaire'),(184,398,'DQSG2','2006-07-18','CONGO','centre de formation militaire'),(185,399,'BE2','1983-01-18','CONGO','centre de formation militaire'),(186,400,'BE2','1996-02-04','CONGO','centre de formation militaire'),(187,401,'CAT1','1976-01-25','CONGO','centre de formation militaire'),(188,403,'BE2','1989-03-17','CONGO','centre de formation militaire'),(189,407,'DEMS','2005-07-07','CONGO','centre de formation militaire'),(190,408,'DQSG2','1977-04-10','CONGO','centre de formation militaire'),(191,409,'CAT1','1982-05-14','CONGO','centre de formation militaire'),(192,410,'DQSG2','1999-01-25','CONGO','centre de formation militaire'),(193,411,'CAT1','2014-02-10','CONGO','centre de formation militaire'),(194,412,'BE2','2005-04-13','CONGO','centre de formation militaire'),(195,413,'BT1','2002-01-08','CONGO','centre de formation militaire'),(196,415,'CAT1','2005-01-22','CONGO','centre de formation militaire'),(197,416,'CPOS','2003-02-04','CONGO','centre de formation militaire'),(198,418,'DQSG2','2009-02-25','CONGO','centre de formation militaire'),(199,421,'CAT1','2009-05-25','CONGO','centre de formation militaire'),(200,422,'DQSG2','1985-04-20','CONGO','centre de formation militaire'),(201,423,'BE2','1984-01-18','CONGO','centre de formation militaire'),(202,425,'DQSG2','2002-06-16','CONGO','centre de formation militaire'),(203,426,'DQSG2','2010-01-23','CONGO','centre de formation militaire'),(204,427,'CAT1','1974-07-06','CONGO','centre de formation militaire'),(205,428,'BT1','1995-01-13','CONGO','centre de formation militaire'),(206,430,'DCS','1997-03-11','CONGO','centre de formation militaire'),(207,433,'BS','1992-03-10','CONGO','centre de formation militaire'),(208,438,'BT1','1998-06-24','CONGO','centre de formation militaire'),(209,439,'DQSG2','2001-02-22','CONGO','centre de formation militaire'),(210,440,'CAT1','1996-02-10','CONGO','centre de formation militaire'),(211,441,'CAT1','2011-06-09','CONGO','centre de formation militaire'),(212,442,'DEMS','2001-10-16','CONGO','centre de formation militaire'),(213,444,'BT1','1974-09-06','CONGO','centre de formation militaire'),(214,445,'CAT1','1982-10-14','CONGO','centre de formation militaire'),(215,446,'CAT1','2001-02-21','CONGO','centre de formation militaire'),(216,448,'CAT1','1997-10-20','CONGO','centre de formation militaire'),(217,449,'CAT1','2002-01-13','CONGO','centre de formation militaire'),(218,452,'BT1','2013-02-13','CONGO','centre de formation militaire'),(219,457,'CAT1','2001-01-04','CONGO','centre de formation militaire'),(220,458,'BT1','2006-09-20','CONGO','centre de formation militaire'),(221,459,'DQSG2','1996-01-07','CONGO','centre de formation militaire'),(222,460,'BS','1988-05-12','CONGO','centre de formation militaire'),(223,462,'CAT1','1993-04-03','CONGO','centre de formation militaire'),(224,466,'BE2','1970-06-03','CONGO','centre de formation militaire'),(225,467,'BE2','2008-07-21','CONGO','centre de formation militaire'),(226,468,'DEMS','1980-02-14','CONGO','centre de formation militaire'),(227,469,'BT1','1995-03-24','CONGO','centre de formation militaire'),(228,470,'CAT1','2013-06-14','CONGO','centre de formation militaire'),(229,472,'BS','2013-06-05','CONGO','centre de formation militaire'),(230,474,'BT1','1992-01-18','CONGO','centre de formation militaire'),(231,475,'CPOS','2004-03-19','CONGO','centre de formation militaire'),(232,476,'BE2','2014-01-25','CONGO','centre de formation militaire'),(233,478,'BS','1984-01-16','CONGO','centre de formation militaire'),(234,479,'CAT1','2002-04-23','CONGO','centre de formation militaire'),(235,480,'DEMS','2006-06-12','CONGO','centre de formation militaire'),(236,483,'BT1','1992-01-16','CONGO','centre de formation militaire'),(237,484,'BT1','2006-04-15','CONGO','centre de formation militaire'),(238,486,'BS','1987-09-16','CONGO','centre de formation militaire'),(239,487,'CAT1','1986-06-18','CONGO','centre de formation militaire'),(240,488,'BE2','1986-02-01','CONGO','centre de formation militaire'),(241,490,'DQSG2','1997-05-02','CONGO','centre de formation militaire'),(242,492,'BE2','1981-01-13','CONGO','centre de formation militaire'),(243,493,'DQSG2','1996-01-07','CONGO','centre de formation militaire'),(244,494,'DQSG2','1979-01-04','CONGO','centre de formation militaire'),(245,495,'BE2','2011-10-21','CONGO','centre de formation militaire'),(246,498,'CAT1','1995-01-03','CONGO','centre de formation militaire'),(247,499,'BT1','1980-04-18','CONGO','centre de formation militaire'),(248,502,'CAT1','1974-03-23','CONGO','centre de formation militaire'),(249,504,'DQSG2','2013-03-14','CONGO','centre de formation militaire'),(250,507,'CAT1','2007-01-26','CONGO','centre de formation militaire'),(251,508,'CAT1','1993-10-13','CONGO','centre de formation militaire'),(252,509,'DQSG2','1981-03-14','CONGO','centre de formation militaire'),(253,510,'CAT1','1997-05-10','CONGO','centre de formation militaire'),(254,511,'CAT1','1999-10-21','CONGO','centre de formation militaire'),(255,514,'BT1','2004-02-08','CONGO','centre de formation militaire'),(256,515,'BE2','1989-04-11','CONGO','centre de formation militaire'),(257,517,'BT1','2001-07-12','CONGO','centre de formation militaire'),(258,518,'CAT1','2003-03-04','CONGO','centre de formation militaire'),(259,521,'BE2','2010-05-01','CONGO','centre de formation militaire'),(260,523,'BT1','1993-01-26','CONGO','centre de formation militaire'),(261,526,'CAT1','2015-01-12','CONGO','centre de formation militaire'),(262,528,'CAT1','1995-01-02','CONGO','centre de formation militaire'),(263,529,'CPOS','2013-07-14','CONGO','centre de formation militaire'),(264,531,'BS','2001-08-26','CONGO','centre de formation militaire'),(265,532,'CAT1','2011-02-09','CONGO','centre de formation militaire'),(266,533,'DQSG2','1981-07-11','CONGO','centre de formation militaire'),(267,534,'DEMS','2001-04-16','CONGO','centre de formation militaire'),(268,536,'CPOS','1994-03-10','CONGO','centre de formation militaire'),(269,538,'CAT1','1982-04-27','CONGO','centre de formation militaire'),(270,539,'CAT1','2009-02-15','CONGO','centre de formation militaire'),(271,540,'DQSG2','2003-08-13','CONGO','centre de formation militaire'),(272,543,'CAT1','2008-01-25','CONGO','centre de formation militaire'),(273,545,'DEMS','2005-01-09','CONGO','centre de formation militaire'),(274,546,'BE2','2012-04-21','CONGO','centre de formation militaire'),(275,549,'CPOS','1998-05-20','CONGO','centre de formation militaire'),(276,551,'BT1','1988-02-13','CONGO','centre de formation militaire'),(277,552,'DQSG2','1988-07-02','CONGO','centre de formation militaire'),(278,553,'CPOS','1999-08-22','CONGO','centre de formation militaire'),(279,554,'DQSG2','1987-03-12','CONGO','centre de formation militaire'),(280,555,'CAT1','1983-01-04','CONGO','centre de formation militaire'),(281,557,'BT1','2013-03-03','CONGO','centre de formation militaire'),(282,558,'CAT1','1995-01-26','CONGO','centre de formation militaire'),(283,559,'DEMS','1985-07-27','CONGO','centre de formation militaire'),(284,560,'BE2','1995-01-07','CONGO','centre de formation militaire'),(285,561,'CAT1','2012-05-02','CONGO','centre de formation militaire'),(286,564,'DQSG2','1999-04-10','CONGO','centre de formation militaire'),(287,565,'BE2','2009-06-14','CONGO','centre de formation militaire'),(288,566,'CAT1','2005-01-02','CONGO','centre de formation militaire'),(289,567,'DEMS','2005-04-21','CONGO','centre de formation militaire'),(290,568,'CAT1','2008-03-17','CONGO','centre de formation militaire'),(291,571,'BE2','2001-07-01','CONGO','centre de formation militaire'),(292,572,'BT1','2002-08-14','CONGO','centre de formation militaire'),(293,573,'DEMS','2008-01-21','CONGO','centre de formation militaire'),(294,575,'BE2','1996-02-26','CONGO','centre de formation militaire'),(295,576,'DQSG2','1978-02-14','CONGO','centre de formation militaire'),(296,577,'DQSG2','2001-10-04','CONGO','centre de formation militaire'),(297,578,'CAT1','2002-05-09','CONGO','centre de formation militaire'),(298,580,'BE2','1997-04-24','CONGO','centre de formation militaire'),(299,581,'DQSG2','2004-02-19','CONGO','centre de formation militaire'),(300,582,'DCS','1985-01-05','CONGO','centre de formation militaire'),(301,583,'CAT1','2002-11-26','CONGO','centre de formation militaire'),(302,585,'CAT1','1978-07-01','CONGO','centre de formation militaire'),(303,588,'BE2','1982-02-26','CONGO','centre de formation militaire'),(304,589,'DEMS','1999-05-02','CONGO','centre de formation militaire'),(305,590,'BT1','2009-09-23','CONGO','centre de formation militaire'),(306,591,'DEMS','1987-01-22','CONGO','centre de formation militaire'),(307,598,'DQSG2','1993-04-15','CONGO','centre de formation militaire'),(308,599,'BE2','2004-06-09','CONGO','centre de formation militaire'),(309,603,'BT1','2009-01-07','CONGO','centre de formation militaire'),(310,604,'CPOS','1991-06-20','CONGO','centre de formation militaire'),(311,609,'DQSG2','2005-07-10','CONGO','centre de formation militaire'),(312,610,'BT1','2010-02-04','CONGO','centre de formation militaire'),(313,613,'BS','2010-03-25','CONGO','centre de formation militaire'),(314,616,'BS','1980-02-16','CONGO','centre de formation militaire'),(315,619,'DCS','2000-05-12','CONGO','centre de formation militaire'),(316,620,'DQSG2','2008-06-22','CONGO','centre de formation militaire');
/*!40000 ALTER TABLE `PossedeDiplomes` ENABLE KEYS */;
UNLOCK TABLES;

--
-- Table structure for table `Regiment`
--

DROP TABLE IF EXISTS `Regiment`;
/*!40101 SET @saved_cs_client     = @@character_set_client */;
/*!40101 SET character_set_client = utf8 */;
CREATE TABLE `Regiment` (
  `id` varchar(30) NOT NULL,
  PRIMARY KEY (`id`)
) ENGINE=InnoDB DEFAULT CHARSET=utf8;
/*!40101 SET character_set_client = @saved_cs_client */;

--
-- Dumping data for table `Regiment`
--

LOCK TABLES `Regiment` WRITE;
/*!40000 ALTER TABLE `Regiment` DISABLE KEYS */;
INSERT INTO `Regiment` VALUES ('Ecole Militaire'),('Forces Armées'),('Gendarmerie Nationale');
/*!40000 ALTER TABLE `Regiment` ENABLE KEYS */;
UNLOCK TABLES;

--
-- Table structure for table `Retraites`
--

DROP TABLE IF EXISTS `Retraites`;
/*!40101 SET @saved_cs_client     = @@character_set_client */;
/*!40101 SET character_set_client = utf8 */;
CREATE TABLE `Retraites` (
  `matricule` int(12) NOT NULL,
  `date_retraite` date NOT NULL,
  PRIMARY KEY (`matricule`),
  CONSTRAINT `Retraites_ibfk_1` FOREIGN KEY (`matricule`) REFERENCES `Militaires` (`matricule`) ON UPDATE CASCADE
) ENGINE=InnoDB DEFAULT CHARSET=utf8;
/*!40101 SET character_set_client = @saved_cs_client */;

--
-- Dumping data for table `Retraites`
--

LOCK TABLES `Retraites` WRITE;
/*!40000 ALTER TABLE `Retraites` DISABLE KEYS */;
INSERT INTO `Retraites` VALUES (64,'2016-05-05'),(232,'2016-04-25'),(233,'2016-04-19'),(234,'2016-04-20'),(235,'2016-04-30'),(238,'2016-05-07'),(239,'2016-05-07'),(240,'2016-05-10');
/*!40000 ALTER TABLE `Retraites` ENABLE KEYS */;
UNLOCK TABLES;

--
-- Table structure for table `Users`
--

DROP TABLE IF EXISTS `Users`;
/*!40101 SET @saved_cs_client     = @@character_set_client */;
/*!40101 SET character_set_client = utf8 */;
CREATE TABLE `Users` (
  `matricule` int(12) NOT NULL,
  `role` varchar(25) NOT NULL DEFAULT 'militaire',
  `pass` varchar(255) NOT NULL,
  UNIQUE KEY `matricule` (`matricule`),
  KEY `role` (`role`),
  CONSTRAINT `Users_ibfk_1` FOREIGN KEY (`matricule`) REFERENCES `Militaires` (`matricule`) ON UPDATE CASCADE,
  CONSTRAINT `Users_ibfk_2` FOREIGN KEY (`role`) REFERENCES `Droits` (`role`) ON UPDATE CASCADE
) ENGINE=InnoDB DEFAULT CHARSET=utf8;
/*!40101 SET character_set_client = @saved_cs_client */;

--
-- Dumping data for table `Users`
--

LOCK TABLES `Users` WRITE;
/*!40000 ALTER TABLE `Users` DISABLE KEYS */;
INSERT INTO `Users` VALUES (1,'admin','$2y$10$Z6zrWScO7NsBnraxxzstdOQOPK.BnQj5ezwFOnoXTCh4y93/oNd3C'),(2,'cadre','$2y$10$fyntvLrsZSa9KGgPuygFyuamUfL5aYkUc9LbF3JVY0lPEciPoAM82'),(3,'secretaire','$2y$10$Arh4G6JmAd5oQB1yFkLdJ.aF8nb/0xvmLBkS5nrzdHlDNAkWgYfgu'),(4,'utilisateur','$2y$10$5xWehQljnG3xuKpz6PGJtu6NfQY7ZfgwniNspspUjcfD6y29KptNq'),(13,'secretaire',''),(111,'superAdmin','$2y$10$CJLxK11C9WNxe9MmSM1.q.g5oxlbTkQbQGGwaz/Rv9rMICNkT4CgO');
/*!40000 ALTER TABLE `Users` ENABLE KEYS */;
UNLOCK TABLES;
/*!40103 SET TIME_ZONE=@OLD_TIME_ZONE */;

/*!40101 SET SQL_MODE=@OLD_SQL_MODE */;
/*!40014 SET FOREIGN_KEY_CHECKS=@OLD_FOREIGN_KEY_CHECKS */;
/*!40014 SET UNIQUE_CHECKS=@OLD_UNIQUE_CHECKS */;
/*!40101 SET CHARACTER_SET_CLIENT=@OLD_CHARACTER_SET_CLIENT */;
/*!40101 SET CHARACTER_SET_RESULTS=@OLD_CHARACTER_SET_RESULTS */;
/*!40101 SET COLLATION_CONNECTION=@OLD_COLLATION_CONNECTION */;
/*!40111 SET SQL_NOTES=@OLD_SQL_NOTES */;

-- Dump completed on 2016-05-16 14:32:42
