UPDATE `Militaires` SET `date_naissance`="1981-07-23",`date_recrutement`="2003-04-01" WHERE `matricule`="241";
INSERT INTO `Actifs` (`matricule`) VALUES ("241");
INSERT INTO `AppartientRegiment` (`matricule`,`id`,`date_appartenance`) VALUES ("241","Forces Armées","2003-04-01");
INSERT INTO `Affectation` (`matricule`,`id`,`date_affectation`) VALUES ("241","2","2003-04-01");
INSERT INTO `DetientGrades` (`matricule`,`id`,`date_promotion`) VALUES ("241","13","2008-07-13");
INSERT INTO `PossedeDiplomes` (`matricule`,`id`,`date_obtention`,`pays_obtention`,`organisme_formateur`) VALUES ("241","CAT1","2005-01-25","CONGO","centre de formation militaire");
UPDATE `Militaires` SET `date_naissance`="1963-03-11",`date_recrutement`="1987-08-17" WHERE `matricule`="242";
INSERT INTO `Actifs` (`matricule`) VALUES ("242");
INSERT INTO `AppartientRegiment` (`matricule`,`id`,`date_appartenance`) VALUES ("242","Forces Armées","1987-08-17");
INSERT INTO `Affectation` (`matricule`,`id`,`date_affectation`) VALUES ("242","1","1987-08-17");
INSERT INTO `DetientGrades` (`matricule`,`id`,`date_promotion`) VALUES ("242","14","1987-08-17");
UPDATE `Militaires` SET `date_naissance`="1967-12-02",`date_recrutement`="1989-02-13" WHERE `matricule`="243";
INSERT INTO `Actifs` (`matricule`) VALUES ("243");
INSERT INTO `AppartientRegiment` (`matricule`,`id`,`date_appartenance`) VALUES ("243","Forces Armées","1989-02-13");
INSERT INTO `Affectation` (`matricule`,`id`,`date_affectation`) VALUES ("243","8","1989-02-13");
INSERT INTO `DetientGrades` (`matricule`,`id`,`date_promotion`) VALUES ("243","14","1989-02-13");
UPDATE `Militaires` SET `date_naissance`="1975-08-24",`date_recrutement`="1995-09-01" WHERE `matricule`="244";
INSERT INTO `Actifs` (`matricule`) VALUES ("244");
INSERT INTO `AppartientRegiment` (`matricule`,`id`,`date_appartenance`) VALUES ("244","Forces Armées","1995-09-01");
INSERT INTO `Affectation` (`matricule`,`id`,`date_affectation`) VALUES ("244","5","1995-09-01");
INSERT INTO `DetientGrades` (`matricule`,`id`,`date_promotion`) VALUES ("244","14","1995-09-01");
UPDATE `Militaires` SET `date_naissance`="1980-01-24",`date_recrutement`="2005-05-25" WHERE `matricule`="245";
INSERT INTO `Actifs` (`matricule`) VALUES ("245");
INSERT INTO `AppartientRegiment` (`matricule`,`id`,`date_appartenance`) VALUES ("245","Forces Armées","2005-05-25");
INSERT INTO `Affectation` (`matricule`,`id`,`date_affectation`) VALUES ("245","7","2005-05-25");
INSERT INTO `DetientGrades` (`matricule`,`id`,`date_promotion`) VALUES ("245","8","2009-09-27");
INSERT INTO `PossedeDiplomes` (`matricule`,`id`,`date_obtention`,`pays_obtention`,`organisme_formateur`) VALUES ("245","DQSG2","2008-08-14","CONGO","centre de formation militaire");
UPDATE `Militaires` SET `date_naissance`="1975-08-03",`date_recrutement`="1997-12-11" WHERE `matricule`="246";
INSERT INTO `Actifs` (`matricule`) VALUES ("246");
INSERT INTO `AppartientRegiment` (`matricule`,`id`,`date_appartenance`) VALUES ("246","Forces Armées","1997-12-11");
INSERT INTO `Affectation` (`matricule`,`id`,`date_affectation`) VALUES ("246","10","1997-12-11");
INSERT INTO `DetientGrades` (`matricule`,`id`,`date_promotion`) VALUES ("246","8","2010-02-09");
INSERT INTO `PossedeDiplomes` (`matricule`,`id`,`date_obtention`,`pays_obtention`,`organisme_formateur`) VALUES ("246","DQSG2","2006-01-13","CONGO","centre de formation militaire");
UPDATE `Militaires` SET `date_naissance`="1976-10-24",`date_recrutement`="1998-10-15" WHERE `matricule`="247";
INSERT INTO `Actifs` (`matricule`) VALUES ("247");
INSERT INTO `AppartientRegiment` (`matricule`,`id`,`date_appartenance`) VALUES ("247","Forces Armées","1998-10-15");
INSERT INTO `Affectation` (`matricule`,`id`,`date_affectation`) VALUES ("247","4","1998-10-15");
INSERT INTO `DetientGrades` (`matricule`,`id`,`date_promotion`) VALUES ("247","8","2002-06-05");
INSERT INTO `PossedeDiplomes` (`matricule`,`id`,`date_obtention`,`pays_obtention`,`organisme_formateur`) VALUES ("247","DQSG2","1998-01-16","CONGO","centre de formation militaire");
UPDATE `Militaires` SET `date_naissance`="1982-04-01",`date_recrutement`="2004-02-05" WHERE `matricule`="248";
INSERT INTO `Actifs` (`matricule`) VALUES ("248");
INSERT INTO `AppartientRegiment` (`matricule`,`id`,`date_appartenance`) VALUES ("248","Forces Armées","2004-02-05");
INSERT INTO `Affectation` (`matricule`,`id`,`date_affectation`) VALUES ("248","5","2004-02-05");
INSERT INTO `DetientGrades` (`matricule`,`id`,`date_promotion`) VALUES ("248","14","2004-02-05");
UPDATE `Militaires` SET `date_naissance`="1956-08-12",`date_recrutement`="1978-06-17" WHERE `matricule`="249";
INSERT INTO `Actifs` (`matricule`) VALUES ("249");
INSERT INTO `AppartientRegiment` (`matricule`,`id`,`date_appartenance`) VALUES ("249","Forces Armées","1978-06-17");
INSERT INTO `Affectation` (`matricule`,`id`,`date_affectation`) VALUES ("249","4","1978-06-17");
INSERT INTO `DetientGrades` (`matricule`,`id`,`date_promotion`) VALUES ("249","9","1980-01-23");
INSERT INTO `PossedeDiplomes` (`matricule`,`id`,`date_obtention`,`pays_obtention`,`organisme_formateur`) VALUES ("249","BT1","1978-01-12","CONGO","centre de formation militaire");
UPDATE `Militaires` SET `date_naissance`="1967-10-18",`date_recrutement`="1990-11-03" WHERE `matricule`="250";
INSERT INTO `Actifs` (`matricule`) VALUES ("250");
INSERT INTO `AppartientRegiment` (`matricule`,`id`,`date_appartenance`) VALUES ("250","Forces Armées","1990-11-03");
INSERT INTO `Affectation` (`matricule`,`id`,`date_affectation`) VALUES ("250","1","1990-11-03");
INSERT INTO `DetientGrades` (`matricule`,`id`,`date_promotion`) VALUES ("250","14","1990-11-03");
UPDATE `Militaires` SET `date_naissance`="1961-01-24",`date_recrutement`="1982-09-04" WHERE `matricule`="251";
INSERT INTO `Actifs` (`matricule`) VALUES ("251");
INSERT INTO `AppartientRegiment` (`matricule`,`id`,`date_appartenance`) VALUES ("251","Forces Armées","1982-09-04");
INSERT INTO `Affectation` (`matricule`,`id`,`date_affectation`) VALUES ("251","3","1982-09-04");
INSERT INTO `DetientGrades` (`matricule`,`id`,`date_promotion`) VALUES ("251","14","1982-09-04");
UPDATE `Militaires` SET `date_naissance`="1970-08-01",`date_recrutement`="1995-11-26" WHERE `matricule`="252";
INSERT INTO `Actifs` (`matricule`) VALUES ("252");
INSERT INTO `AppartientRegiment` (`matricule`,`id`,`date_appartenance`) VALUES ("252","Forces Armées","1995-11-26");
INSERT INTO `Affectation` (`matricule`,`id`,`date_affectation`) VALUES ("252","9","1995-11-26");
INSERT INTO `DetientGrades` (`matricule`,`id`,`date_promotion`) VALUES ("252","14","1995-11-26");
UPDATE `Militaires` SET `date_naissance`="1957-03-07",`date_recrutement`="1982-06-01" WHERE `matricule`="253";
INSERT INTO `Actifs` (`matricule`) VALUES ("253");
INSERT INTO `AppartientRegiment` (`matricule`,`id`,`date_appartenance`) VALUES ("253","Forces Armées","1982-06-01");
INSERT INTO `Affectation` (`matricule`,`id`,`date_affectation`) VALUES ("253","2","1982-06-01");
INSERT INTO `DetientGrades` (`matricule`,`id`,`date_promotion`) VALUES ("253","14","1982-06-01");
UPDATE `Militaires` SET `date_naissance`="1950-11-23",`date_recrutement`="1975-07-23" WHERE `matricule`="254";
INSERT INTO `Actifs` (`matricule`) VALUES ("254");
INSERT INTO `AppartientRegiment` (`matricule`,`id`,`date_appartenance`) VALUES ("254","Forces Armées","1975-07-23");
INSERT INTO `Affectation` (`matricule`,`id`,`date_affectation`) VALUES ("254","1","1975-07-23");
INSERT INTO `DetientGrades` (`matricule`,`id`,`date_promotion`) VALUES ("254","4","2012-02-12");
INSERT INTO `PossedeDiplomes` (`matricule`,`id`,`date_obtention`,`pays_obtention`,`organisme_formateur`) VALUES ("254","CPOS","1980-02-23","CONGO","centre de formation militaire");
UPDATE `Militaires` SET `date_naissance`="1953-08-20",`date_recrutement`="1976-06-16" WHERE `matricule`="255";
INSERT INTO `Actifs` (`matricule`) VALUES ("255");
INSERT INTO `AppartientRegiment` (`matricule`,`id`,`date_appartenance`) VALUES ("255","Forces Armées","1976-06-16");
INSERT INTO `Affectation` (`matricule`,`id`,`date_affectation`) VALUES ("255","1","1976-06-16");
INSERT INTO `DetientGrades` (`matricule`,`id`,`date_promotion`) VALUES ("255","4","2008-04-22");
INSERT INTO `PossedeDiplomes` (`matricule`,`id`,`date_obtention`,`pays_obtention`,`organisme_formateur`) VALUES ("255","CPOS","2003-02-01","CONGO","centre de formation militaire");
UPDATE `Militaires` SET `date_naissance`="1983-12-23",`date_recrutement`="2005-05-04" WHERE `matricule`="256";
INSERT INTO `Actifs` (`matricule`) VALUES ("256");
INSERT INTO `AppartientRegiment` (`matricule`,`id`,`date_appartenance`) VALUES ("256","Forces Armées","2005-05-04");
INSERT INTO `Affectation` (`matricule`,`id`,`date_affectation`) VALUES ("256","5","2005-05-04");
INSERT INTO `DetientGrades` (`matricule`,`id`,`date_promotion`) VALUES ("256","13","2009-08-05");
INSERT INTO `PossedeDiplomes` (`matricule`,`id`,`date_obtention`,`pays_obtention`,`organisme_formateur`) VALUES ("256","CAT1","2005-03-08","CONGO","centre de formation militaire");
UPDATE `Militaires` SET `date_naissance`="1975-12-21",`date_recrutement`="1999-01-19" WHERE `matricule`="257";
INSERT INTO `Actifs` (`matricule`) VALUES ("257");
INSERT INTO `AppartientRegiment` (`matricule`,`id`,`date_appartenance`) VALUES ("257","Forces Armées","1999-01-19");
INSERT INTO `Affectation` (`matricule`,`id`,`date_affectation`) VALUES ("257","10","1999-01-19");
INSERT INTO `DetientGrades` (`matricule`,`id`,`date_promotion`) VALUES ("257","13","2003-04-12");
INSERT INTO `PossedeDiplomes` (`matricule`,`id`,`date_obtention`,`pays_obtention`,`organisme_formateur`) VALUES ("257","CAT1","2000-02-08","CONGO","centre de formation militaire");
UPDATE `Militaires` SET `date_naissance`="1964-08-01",`date_recrutement`="1988-09-12" WHERE `matricule`="258";
INSERT INTO `Actifs` (`matricule`) VALUES ("258");
INSERT INTO `AppartientRegiment` (`matricule`,`id`,`date_appartenance`) VALUES ("258","Forces Armées","1988-09-12");
INSERT INTO `Affectation` (`matricule`,`id`,`date_affectation`) VALUES ("258","9","1988-09-12");
INSERT INTO `DetientGrades` (`matricule`,`id`,`date_promotion`) VALUES ("258","14","1988-09-12");
UPDATE `Militaires` SET `date_naissance`="1980-04-25",`date_recrutement`="2002-06-02" WHERE `matricule`="259";
INSERT INTO `Actifs` (`matricule`) VALUES ("259");
INSERT INTO `AppartientRegiment` (`matricule`,`id`,`date_appartenance`) VALUES ("259","Forces Armées","2002-06-02");
INSERT INTO `Affectation` (`matricule`,`id`,`date_affectation`) VALUES ("259","1","2002-06-02");
INSERT INTO `DetientGrades` (`matricule`,`id`,`date_promotion`) VALUES ("259","2","2015-10-07");
INSERT INTO `PossedeDiplomes` (`matricule`,`id`,`date_obtention`,`pays_obtention`,`organisme_formateur`) VALUES ("259","DEMS","2002-03-08","CONGO","centre de formation militaire");
UPDATE `Militaires` SET `date_naissance`="1955-04-23",`date_recrutement`="1975-07-13" WHERE `matricule`="260";
INSERT INTO `Actifs` (`matricule`) VALUES ("260");
INSERT INTO `AppartientRegiment` (`matricule`,`id`,`date_appartenance`) VALUES ("260","Forces Armées","1975-07-13");
INSERT INTO `Affectation` (`matricule`,`id`,`date_affectation`) VALUES ("260","9","1975-07-13");
INSERT INTO `DetientGrades` (`matricule`,`id`,`date_promotion`) VALUES ("260","14","1975-07-13");
UPDATE `Militaires` SET `date_naissance`="1952-09-10",`date_recrutement`="1976-05-04" WHERE `matricule`="261";
INSERT INTO `Actifs` (`matricule`) VALUES ("261");
INSERT INTO `AppartientRegiment` (`matricule`,`id`,`date_appartenance`) VALUES ("261","Forces Armées","1976-05-04");
INSERT INTO `Affectation` (`matricule`,`id`,`date_affectation`) VALUES ("261","5","1976-05-04");
INSERT INTO `DetientGrades` (`matricule`,`id`,`date_promotion`) VALUES ("261","14","1976-05-04");
UPDATE `Militaires` SET `date_naissance`="1976-05-12",`date_recrutement`="1995-06-15" WHERE `matricule`="262";
INSERT INTO `Actifs` (`matricule`) VALUES ("262");
INSERT INTO `AppartientRegiment` (`matricule`,`id`,`date_appartenance`) VALUES ("262","Forces Armées","1995-06-15");
INSERT INTO `Affectation` (`matricule`,`id`,`date_affectation`) VALUES ("262","2","1995-06-15");
INSERT INTO `DetientGrades` (`matricule`,`id`,`date_promotion`) VALUES ("262","7","2012-03-27");
INSERT INTO `PossedeDiplomes` (`matricule`,`id`,`date_obtention`,`pays_obtention`,`organisme_formateur`) VALUES ("262","DQSG2","1998-02-27","CONGO","centre de formation militaire");
UPDATE `Militaires` SET `date_naissance`="1955-01-08",`date_recrutement`="1976-09-24" WHERE `matricule`="263";
INSERT INTO `Actifs` (`matricule`) VALUES ("263");
INSERT INTO `AppartientRegiment` (`matricule`,`id`,`date_appartenance`) VALUES ("263","Forces Armées","1976-09-24");
INSERT INTO `Affectation` (`matricule`,`id`,`date_affectation`) VALUES ("263","4","1976-09-24");
INSERT INTO `DetientGrades` (`matricule`,`id`,`date_promotion`) VALUES ("263","14","1976-09-24");
UPDATE `Militaires` SET `date_naissance`="1975-04-06",`date_recrutement`="1994-12-11" WHERE `matricule`="264";
INSERT INTO `Actifs` (`matricule`) VALUES ("264");
INSERT INTO `AppartientRegiment` (`matricule`,`id`,`date_appartenance`) VALUES ("264","Forces Armées","1994-12-11");
INSERT INTO `Affectation` (`matricule`,`id`,`date_affectation`) VALUES ("264","10","1994-12-11");
INSERT INTO `DetientGrades` (`matricule`,`id`,`date_promotion`) VALUES ("264","6","2011-03-22");
INSERT INTO `PossedeDiplomes` (`matricule`,`id`,`date_obtention`,`pays_obtention`,`organisme_formateur`) VALUES ("264","DCS","1997-01-11","CONGO","centre de formation militaire");
UPDATE `Militaires` SET `date_naissance`="1958-10-24",`date_recrutement`="1981-11-05" WHERE `matricule`="265";
INSERT INTO `Actifs` (`matricule`) VALUES ("265");
INSERT INTO `AppartientRegiment` (`matricule`,`id`,`date_appartenance`) VALUES ("265","Forces Armées","1981-11-05");
INSERT INTO `Affectation` (`matricule`,`id`,`date_affectation`) VALUES ("265","5","1981-11-05");
INSERT INTO `DetientGrades` (`matricule`,`id`,`date_promotion`) VALUES ("265","11","1991-06-06");
INSERT INTO `PossedeDiplomes` (`matricule`,`id`,`date_obtention`,`pays_obtention`,`organisme_formateur`) VALUES ("265","BS","1984-05-15","CONGO","centre de formation militaire");
UPDATE `Militaires` SET `date_naissance`="1972-03-23",`date_recrutement`="1993-11-26" WHERE `matricule`="266";
INSERT INTO `Actifs` (`matricule`) VALUES ("266");
INSERT INTO `AppartientRegiment` (`matricule`,`id`,`date_appartenance`) VALUES ("266","Forces Armées","1993-11-26");
INSERT INTO `Affectation` (`matricule`,`id`,`date_affectation`) VALUES ("266","7","1993-11-26");
INSERT INTO `DetientGrades` (`matricule`,`id`,`date_promotion`) VALUES ("266","14","1993-11-26");
UPDATE `Militaires` SET `date_naissance`="1975-09-12",`date_recrutement`="1997-04-16" WHERE `matricule`="267";
INSERT INTO `Actifs` (`matricule`) VALUES ("267");
INSERT INTO `AppartientRegiment` (`matricule`,`id`,`date_appartenance`) VALUES ("267","Forces Armées","1997-04-16");
INSERT INTO `Affectation` (`matricule`,`id`,`date_affectation`) VALUES ("267","7","1997-04-16");
INSERT INTO `DetientGrades` (`matricule`,`id`,`date_promotion`) VALUES ("267","14","1997-04-16");
UPDATE `Militaires` SET `date_naissance`="1984-04-13",`date_recrutement`="2008-06-12" WHERE `matricule`="268";
INSERT INTO `Actifs` (`matricule`) VALUES ("268");
INSERT INTO `AppartientRegiment` (`matricule`,`id`,`date_appartenance`) VALUES ("268","Forces Armées","2008-06-12");
INSERT INTO `Affectation` (`matricule`,`id`,`date_affectation`) VALUES ("268","2","2008-06-12");
INSERT INTO `DetientGrades` (`matricule`,`id`,`date_promotion`) VALUES ("268","8","2010-10-13");
INSERT INTO `PossedeDiplomes` (`matricule`,`id`,`date_obtention`,`pays_obtention`,`organisme_formateur`) VALUES ("268","DQSG2","2008-02-05","CONGO","centre de formation militaire");
UPDATE `Militaires` SET `date_naissance`="1956-03-25",`date_recrutement`="1975-05-19" WHERE `matricule`="269";
INSERT INTO `Actifs` (`matricule`) VALUES ("269");
INSERT INTO `AppartientRegiment` (`matricule`,`id`,`date_appartenance`) VALUES ("269","Forces Armées","1975-05-19");
INSERT INTO `Affectation` (`matricule`,`id`,`date_affectation`) VALUES ("269","4","1975-05-19");
INSERT INTO `DetientGrades` (`matricule`,`id`,`date_promotion`) VALUES ("269","10","1992-01-05");
INSERT INTO `PossedeDiplomes` (`matricule`,`id`,`date_obtention`,`pays_obtention`,`organisme_formateur`) VALUES ("269","BE2","1975-01-19","CONGO","centre de formation militaire");
UPDATE `Militaires` SET `date_naissance`="1977-03-05",`date_recrutement`="1997-05-14" WHERE `matricule`="270";
INSERT INTO `Actifs` (`matricule`) VALUES ("270");
INSERT INTO `AppartientRegiment` (`matricule`,`id`,`date_appartenance`) VALUES ("270","Forces Armées","1997-05-14");
INSERT INTO `Affectation` (`matricule`,`id`,`date_affectation`) VALUES ("270","5","1997-05-14");
INSERT INTO `DetientGrades` (`matricule`,`id`,`date_promotion`) VALUES ("270","14","1997-05-14");
UPDATE `Militaires` SET `date_naissance`="1957-11-26",`date_recrutement`="1982-04-19" WHERE `matricule`="271";
INSERT INTO `Actifs` (`matricule`) VALUES ("271");
INSERT INTO `AppartientRegiment` (`matricule`,`id`,`date_appartenance`) VALUES ("271","Forces Armées","1982-04-19");
INSERT INTO `Affectation` (`matricule`,`id`,`date_affectation`) VALUES ("271","5","1982-04-19");
INSERT INTO `DetientGrades` (`matricule`,`id`,`date_promotion`) VALUES ("271","7","1995-07-06");
INSERT INTO `PossedeDiplomes` (`matricule`,`id`,`date_obtention`,`pays_obtention`,`organisme_formateur`) VALUES ("271","DQSG2","1988-06-26","CONGO","centre de formation militaire");
UPDATE `Militaires` SET `date_naissance`="1985-02-08",`date_recrutement`="2005-05-04" WHERE `matricule`="272";
INSERT INTO `Actifs` (`matricule`) VALUES ("272");
INSERT INTO `AppartientRegiment` (`matricule`,`id`,`date_appartenance`) VALUES ("272","Forces Armées","2005-05-04");
INSERT INTO `Affectation` (`matricule`,`id`,`date_affectation`) VALUES ("272","7","2005-05-04");
INSERT INTO `DetientGrades` (`matricule`,`id`,`date_promotion`) VALUES ("272","6","2013-10-09");
INSERT INTO `PossedeDiplomes` (`matricule`,`id`,`date_obtention`,`pays_obtention`,`organisme_formateur`) VALUES ("272","DCS","2008-05-08","CONGO","centre de formation militaire");
UPDATE `Militaires` SET `date_naissance`="1979-12-20",`date_recrutement`="2001-06-09" WHERE `matricule`="273";
INSERT INTO `Actifs` (`matricule`) VALUES ("273");
INSERT INTO `AppartientRegiment` (`matricule`,`id`,`date_appartenance`) VALUES ("273","Forces Armées","2001-06-09");
INSERT INTO `Affectation` (`matricule`,`id`,`date_affectation`) VALUES ("273","7","2001-06-09");
INSERT INTO `DetientGrades` (`matricule`,`id`,`date_promotion`) VALUES ("273","14","2001-06-09");
UPDATE `Militaires` SET `date_naissance`="1980-11-27",`date_recrutement`="2002-09-10" WHERE `matricule`="274";
INSERT INTO `Actifs` (`matricule`) VALUES ("274");
INSERT INTO `AppartientRegiment` (`matricule`,`id`,`date_appartenance`) VALUES ("274","Forces Armées","2002-09-10");
INSERT INTO `Affectation` (`matricule`,`id`,`date_affectation`) VALUES ("274","4","2002-09-10");
INSERT INTO `DetientGrades` (`matricule`,`id`,`date_promotion`) VALUES ("274","7","2008-04-20");
INSERT INTO `PossedeDiplomes` (`matricule`,`id`,`date_obtention`,`pays_obtention`,`organisme_formateur`) VALUES ("274","DQSG2","2008-04-05","CONGO","centre de formation militaire");
UPDATE `Militaires` SET `date_naissance`="1989-06-12",`date_recrutement`="2013-07-25" WHERE `matricule`="275";
INSERT INTO `Actifs` (`matricule`) VALUES ("275");
INSERT INTO `AppartientRegiment` (`matricule`,`id`,`date_appartenance`) VALUES ("275","Forces Armées","2013-07-25");
INSERT INTO `Affectation` (`matricule`,`id`,`date_affectation`) VALUES ("275","3","2013-07-25");
INSERT INTO `DetientGrades` (`matricule`,`id`,`date_promotion`) VALUES ("275","14","2013-07-25");
UPDATE `Militaires` SET `date_naissance`="1983-05-05",`date_recrutement`="2003-04-07" WHERE `matricule`="276";
INSERT INTO `Actifs` (`matricule`) VALUES ("276");
INSERT INTO `AppartientRegiment` (`matricule`,`id`,`date_appartenance`) VALUES ("276","Forces Armées","2003-04-07");
INSERT INTO `Affectation` (`matricule`,`id`,`date_affectation`) VALUES ("276","9","2003-04-07");
INSERT INTO `DetientGrades` (`matricule`,`id`,`date_promotion`) VALUES ("276","10","2014-05-09");
INSERT INTO `PossedeDiplomes` (`matricule`,`id`,`date_obtention`,`pays_obtention`,`organisme_formateur`) VALUES ("276","BE2","2006-02-24","CONGO","centre de formation militaire");
UPDATE `Militaires` SET `date_naissance`="1960-12-01",`date_recrutement`="1982-09-24" WHERE `matricule`="277";
INSERT INTO `Actifs` (`matricule`) VALUES ("277");
INSERT INTO `AppartientRegiment` (`matricule`,`id`,`date_appartenance`) VALUES ("277","Forces Armées","1982-09-24");
INSERT INTO `Affectation` (`matricule`,`id`,`date_affectation`) VALUES ("277","10","1982-09-24");
INSERT INTO `DetientGrades` (`matricule`,`id`,`date_promotion`) VALUES ("277","9","2012-09-15");
INSERT INTO `PossedeDiplomes` (`matricule`,`id`,`date_obtention`,`pays_obtention`,`organisme_formateur`) VALUES ("277","BT1","1996-03-02","CONGO","centre de formation militaire");
UPDATE `Militaires` SET `date_naissance`="1952-12-08",`date_recrutement`="1973-10-17" WHERE `matricule`="278";
INSERT INTO `Actifs` (`matricule`) VALUES ("278");
INSERT INTO `AppartientRegiment` (`matricule`,`id`,`date_appartenance`) VALUES ("278","Forces Armées","1973-10-17");
INSERT INTO `Affectation` (`matricule`,`id`,`date_affectation`) VALUES ("278","10","1973-10-17");
INSERT INTO `DetientGrades` (`matricule`,`id`,`date_promotion`) VALUES ("278","13","2002-11-10");
INSERT INTO `PossedeDiplomes` (`matricule`,`id`,`date_obtention`,`pays_obtention`,`organisme_formateur`) VALUES ("278","CAT1","1976-10-23","CONGO","centre de formation militaire");
UPDATE `Militaires` SET `date_naissance`="1988-03-09",`date_recrutement`="2010-06-13" WHERE `matricule`="279";
INSERT INTO `Actifs` (`matricule`) VALUES ("279");
INSERT INTO `AppartientRegiment` (`matricule`,`id`,`date_appartenance`) VALUES ("279","Forces Armées","2010-06-13");
INSERT INTO `Affectation` (`matricule`,`id`,`date_affectation`) VALUES ("279","1","2010-06-13");
INSERT INTO `DetientGrades` (`matricule`,`id`,`date_promotion`) VALUES ("279","14","2010-06-13");
UPDATE `Militaires` SET `date_naissance`="1984-03-11",`date_recrutement`="2008-02-12" WHERE `matricule`="280";
INSERT INTO `Actifs` (`matricule`) VALUES ("280");
INSERT INTO `AppartientRegiment` (`matricule`,`id`,`date_appartenance`) VALUES ("280","Forces Armées","2008-02-12");
INSERT INTO `Affectation` (`matricule`,`id`,`date_affectation`) VALUES ("280","5","2008-02-12");
INSERT INTO `DetientGrades` (`matricule`,`id`,`date_promotion`) VALUES ("280","3","2011-04-01");
INSERT INTO `PossedeDiplomes` (`matricule`,`id`,`date_obtention`,`pays_obtention`,`organisme_formateur`) VALUES ("280","DEMS","2008-02-13","CONGO","centre de formation militaire");
UPDATE `Militaires` SET `date_naissance`="1983-07-22",`date_recrutement`="2008-09-11" WHERE `matricule`="281";
INSERT INTO `Actifs` (`matricule`) VALUES ("281");
INSERT INTO `AppartientRegiment` (`matricule`,`id`,`date_appartenance`) VALUES ("281","Forces Armées","2008-09-11");
INSERT INTO `Affectation` (`matricule`,`id`,`date_affectation`) VALUES ("281","9","2008-09-11");
INSERT INTO `DetientGrades` (`matricule`,`id`,`date_promotion`) VALUES ("281","8","2013-03-21");
INSERT INTO `PossedeDiplomes` (`matricule`,`id`,`date_obtention`,`pays_obtention`,`organisme_formateur`) VALUES ("281","DQSG2","2009-03-24","CONGO","centre de formation militaire");
UPDATE `Militaires` SET `date_naissance`="1953-01-16",`date_recrutement`="1977-01-21" WHERE `matricule`="282";
INSERT INTO `Actifs` (`matricule`) VALUES ("282");
INSERT INTO `AppartientRegiment` (`matricule`,`id`,`date_appartenance`) VALUES ("282","Forces Armées","1977-01-21");
INSERT INTO `Affectation` (`matricule`,`id`,`date_affectation`) VALUES ("282","9","1977-01-21");
INSERT INTO `DetientGrades` (`matricule`,`id`,`date_promotion`) VALUES ("282","10","1991-04-24");
INSERT INTO `PossedeDiplomes` (`matricule`,`id`,`date_obtention`,`pays_obtention`,`organisme_formateur`) VALUES ("282","BE2","1987-02-12","CONGO","centre de formation militaire");
UPDATE `Militaires` SET `date_naissance`="1985-06-23",`date_recrutement`="2005-05-02" WHERE `matricule`="283";
INSERT INTO `Actifs` (`matricule`) VALUES ("283");
INSERT INTO `AppartientRegiment` (`matricule`,`id`,`date_appartenance`) VALUES ("283","Forces Armées","2005-05-02");
INSERT INTO `Affectation` (`matricule`,`id`,`date_affectation`) VALUES ("283","6","2005-05-02");
INSERT INTO `DetientGrades` (`matricule`,`id`,`date_promotion`) VALUES ("283","14","2005-05-02");
UPDATE `Militaires` SET `date_naissance`="1982-04-02",`date_recrutement`="2003-04-13" WHERE `matricule`="284";
INSERT INTO `Actifs` (`matricule`) VALUES ("284");
INSERT INTO `AppartientRegiment` (`matricule`,`id`,`date_appartenance`) VALUES ("284","Forces Armées","2003-04-13");
INSERT INTO `Affectation` (`matricule`,`id`,`date_affectation`) VALUES ("284","5","2003-04-13");
INSERT INTO `DetientGrades` (`matricule`,`id`,`date_promotion`) VALUES ("284","13","2009-09-14");
INSERT INTO `PossedeDiplomes` (`matricule`,`id`,`date_obtention`,`pays_obtention`,`organisme_formateur`) VALUES ("284","CAT1","2006-03-07","CONGO","centre de formation militaire");
UPDATE `Militaires` SET `date_naissance`="1979-03-17",`date_recrutement`="1998-05-22" WHERE `matricule`="285";
INSERT INTO `Actifs` (`matricule`) VALUES ("285");
INSERT INTO `AppartientRegiment` (`matricule`,`id`,`date_appartenance`) VALUES ("285","Forces Armées","1998-05-22");
INSERT INTO `Affectation` (`matricule`,`id`,`date_affectation`) VALUES ("285","9","1998-05-22");
INSERT INTO `DetientGrades` (`matricule`,`id`,`date_promotion`) VALUES ("285","13","2008-11-10");
INSERT INTO `PossedeDiplomes` (`matricule`,`id`,`date_obtention`,`pays_obtention`,`organisme_formateur`) VALUES ("285","CAT1","2002-08-15","CONGO","centre de formation militaire");
UPDATE `Militaires` SET `date_naissance`="1971-03-08",`date_recrutement`="1992-03-23" WHERE `matricule`="286";
INSERT INTO `Actifs` (`matricule`) VALUES ("286");
INSERT INTO `AppartientRegiment` (`matricule`,`id`,`date_appartenance`) VALUES ("286","Forces Armées","1992-03-23");
INSERT INTO `Affectation` (`matricule`,`id`,`date_affectation`) VALUES ("286","7","1992-03-23");
INSERT INTO `DetientGrades` (`matricule`,`id`,`date_promotion`) VALUES ("286","4","1993-05-11");
INSERT INTO `PossedeDiplomes` (`matricule`,`id`,`date_obtention`,`pays_obtention`,`organisme_formateur`) VALUES ("286","CPOS","1992-01-10","CONGO","centre de formation militaire");
UPDATE `Militaires` SET `date_naissance`="1965-03-17",`date_recrutement`="1987-09-08" WHERE `matricule`="287";
INSERT INTO `Actifs` (`matricule`) VALUES ("287");
INSERT INTO `AppartientRegiment` (`matricule`,`id`,`date_appartenance`) VALUES ("287","Forces Armées","1987-09-08");
INSERT INTO `Affectation` (`matricule`,`id`,`date_affectation`) VALUES ("287","6","1987-09-08");
INSERT INTO `DetientGrades` (`matricule`,`id`,`date_promotion`) VALUES ("287","9","1993-10-01");
INSERT INTO `PossedeDiplomes` (`matricule`,`id`,`date_obtention`,`pays_obtention`,`organisme_formateur`) VALUES ("287","BT1","1987-01-09","CONGO","centre de formation militaire");
UPDATE `Militaires` SET `date_naissance`="1989-11-16",`date_recrutement`="2012-07-10" WHERE `matricule`="288";
INSERT INTO `Actifs` (`matricule`) VALUES ("288");
INSERT INTO `AppartientRegiment` (`matricule`,`id`,`date_appartenance`) VALUES ("288","Forces Armées","2012-07-10");
INSERT INTO `Affectation` (`matricule`,`id`,`date_affectation`) VALUES ("288","6","2012-07-10");
INSERT INTO `DetientGrades` (`matricule`,`id`,`date_promotion`) VALUES ("288","14","2012-07-10");
UPDATE `Militaires` SET `date_naissance`="1957-12-16",`date_recrutement`="1976-04-24" WHERE `matricule`="289";
INSERT INTO `Actifs` (`matricule`) VALUES ("289");
INSERT INTO `AppartientRegiment` (`matricule`,`id`,`date_appartenance`) VALUES ("289","Forces Armées","1976-04-24");
INSERT INTO `Affectation` (`matricule`,`id`,`date_affectation`) VALUES ("289","3","1976-04-24");
INSERT INTO `DetientGrades` (`matricule`,`id`,`date_promotion`) VALUES ("289","13","2010-02-24");
INSERT INTO `PossedeDiplomes` (`matricule`,`id`,`date_obtention`,`pays_obtention`,`organisme_formateur`) VALUES ("289","CAT1","2007-02-08","CONGO","centre de formation militaire");
UPDATE `Militaires` SET `date_naissance`="1985-08-21",`date_recrutement`="2010-02-11" WHERE `matricule`="290";
INSERT INTO `Actifs` (`matricule`) VALUES ("290");
INSERT INTO `AppartientRegiment` (`matricule`,`id`,`date_appartenance`) VALUES ("290","Forces Armées","2010-02-11");
INSERT INTO `Affectation` (`matricule`,`id`,`date_affectation`) VALUES ("290","5","2010-02-11");
INSERT INTO `DetientGrades` (`matricule`,`id`,`date_promotion`) VALUES ("290","9","2015-06-03");
INSERT INTO `PossedeDiplomes` (`matricule`,`id`,`date_obtention`,`pays_obtention`,`organisme_formateur`) VALUES ("290","BT1","2013-01-05","CONGO","centre de formation militaire");
UPDATE `Militaires` SET `date_naissance`="1960-01-24",`date_recrutement`="1985-12-06" WHERE `matricule`="291";
INSERT INTO `Actifs` (`matricule`) VALUES ("291");
INSERT INTO `AppartientRegiment` (`matricule`,`id`,`date_appartenance`) VALUES ("291","Forces Armées","1985-12-06");
INSERT INTO `Affectation` (`matricule`,`id`,`date_affectation`) VALUES ("291","6","1985-12-06");
INSERT INTO `DetientGrades` (`matricule`,`id`,`date_promotion`) VALUES ("291","10","2015-04-15");
INSERT INTO `PossedeDiplomes` (`matricule`,`id`,`date_obtention`,`pays_obtention`,`organisme_formateur`) VALUES ("291","BE2","2006-04-17","CONGO","centre de formation militaire");
UPDATE `Militaires` SET `date_naissance`="1988-12-26",`date_recrutement`="2007-11-12" WHERE `matricule`="292";
INSERT INTO `Actifs` (`matricule`) VALUES ("292");
INSERT INTO `AppartientRegiment` (`matricule`,`id`,`date_appartenance`) VALUES ("292","Forces Armées","2007-11-12");
INSERT INTO `Affectation` (`matricule`,`id`,`date_affectation`) VALUES ("292","8","2007-11-12");
INSERT INTO `DetientGrades` (`matricule`,`id`,`date_promotion`) VALUES ("292","14","2007-11-12");
UPDATE `Militaires` SET `date_naissance`="1979-03-16",`date_recrutement`="1998-11-14" WHERE `matricule`="293";
INSERT INTO `Actifs` (`matricule`) VALUES ("293");
INSERT INTO `AppartientRegiment` (`matricule`,`id`,`date_appartenance`) VALUES ("293","Forces Armées","1998-11-14");
INSERT INTO `Affectation` (`matricule`,`id`,`date_affectation`) VALUES ("293","4","1998-11-14");
INSERT INTO `DetientGrades` (`matricule`,`id`,`date_promotion`) VALUES ("293","13","2004-01-27");
INSERT INTO `PossedeDiplomes` (`matricule`,`id`,`date_obtention`,`pays_obtention`,`organisme_formateur`) VALUES ("293","CAT1","2003-01-13","CONGO","centre de formation militaire");
UPDATE `Militaires` SET `date_naissance`="1963-02-23",`date_recrutement`="1987-01-26" WHERE `matricule`="294";
INSERT INTO `Actifs` (`matricule`) VALUES ("294");
INSERT INTO `AppartientRegiment` (`matricule`,`id`,`date_appartenance`) VALUES ("294","Forces Armées","1987-01-26");
INSERT INTO `Affectation` (`matricule`,`id`,`date_affectation`) VALUES ("294","3","1987-01-26");
INSERT INTO `DetientGrades` (`matricule`,`id`,`date_promotion`) VALUES ("294","14","1987-01-26");
UPDATE `Militaires` SET `date_naissance`="1973-10-14",`date_recrutement`="1998-04-12" WHERE `matricule`="295";
INSERT INTO `Actifs` (`matricule`) VALUES ("295");
INSERT INTO `AppartientRegiment` (`matricule`,`id`,`date_appartenance`) VALUES ("295","Forces Armées","1998-04-12");
INSERT INTO `Affectation` (`matricule`,`id`,`date_affectation`) VALUES ("295","10","1998-04-12");
INSERT INTO `DetientGrades` (`matricule`,`id`,`date_promotion`) VALUES ("295","10","2011-08-18");
INSERT INTO `PossedeDiplomes` (`matricule`,`id`,`date_obtention`,`pays_obtention`,`organisme_formateur`) VALUES ("295","BE2","1999-02-21","CONGO","centre de formation militaire");
UPDATE `Militaires` SET `date_naissance`="1958-03-11",`date_recrutement`="1979-03-09" WHERE `matricule`="296";
INSERT INTO `Actifs` (`matricule`) VALUES ("296");
INSERT INTO `AppartientRegiment` (`matricule`,`id`,`date_appartenance`) VALUES ("296","Forces Armées","1979-03-09");
INSERT INTO `Affectation` (`matricule`,`id`,`date_affectation`) VALUES ("296","4","1979-03-09");
INSERT INTO `DetientGrades` (`matricule`,`id`,`date_promotion`) VALUES ("296","13","1980-05-08");
INSERT INTO `PossedeDiplomes` (`matricule`,`id`,`date_obtention`,`pays_obtention`,`organisme_formateur`) VALUES ("296","CAT1","1979-03-11","CONGO","centre de formation militaire");
UPDATE `Militaires` SET `date_naissance`="1966-03-10",`date_recrutement`="1987-01-11" WHERE `matricule`="297";
INSERT INTO `Actifs` (`matricule`) VALUES ("297");
INSERT INTO `AppartientRegiment` (`matricule`,`id`,`date_appartenance`) VALUES ("297","Forces Armées","1987-01-11");
INSERT INTO `Affectation` (`matricule`,`id`,`date_affectation`) VALUES ("297","10","1987-01-11");
INSERT INTO `DetientGrades` (`matricule`,`id`,`date_promotion`) VALUES ("297","14","1987-01-11");
UPDATE `Militaires` SET `date_naissance`="1950-04-06",`date_recrutement`="1975-11-11" WHERE `matricule`="298";
INSERT INTO `Actifs` (`matricule`) VALUES ("298");
INSERT INTO `AppartientRegiment` (`matricule`,`id`,`date_appartenance`) VALUES ("298","Forces Armées","1975-11-11");
INSERT INTO `Affectation` (`matricule`,`id`,`date_affectation`) VALUES ("298","4","1975-11-11");
INSERT INTO `DetientGrades` (`matricule`,`id`,`date_promotion`) VALUES ("298","14","1975-11-11");
UPDATE `Militaires` SET `date_naissance`="1964-10-14",`date_recrutement`="1983-05-24" WHERE `matricule`="299";
INSERT INTO `Actifs` (`matricule`) VALUES ("299");
INSERT INTO `AppartientRegiment` (`matricule`,`id`,`date_appartenance`) VALUES ("299","Forces Armées","1983-05-24");
INSERT INTO `Affectation` (`matricule`,`id`,`date_affectation`) VALUES ("299","1","1983-05-24");
INSERT INTO `DetientGrades` (`matricule`,`id`,`date_promotion`) VALUES ("299","14","1983-05-24");
UPDATE `Militaires` SET `date_naissance`="1990-07-08",`date_recrutement`="2012-05-19" WHERE `matricule`="300";
INSERT INTO `Actifs` (`matricule`) VALUES ("300");
INSERT INTO `AppartientRegiment` (`matricule`,`id`,`date_appartenance`) VALUES ("300","Forces Armées","2012-05-19");
INSERT INTO `Affectation` (`matricule`,`id`,`date_affectation`) VALUES ("300","6","2012-05-19");
INSERT INTO `DetientGrades` (`matricule`,`id`,`date_promotion`) VALUES ("300","10","2013-02-02");
INSERT INTO `PossedeDiplomes` (`matricule`,`id`,`date_obtention`,`pays_obtention`,`organisme_formateur`) VALUES ("300","BE2","2013-01-13","CONGO","centre de formation militaire");
UPDATE `Militaires` SET `date_naissance`="1957-07-27",`date_recrutement`="1977-09-16" WHERE `matricule`="301";
INSERT INTO `Actifs` (`matricule`) VALUES ("301");
INSERT INTO `AppartientRegiment` (`matricule`,`id`,`date_appartenance`) VALUES ("301","Forces Armées","1977-09-16");
INSERT INTO `Affectation` (`matricule`,`id`,`date_affectation`) VALUES ("301","6","1977-09-16");
INSERT INTO `DetientGrades` (`matricule`,`id`,`date_promotion`) VALUES ("301","12","1987-07-10");
INSERT INTO `PossedeDiplomes` (`matricule`,`id`,`date_obtention`,`pays_obtention`,`organisme_formateur`) VALUES ("301","CAT1","1980-03-09","CONGO","centre de formation militaire");
UPDATE `Militaires` SET `date_naissance`="1964-10-19",`date_recrutement`="1986-09-20" WHERE `matricule`="302";
INSERT INTO `Actifs` (`matricule`) VALUES ("302");
INSERT INTO `AppartientRegiment` (`matricule`,`id`,`date_appartenance`) VALUES ("302","Forces Armées","1986-09-20");
INSERT INTO `Affectation` (`matricule`,`id`,`date_affectation`) VALUES ("302","6","1986-09-20");
INSERT INTO `DetientGrades` (`matricule`,`id`,`date_promotion`) VALUES ("302","14","1986-09-20");
UPDATE `Militaires` SET `date_naissance`="1977-02-25",`date_recrutement`="2001-08-16" WHERE `matricule`="303";
INSERT INTO `Actifs` (`matricule`) VALUES ("303");
INSERT INTO `AppartientRegiment` (`matricule`,`id`,`date_appartenance`) VALUES ("303","Forces Armées","2001-08-16");
INSERT INTO `Affectation` (`matricule`,`id`,`date_affectation`) VALUES ("303","3","2001-08-16");
INSERT INTO `DetientGrades` (`matricule`,`id`,`date_promotion`) VALUES ("303","9","2012-06-02");
INSERT INTO `PossedeDiplomes` (`matricule`,`id`,`date_obtention`,`pays_obtention`,`organisme_formateur`) VALUES ("303","BT1","2002-05-18","CONGO","centre de formation militaire");
UPDATE `Militaires` SET `date_naissance`="1981-10-27",`date_recrutement`="2003-03-20" WHERE `matricule`="304";
INSERT INTO `Actifs` (`matricule`) VALUES ("304");
INSERT INTO `AppartientRegiment` (`matricule`,`id`,`date_appartenance`) VALUES ("304","Forces Armées","2003-03-20");
INSERT INTO `Affectation` (`matricule`,`id`,`date_affectation`) VALUES ("304","9","2003-03-20");
INSERT INTO `DetientGrades` (`matricule`,`id`,`date_promotion`) VALUES ("304","14","2003-03-20");
UPDATE `Militaires` SET `date_naissance`="1977-11-05",`date_recrutement`="1996-08-27" WHERE `matricule`="305";
INSERT INTO `Actifs` (`matricule`) VALUES ("305");
INSERT INTO `AppartientRegiment` (`matricule`,`id`,`date_appartenance`) VALUES ("305","Forces Armées","1996-08-27");
INSERT INTO `Affectation` (`matricule`,`id`,`date_affectation`) VALUES ("305","1","1996-08-27");
INSERT INTO `DetientGrades` (`matricule`,`id`,`date_promotion`) VALUES ("305","8","2006-09-15");
INSERT INTO `PossedeDiplomes` (`matricule`,`id`,`date_obtention`,`pays_obtention`,`organisme_formateur`) VALUES ("305","DQSG2","1996-02-18","CONGO","centre de formation militaire");
UPDATE `Militaires` SET `date_naissance`="1960-06-21",`date_recrutement`="1979-10-11" WHERE `matricule`="306";
INSERT INTO `Actifs` (`matricule`) VALUES ("306");
INSERT INTO `AppartientRegiment` (`matricule`,`id`,`date_appartenance`) VALUES ("306","Forces Armées","1979-10-11");
INSERT INTO `Affectation` (`matricule`,`id`,`date_affectation`) VALUES ("306","3","1979-10-11");
INSERT INTO `DetientGrades` (`matricule`,`id`,`date_promotion`) VALUES ("306","14","1979-10-11");
UPDATE `Militaires` SET `date_naissance`="1961-03-07",`date_recrutement`="1986-03-14" WHERE `matricule`="307";
INSERT INTO `Actifs` (`matricule`) VALUES ("307");
INSERT INTO `AppartientRegiment` (`matricule`,`id`,`date_appartenance`) VALUES ("307","Forces Armées","1986-03-14");
INSERT INTO `Affectation` (`matricule`,`id`,`date_affectation`) VALUES ("307","3","1986-03-14");
INSERT INTO `DetientGrades` (`matricule`,`id`,`date_promotion`) VALUES ("307","14","1986-03-14");
UPDATE `Militaires` SET `date_naissance`="1979-06-14",`date_recrutement`="2002-05-01" WHERE `matricule`="308";
INSERT INTO `Actifs` (`matricule`) VALUES ("308");
INSERT INTO `AppartientRegiment` (`matricule`,`id`,`date_appartenance`) VALUES ("308","Forces Armées","2002-05-01");
INSERT INTO `Affectation` (`matricule`,`id`,`date_affectation`) VALUES ("308","1","2002-05-01");
INSERT INTO `DetientGrades` (`matricule`,`id`,`date_promotion`) VALUES ("308","7","2008-12-27");
INSERT INTO `PossedeDiplomes` (`matricule`,`id`,`date_obtention`,`pays_obtention`,`organisme_formateur`) VALUES ("308","DQSG2","2008-06-03","CONGO","centre de formation militaire");
UPDATE `Militaires` SET `date_naissance`="1965-03-12",`date_recrutement`="1989-01-15" WHERE `matricule`="309";
INSERT INTO `Actifs` (`matricule`) VALUES ("309");
INSERT INTO `AppartientRegiment` (`matricule`,`id`,`date_appartenance`) VALUES ("309","Forces Armées","1989-01-15");
INSERT INTO `Affectation` (`matricule`,`id`,`date_affectation`) VALUES ("309","6","1989-01-15");
INSERT INTO `DetientGrades` (`matricule`,`id`,`date_promotion`) VALUES ("309","4","1995-04-18");
INSERT INTO `PossedeDiplomes` (`matricule`,`id`,`date_obtention`,`pays_obtention`,`organisme_formateur`) VALUES ("309","CPOS","1993-03-09","CONGO","centre de formation militaire");
UPDATE `Militaires` SET `date_naissance`="1968-08-17",`date_recrutement`="1990-05-21" WHERE `matricule`="310";
INSERT INTO `Actifs` (`matricule`) VALUES ("310");
INSERT INTO `AppartientRegiment` (`matricule`,`id`,`date_appartenance`) VALUES ("310","Forces Armées","1990-05-21");
INSERT INTO `Affectation` (`matricule`,`id`,`date_affectation`) VALUES ("310","3","1990-05-21");
INSERT INTO `DetientGrades` (`matricule`,`id`,`date_promotion`) VALUES ("310","14","1990-05-21");
UPDATE `Militaires` SET `date_naissance`="1979-01-10",`date_recrutement`="2002-08-10" WHERE `matricule`="311";
INSERT INTO `Actifs` (`matricule`) VALUES ("311");
INSERT INTO `AppartientRegiment` (`matricule`,`id`,`date_appartenance`) VALUES ("311","Forces Armées","2002-08-10");
INSERT INTO `Affectation` (`matricule`,`id`,`date_affectation`) VALUES ("311","6","2002-08-10");
INSERT INTO `DetientGrades` (`matricule`,`id`,`date_promotion`) VALUES ("311","14","2002-08-10");
UPDATE `Militaires` SET `date_naissance`="1960-03-20",`date_recrutement`="1985-06-17" WHERE `matricule`="312";
INSERT INTO `Actifs` (`matricule`) VALUES ("312");
INSERT INTO `AppartientRegiment` (`matricule`,`id`,`date_appartenance`) VALUES ("312","Forces Armées","1985-06-17");
INSERT INTO `Affectation` (`matricule`,`id`,`date_affectation`) VALUES ("312","9","1985-06-17");
INSERT INTO `DetientGrades` (`matricule`,`id`,`date_promotion`) VALUES ("312","9","2006-05-01");
INSERT INTO `PossedeDiplomes` (`matricule`,`id`,`date_obtention`,`pays_obtention`,`organisme_formateur`) VALUES ("312","BT1","1992-03-24","CONGO","centre de formation militaire");
UPDATE `Militaires` SET `date_naissance`="1957-09-12",`date_recrutement`="1976-12-12" WHERE `matricule`="313";
INSERT INTO `Actifs` (`matricule`) VALUES ("313");
INSERT INTO `AppartientRegiment` (`matricule`,`id`,`date_appartenance`) VALUES ("313","Forces Armées","1976-12-12");
INSERT INTO `Affectation` (`matricule`,`id`,`date_affectation`) VALUES ("313","3","1976-12-12");
INSERT INTO `DetientGrades` (`matricule`,`id`,`date_promotion`) VALUES ("313","14","1976-12-12");
UPDATE `Militaires` SET `date_naissance`="1972-05-18",`date_recrutement`="1995-03-23" WHERE `matricule`="314";
INSERT INTO `Actifs` (`matricule`) VALUES ("314");
INSERT INTO `AppartientRegiment` (`matricule`,`id`,`date_appartenance`) VALUES ("314","Forces Armées","1995-03-23");
INSERT INTO `Affectation` (`matricule`,`id`,`date_affectation`) VALUES ("314","6","1995-03-23");
INSERT INTO `DetientGrades` (`matricule`,`id`,`date_promotion`) VALUES ("314","9","2009-01-22");
INSERT INTO `PossedeDiplomes` (`matricule`,`id`,`date_obtention`,`pays_obtention`,`organisme_formateur`) VALUES ("314","BT1","1996-01-19","CONGO","centre de formation militaire");
UPDATE `Militaires` SET `date_naissance`="1969-02-13",`date_recrutement`="1993-07-22" WHERE `matricule`="315";
INSERT INTO `Actifs` (`matricule`) VALUES ("315");
INSERT INTO `AppartientRegiment` (`matricule`,`id`,`date_appartenance`) VALUES ("315","Forces Armées","1993-07-22");
INSERT INTO `Affectation` (`matricule`,`id`,`date_affectation`) VALUES ("315","5","1993-07-22");
INSERT INTO `DetientGrades` (`matricule`,`id`,`date_promotion`) VALUES ("315","14","1993-07-22");
UPDATE `Militaires` SET `date_naissance`="1957-03-24",`date_recrutement`="1982-06-02" WHERE `matricule`="316";
INSERT INTO `Actifs` (`matricule`) VALUES ("316");
INSERT INTO `AppartientRegiment` (`matricule`,`id`,`date_appartenance`) VALUES ("316","Forces Armées","1982-06-02");
INSERT INTO `Affectation` (`matricule`,`id`,`date_affectation`) VALUES ("316","1","1982-06-02");
INSERT INTO `DetientGrades` (`matricule`,`id`,`date_promotion`) VALUES ("316","10","2002-10-19");
INSERT INTO `PossedeDiplomes` (`matricule`,`id`,`date_obtention`,`pays_obtention`,`organisme_formateur`) VALUES ("316","BE2","1994-07-16","CONGO","centre de formation militaire");
UPDATE `Militaires` SET `date_naissance`="1965-09-15",`date_recrutement`="1985-09-19" WHERE `matricule`="317";
INSERT INTO `Actifs` (`matricule`) VALUES ("317");
INSERT INTO `AppartientRegiment` (`matricule`,`id`,`date_appartenance`) VALUES ("317","Forces Armées","1985-09-19");
INSERT INTO `Affectation` (`matricule`,`id`,`date_affectation`) VALUES ("317","8","1985-09-19");
INSERT INTO `DetientGrades` (`matricule`,`id`,`date_promotion`) VALUES ("317","10","2004-03-27");
INSERT INTO `PossedeDiplomes` (`matricule`,`id`,`date_obtention`,`pays_obtention`,`organisme_formateur`) VALUES ("317","BE2","1998-02-06","CONGO","centre de formation militaire");
UPDATE `Militaires` SET `date_naissance`="1973-10-01",`date_recrutement`="1995-01-08" WHERE `matricule`="318";
INSERT INTO `Actifs` (`matricule`) VALUES ("318");
INSERT INTO `AppartientRegiment` (`matricule`,`id`,`date_appartenance`) VALUES ("318","Forces Armées","1995-01-08");
INSERT INTO `Affectation` (`matricule`,`id`,`date_affectation`) VALUES ("318","2","1995-01-08");
INSERT INTO `DetientGrades` (`matricule`,`id`,`date_promotion`) VALUES ("318","9","1999-06-11");
INSERT INTO `PossedeDiplomes` (`matricule`,`id`,`date_obtention`,`pays_obtention`,`organisme_formateur`) VALUES ("318","BT1","1996-04-24","CONGO","centre de formation militaire");
UPDATE `Militaires` SET `date_naissance`="1954-12-20",`date_recrutement`="1974-05-19" WHERE `matricule`="319";
INSERT INTO `Actifs` (`matricule`) VALUES ("319");
INSERT INTO `AppartientRegiment` (`matricule`,`id`,`date_appartenance`) VALUES ("319","Forces Armées","1974-05-19");
INSERT INTO `Affectation` (`matricule`,`id`,`date_affectation`) VALUES ("319","10","1974-05-19");
INSERT INTO `DetientGrades` (`matricule`,`id`,`date_promotion`) VALUES ("319","10","1999-12-15");
INSERT INTO `PossedeDiplomes` (`matricule`,`id`,`date_obtention`,`pays_obtention`,`organisme_formateur`) VALUES ("319","BE2","1981-06-15","CONGO","centre de formation militaire");
UPDATE `Militaires` SET `date_naissance`="1988-05-27",`date_recrutement`="2009-11-05" WHERE `matricule`="320";
INSERT INTO `Actifs` (`matricule`) VALUES ("320");
INSERT INTO `AppartientRegiment` (`matricule`,`id`,`date_appartenance`) VALUES ("320","Forces Armées","2009-11-05");
INSERT INTO `Affectation` (`matricule`,`id`,`date_affectation`) VALUES ("320","8","2009-11-05");
INSERT INTO `DetientGrades` (`matricule`,`id`,`date_promotion`) VALUES ("320","10","2015-10-01");
INSERT INTO `PossedeDiplomes` (`matricule`,`id`,`date_obtention`,`pays_obtention`,`organisme_formateur`) VALUES ("320","BE2","2010-07-22","CONGO","centre de formation militaire");
UPDATE `Militaires` SET `date_naissance`="1987-10-02",`date_recrutement`="2011-10-16" WHERE `matricule`="321";
INSERT INTO `Actifs` (`matricule`) VALUES ("321");
INSERT INTO `AppartientRegiment` (`matricule`,`id`,`date_appartenance`) VALUES ("321","Forces Armées","2011-10-16");
INSERT INTO `Affectation` (`matricule`,`id`,`date_affectation`) VALUES ("321","10","2011-10-16");
INSERT INTO `DetientGrades` (`matricule`,`id`,`date_promotion`) VALUES ("321","3","2012-08-07");
INSERT INTO `PossedeDiplomes` (`matricule`,`id`,`date_obtention`,`pays_obtention`,`organisme_formateur`) VALUES ("321","DEMS","2011-04-05","CONGO","centre de formation militaire");
UPDATE `Militaires` SET `date_naissance`="1988-08-04",`date_recrutement`="2013-08-08" WHERE `matricule`="322";
INSERT INTO `Actifs` (`matricule`) VALUES ("322");
INSERT INTO `AppartientRegiment` (`matricule`,`id`,`date_appartenance`) VALUES ("322","Forces Armées","2013-08-08");
INSERT INTO `Affectation` (`matricule`,`id`,`date_affectation`) VALUES ("322","5","2013-08-08");
INSERT INTO `DetientGrades` (`matricule`,`id`,`date_promotion`) VALUES ("322","4","2014-10-01");
INSERT INTO `PossedeDiplomes` (`matricule`,`id`,`date_obtention`,`pays_obtention`,`organisme_formateur`) VALUES ("322","CPOS","2013-08-14","CONGO","centre de formation militaire");
UPDATE `Militaires` SET `date_naissance`="1978-10-27",`date_recrutement`="1999-03-21" WHERE `matricule`="323";
INSERT INTO `Actifs` (`matricule`) VALUES ("323");
INSERT INTO `AppartientRegiment` (`matricule`,`id`,`date_appartenance`) VALUES ("323","Forces Armées","1999-03-21");
INSERT INTO `Affectation` (`matricule`,`id`,`date_affectation`) VALUES ("323","1","1999-03-21");
INSERT INTO `DetientGrades` (`matricule`,`id`,`date_promotion`) VALUES ("323","6","2006-12-22");
INSERT INTO `PossedeDiplomes` (`matricule`,`id`,`date_obtention`,`pays_obtention`,`organisme_formateur`) VALUES ("323","DCS","2004-08-04","CONGO","centre de formation militaire");
UPDATE `Militaires` SET `date_naissance`="1983-07-14",`date_recrutement`="2008-08-10" WHERE `matricule`="324";
INSERT INTO `Actifs` (`matricule`) VALUES ("324");
INSERT INTO `AppartientRegiment` (`matricule`,`id`,`date_appartenance`) VALUES ("324","Forces Armées","2008-08-10");
INSERT INTO `Affectation` (`matricule`,`id`,`date_affectation`) VALUES ("324","3","2008-08-10");
INSERT INTO `DetientGrades` (`matricule`,`id`,`date_promotion`) VALUES ("324","13","2010-03-21");
INSERT INTO `PossedeDiplomes` (`matricule`,`id`,`date_obtention`,`pays_obtention`,`organisme_formateur`) VALUES ("324","CAT1","2009-01-19","CONGO","centre de formation militaire");
UPDATE `Militaires` SET `date_naissance`="1962-08-13",`date_recrutement`="1981-12-07" WHERE `matricule`="325";
INSERT INTO `Actifs` (`matricule`) VALUES ("325");
INSERT INTO `AppartientRegiment` (`matricule`,`id`,`date_appartenance`) VALUES ("325","Forces Armées","1981-12-07");
INSERT INTO `Affectation` (`matricule`,`id`,`date_affectation`) VALUES ("325","10","1981-12-07");
INSERT INTO `DetientGrades` (`matricule`,`id`,`date_promotion`) VALUES ("325","3","2012-12-13");
INSERT INTO `PossedeDiplomes` (`matricule`,`id`,`date_obtention`,`pays_obtention`,`organisme_formateur`) VALUES ("325","DEMS","2000-09-21","CONGO","centre de formation militaire");
UPDATE `Militaires` SET `date_naissance`="1967-08-03",`date_recrutement`="1992-05-08" WHERE `matricule`="326";
INSERT INTO `Actifs` (`matricule`) VALUES ("326");
INSERT INTO `AppartientRegiment` (`matricule`,`id`,`date_appartenance`) VALUES ("326","Forces Armées","1992-05-08");
INSERT INTO `Affectation` (`matricule`,`id`,`date_affectation`) VALUES ("326","5","1992-05-08");
INSERT INTO `DetientGrades` (`matricule`,`id`,`date_promotion`) VALUES ("326","14","1992-05-08");
UPDATE `Militaires` SET `date_naissance`="1987-04-27",`date_recrutement`="2006-10-07" WHERE `matricule`="327";
INSERT INTO `Actifs` (`matricule`) VALUES ("327");
INSERT INTO `AppartientRegiment` (`matricule`,`id`,`date_appartenance`) VALUES ("327","Forces Armées","2006-10-07");
INSERT INTO `Affectation` (`matricule`,`id`,`date_affectation`) VALUES ("327","2","2006-10-07");
INSERT INTO `DetientGrades` (`matricule`,`id`,`date_promotion`) VALUES ("327","13","2006-04-06");
INSERT INTO `PossedeDiplomes` (`matricule`,`id`,`date_obtention`,`pays_obtention`,`organisme_formateur`) VALUES ("327","CAT1","2006-01-10","CONGO","centre de formation militaire");
UPDATE `Militaires` SET `date_naissance`="1957-09-01",`date_recrutement`="1981-08-27" WHERE `matricule`="328";
INSERT INTO `Actifs` (`matricule`) VALUES ("328");
INSERT INTO `AppartientRegiment` (`matricule`,`id`,`date_appartenance`) VALUES ("328","Forces Armées","1981-08-27");
INSERT INTO `Affectation` (`matricule`,`id`,`date_affectation`) VALUES ("328","2","1981-08-27");
INSERT INTO `DetientGrades` (`matricule`,`id`,`date_promotion`) VALUES ("328","12","1994-05-12");
INSERT INTO `PossedeDiplomes` (`matricule`,`id`,`date_obtention`,`pays_obtention`,`organisme_formateur`) VALUES ("328","CAT1","1989-05-22","CONGO","centre de formation militaire");
UPDATE `Militaires` SET `date_naissance`="1959-11-15",`date_recrutement`="1979-12-16" WHERE `matricule`="329";
INSERT INTO `Actifs` (`matricule`) VALUES ("329");
INSERT INTO `AppartientRegiment` (`matricule`,`id`,`date_appartenance`) VALUES ("329","Forces Armées","1979-12-16");
INSERT INTO `Affectation` (`matricule`,`id`,`date_affectation`) VALUES ("329","8","1979-12-16");
INSERT INTO `DetientGrades` (`matricule`,`id`,`date_promotion`) VALUES ("329","14","1979-12-16");
UPDATE `Militaires` SET `date_naissance`="1976-09-27",`date_recrutement`="2001-12-25" WHERE `matricule`="330";
INSERT INTO `Actifs` (`matricule`) VALUES ("330");
INSERT INTO `AppartientRegiment` (`matricule`,`id`,`date_appartenance`) VALUES ("330","Forces Armées","2001-12-25");
INSERT INTO `Affectation` (`matricule`,`id`,`date_affectation`) VALUES ("330","9","2001-12-25");
INSERT INTO `DetientGrades` (`matricule`,`id`,`date_promotion`) VALUES ("330","14","2001-12-25");
UPDATE `Militaires` SET `date_naissance`="1951-06-20",`date_recrutement`="1975-12-19" WHERE `matricule`="331";
INSERT INTO `Actifs` (`matricule`) VALUES ("331");
INSERT INTO `AppartientRegiment` (`matricule`,`id`,`date_appartenance`) VALUES ("331","Forces Armées","1975-12-19");
INSERT INTO `Affectation` (`matricule`,`id`,`date_affectation`) VALUES ("331","3","1975-12-19");
INSERT INTO `DetientGrades` (`matricule`,`id`,`date_promotion`) VALUES ("331","13","1997-06-11");
INSERT INTO `PossedeDiplomes` (`matricule`,`id`,`date_obtention`,`pays_obtention`,`organisme_formateur`) VALUES ("331","CAT1","1984-05-09","CONGO","centre de formation militaire");
UPDATE `Militaires` SET `date_naissance`="1989-12-27",`date_recrutement`="2010-01-06" WHERE `matricule`="332";
INSERT INTO `Actifs` (`matricule`) VALUES ("332");
INSERT INTO `AppartientRegiment` (`matricule`,`id`,`date_appartenance`) VALUES ("332","Forces Armées","2010-01-06");
INSERT INTO `Affectation` (`matricule`,`id`,`date_affectation`) VALUES ("332","6","2010-01-06");
INSERT INTO `DetientGrades` (`matricule`,`id`,`date_promotion`) VALUES ("332","14","2010-01-06");
UPDATE `Militaires` SET `date_naissance`="1973-08-24",`date_recrutement`="1995-08-19" WHERE `matricule`="333";
INSERT INTO `Actifs` (`matricule`) VALUES ("333");
INSERT INTO `AppartientRegiment` (`matricule`,`id`,`date_appartenance`) VALUES ("333","Forces Armées","1995-08-19");
INSERT INTO `Affectation` (`matricule`,`id`,`date_affectation`) VALUES ("333","5","1995-08-19");
INSERT INTO `DetientGrades` (`matricule`,`id`,`date_promotion`) VALUES ("333","10","2006-06-04");
INSERT INTO `PossedeDiplomes` (`matricule`,`id`,`date_obtention`,`pays_obtention`,`organisme_formateur`) VALUES ("333","BE2","1996-06-08","CONGO","centre de formation militaire");
UPDATE `Militaires` SET `date_naissance`="1959-11-22",`date_recrutement`="1983-11-03" WHERE `matricule`="334";
INSERT INTO `Actifs` (`matricule`) VALUES ("334");
INSERT INTO `AppartientRegiment` (`matricule`,`id`,`date_appartenance`) VALUES ("334","Forces Armées","1983-11-03");
INSERT INTO `Affectation` (`matricule`,`id`,`date_affectation`) VALUES ("334","1","1983-11-03");
INSERT INTO `DetientGrades` (`matricule`,`id`,`date_promotion`) VALUES ("334","10","2011-05-14");
INSERT INTO `PossedeDiplomes` (`matricule`,`id`,`date_obtention`,`pays_obtention`,`organisme_formateur`) VALUES ("334","BE2","1986-02-07","CONGO","centre de formation militaire");
UPDATE `Militaires` SET `date_naissance`="1978-05-10",`date_recrutement`="2003-08-09" WHERE `matricule`="335";
INSERT INTO `Actifs` (`matricule`) VALUES ("335");
INSERT INTO `AppartientRegiment` (`matricule`,`id`,`date_appartenance`) VALUES ("335","Forces Armées","2003-08-09");
INSERT INTO `Affectation` (`matricule`,`id`,`date_affectation`) VALUES ("335","3","2003-08-09");
INSERT INTO `DetientGrades` (`matricule`,`id`,`date_promotion`) VALUES ("335","9","2010-10-04");
INSERT INTO `PossedeDiplomes` (`matricule`,`id`,`date_obtention`,`pays_obtention`,`organisme_formateur`) VALUES ("335","BT1","2006-08-03","CONGO","centre de formation militaire");
UPDATE `Militaires` SET `date_naissance`="1967-03-03",`date_recrutement`="1987-12-01" WHERE `matricule`="336";
INSERT INTO `Actifs` (`matricule`) VALUES ("336");
INSERT INTO `AppartientRegiment` (`matricule`,`id`,`date_appartenance`) VALUES ("336","Forces Armées","1987-12-01");
INSERT INTO `Affectation` (`matricule`,`id`,`date_affectation`) VALUES ("336","1","1987-12-01");
INSERT INTO `DetientGrades` (`matricule`,`id`,`date_promotion`) VALUES ("336","11","2006-08-04");
INSERT INTO `PossedeDiplomes` (`matricule`,`id`,`date_obtention`,`pays_obtention`,`organisme_formateur`) VALUES ("336","BS","1989-03-09","CONGO","centre de formation militaire");
UPDATE `Militaires` SET `date_naissance`="1980-06-25",`date_recrutement`="2004-05-01" WHERE `matricule`="337";
INSERT INTO `Actifs` (`matricule`) VALUES ("337");
INSERT INTO `AppartientRegiment` (`matricule`,`id`,`date_appartenance`) VALUES ("337","Forces Armées","2004-05-01");
INSERT INTO `Affectation` (`matricule`,`id`,`date_affectation`) VALUES ("337","9","2004-05-01");
INSERT INTO `DetientGrades` (`matricule`,`id`,`date_promotion`) VALUES ("337","9","2011-11-05");
INSERT INTO `PossedeDiplomes` (`matricule`,`id`,`date_obtention`,`pays_obtention`,`organisme_formateur`) VALUES ("337","BT1","2007-05-14","CONGO","centre de formation militaire");
UPDATE `Militaires` SET `date_naissance`="1985-04-25",`date_recrutement`="2008-12-03" WHERE `matricule`="338";
INSERT INTO `Actifs` (`matricule`) VALUES ("338");
INSERT INTO `AppartientRegiment` (`matricule`,`id`,`date_appartenance`) VALUES ("338","Forces Armées","2008-12-03");
INSERT INTO `Affectation` (`matricule`,`id`,`date_affectation`) VALUES ("338","9","2008-12-03");
INSERT INTO `DetientGrades` (`matricule`,`id`,`date_promotion`) VALUES ("338","14","2008-12-03");
UPDATE `Militaires` SET `date_naissance`="1987-10-03",`date_recrutement`="2007-02-22" WHERE `matricule`="339";
INSERT INTO `Actifs` (`matricule`) VALUES ("339");
INSERT INTO `AppartientRegiment` (`matricule`,`id`,`date_appartenance`) VALUES ("339","Forces Armées","2007-02-22");
INSERT INTO `Affectation` (`matricule`,`id`,`date_affectation`) VALUES ("339","7","2007-02-22");
INSERT INTO `DetientGrades` (`matricule`,`id`,`date_promotion`) VALUES ("339","14","2007-02-22");
UPDATE `Militaires` SET `date_naissance`="1990-05-12",`date_recrutement`="2014-08-15" WHERE `matricule`="340";
INSERT INTO `Actifs` (`matricule`) VALUES ("340");
INSERT INTO `AppartientRegiment` (`matricule`,`id`,`date_appartenance`) VALUES ("340","Forces Armées","2014-08-15");
INSERT INTO `Affectation` (`matricule`,`id`,`date_affectation`) VALUES ("340","9","2014-08-15");
INSERT INTO `DetientGrades` (`matricule`,`id`,`date_promotion`) VALUES ("340","8","2014-03-22");
INSERT INTO `PossedeDiplomes` (`matricule`,`id`,`date_obtention`,`pays_obtention`,`organisme_formateur`) VALUES ("340","DQSG2","2014-03-26","CONGO","centre de formation militaire");
UPDATE `Militaires` SET `date_naissance`="1974-10-25",`date_recrutement`="1999-04-15" WHERE `matricule`="341";
INSERT INTO `Actifs` (`matricule`) VALUES ("341");
INSERT INTO `AppartientRegiment` (`matricule`,`id`,`date_appartenance`) VALUES ("341","Forces Armées","1999-04-15");
INSERT INTO `Affectation` (`matricule`,`id`,`date_affectation`) VALUES ("341","4","1999-04-15");
INSERT INTO `DetientGrades` (`matricule`,`id`,`date_promotion`) VALUES ("341","10","2004-06-27");
INSERT INTO `PossedeDiplomes` (`matricule`,`id`,`date_obtention`,`pays_obtention`,`organisme_formateur`) VALUES ("341","BE2","2004-05-06","CONGO","centre de formation militaire");
UPDATE `Militaires` SET `date_naissance`="1986-03-27",`date_recrutement`="2007-09-25" WHERE `matricule`="342";
INSERT INTO `Actifs` (`matricule`) VALUES ("342");
INSERT INTO `AppartientRegiment` (`matricule`,`id`,`date_appartenance`) VALUES ("342","Forces Armées","2007-09-25");
INSERT INTO `Affectation` (`matricule`,`id`,`date_affectation`) VALUES ("342","6","2007-09-25");
INSERT INTO `DetientGrades` (`matricule`,`id`,`date_promotion`) VALUES ("342","10","2010-09-07");
INSERT INTO `PossedeDiplomes` (`matricule`,`id`,`date_obtention`,`pays_obtention`,`organisme_formateur`) VALUES ("342","BE2","2010-02-01","CONGO","centre de formation militaire");
UPDATE `Militaires` SET `date_naissance`="1965-06-02",`date_recrutement`="1986-11-26" WHERE `matricule`="343";
INSERT INTO `Actifs` (`matricule`) VALUES ("343");
INSERT INTO `AppartientRegiment` (`matricule`,`id`,`date_appartenance`) VALUES ("343","Forces Armées","1986-11-26");
INSERT INTO `Affectation` (`matricule`,`id`,`date_affectation`) VALUES ("343","7","1986-11-26");
INSERT INTO `DetientGrades` (`matricule`,`id`,`date_promotion`) VALUES ("343","9","2009-11-14");
INSERT INTO `PossedeDiplomes` (`matricule`,`id`,`date_obtention`,`pays_obtention`,`organisme_formateur`) VALUES ("343","BT1","2009-01-18","CONGO","centre de formation militaire");
UPDATE `Militaires` SET `date_naissance`="1955-05-05",`date_recrutement`="1974-02-24" WHERE `matricule`="344";
INSERT INTO `Actifs` (`matricule`) VALUES ("344");
INSERT INTO `AppartientRegiment` (`matricule`,`id`,`date_appartenance`) VALUES ("344","Forces Armées","1974-02-24");
INSERT INTO `Affectation` (`matricule`,`id`,`date_affectation`) VALUES ("344","6","1974-02-24");
INSERT INTO `DetientGrades` (`matricule`,`id`,`date_promotion`) VALUES ("344","13","2001-04-03");
INSERT INTO `PossedeDiplomes` (`matricule`,`id`,`date_obtention`,`pays_obtention`,`organisme_formateur`) VALUES ("344","CAT1","1983-01-07","CONGO","centre de formation militaire");
UPDATE `Militaires` SET `date_naissance`="1954-01-06",`date_recrutement`="1979-09-01" WHERE `matricule`="345";
INSERT INTO `Actifs` (`matricule`) VALUES ("345");
INSERT INTO `AppartientRegiment` (`matricule`,`id`,`date_appartenance`) VALUES ("345","Forces Armées","1979-09-01");
INSERT INTO `Affectation` (`matricule`,`id`,`date_affectation`) VALUES ("345","5","1979-09-01");
INSERT INTO `DetientGrades` (`matricule`,`id`,`date_promotion`) VALUES ("345","12","2014-04-24");
INSERT INTO `PossedeDiplomes` (`matricule`,`id`,`date_obtention`,`pays_obtention`,`organisme_formateur`) VALUES ("345","CAT1","1984-04-11","CONGO","centre de formation militaire");
UPDATE `Militaires` SET `date_naissance`="1985-09-06",`date_recrutement`="2005-05-23" WHERE `matricule`="346";
INSERT INTO `Actifs` (`matricule`) VALUES ("346");
INSERT INTO `AppartientRegiment` (`matricule`,`id`,`date_appartenance`) VALUES ("346","Forces Armées","2005-05-23");
INSERT INTO `Affectation` (`matricule`,`id`,`date_affectation`) VALUES ("346","4","2005-05-23");
INSERT INTO `DetientGrades` (`matricule`,`id`,`date_promotion`) VALUES ("346","14","2005-05-23");
UPDATE `Militaires` SET `date_naissance`="1973-10-26",`date_recrutement`="1997-09-22" WHERE `matricule`="347";
INSERT INTO `Actifs` (`matricule`) VALUES ("347");
INSERT INTO `AppartientRegiment` (`matricule`,`id`,`date_appartenance`) VALUES ("347","Forces Armées","1997-09-22");
INSERT INTO `Affectation` (`matricule`,`id`,`date_affectation`) VALUES ("347","1","1997-09-22");
INSERT INTO `DetientGrades` (`matricule`,`id`,`date_promotion`) VALUES ("347","14","1997-09-22");
UPDATE `Militaires` SET `date_naissance`="1958-01-26",`date_recrutement`="1982-06-05" WHERE `matricule`="348";
INSERT INTO `Actifs` (`matricule`) VALUES ("348");
INSERT INTO `AppartientRegiment` (`matricule`,`id`,`date_appartenance`) VALUES ("348","Forces Armées","1982-06-05");
INSERT INTO `Affectation` (`matricule`,`id`,`date_affectation`) VALUES ("348","7","1982-06-05");
INSERT INTO `DetientGrades` (`matricule`,`id`,`date_promotion`) VALUES ("348","14","1982-06-05");
UPDATE `Militaires` SET `date_naissance`="1965-08-14",`date_recrutement`="1986-08-13" WHERE `matricule`="349";
INSERT INTO `Actifs` (`matricule`) VALUES ("349");
INSERT INTO `AppartientRegiment` (`matricule`,`id`,`date_appartenance`) VALUES ("349","Forces Armées","1986-08-13");
INSERT INTO `Affectation` (`matricule`,`id`,`date_affectation`) VALUES ("349","8","1986-08-13");
INSERT INTO `DetientGrades` (`matricule`,`id`,`date_promotion`) VALUES ("349","14","1986-08-13");
UPDATE `Militaires` SET `date_naissance`="1986-05-13",`date_recrutement`="2006-01-14" WHERE `matricule`="350";
INSERT INTO `Actifs` (`matricule`) VALUES ("350");
INSERT INTO `AppartientRegiment` (`matricule`,`id`,`date_appartenance`) VALUES ("350","Forces Armées","2006-01-14");
INSERT INTO `Affectation` (`matricule`,`id`,`date_affectation`) VALUES ("350","1","2006-01-14");
INSERT INTO `DetientGrades` (`matricule`,`id`,`date_promotion`) VALUES ("350","14","2006-01-14");
UPDATE `Militaires` SET `date_naissance`="1962-10-22",`date_recrutement`="1981-09-20" WHERE `matricule`="351";
INSERT INTO `Actifs` (`matricule`) VALUES ("351");
INSERT INTO `AppartientRegiment` (`matricule`,`id`,`date_appartenance`) VALUES ("351","Forces Armées","1981-09-20");
INSERT INTO `Affectation` (`matricule`,`id`,`date_affectation`) VALUES ("351","8","1981-09-20");
INSERT INTO `DetientGrades` (`matricule`,`id`,`date_promotion`) VALUES ("351","14","1981-09-20");
UPDATE `Militaires` SET `date_naissance`="1957-01-22",`date_recrutement`="1977-09-05" WHERE `matricule`="352";
INSERT INTO `Actifs` (`matricule`) VALUES ("352");
INSERT INTO `AppartientRegiment` (`matricule`,`id`,`date_appartenance`) VALUES ("352","Forces Armées","1977-09-05");
INSERT INTO `Affectation` (`matricule`,`id`,`date_affectation`) VALUES ("352","4","1977-09-05");
INSERT INTO `DetientGrades` (`matricule`,`id`,`date_promotion`) VALUES ("352","14","1977-09-05");
UPDATE `Militaires` SET `date_naissance`="1955-10-15",`date_recrutement`="1978-02-09" WHERE `matricule`="353";
INSERT INTO `Actifs` (`matricule`) VALUES ("353");
INSERT INTO `AppartientRegiment` (`matricule`,`id`,`date_appartenance`) VALUES ("353","Forces Armées","1978-02-09");
INSERT INTO `Affectation` (`matricule`,`id`,`date_affectation`) VALUES ("353","10","1978-02-09");
INSERT INTO `DetientGrades` (`matricule`,`id`,`date_promotion`) VALUES ("353","14","1978-02-09");
UPDATE `Militaires` SET `date_naissance`="1965-03-18",`date_recrutement`="1987-10-06" WHERE `matricule`="354";
INSERT INTO `Actifs` (`matricule`) VALUES ("354");
INSERT INTO `AppartientRegiment` (`matricule`,`id`,`date_appartenance`) VALUES ("354","Forces Armées","1987-10-06");
INSERT INTO `Affectation` (`matricule`,`id`,`date_affectation`) VALUES ("354","3","1987-10-06");
INSERT INTO `DetientGrades` (`matricule`,`id`,`date_promotion`) VALUES ("354","14","1987-10-06");
UPDATE `Militaires` SET `date_naissance`="1975-04-27",`date_recrutement`="1995-06-22" WHERE `matricule`="355";
INSERT INTO `Actifs` (`matricule`) VALUES ("355");
INSERT INTO `AppartientRegiment` (`matricule`,`id`,`date_appartenance`) VALUES ("355","Forces Armées","1995-06-22");
INSERT INTO `Affectation` (`matricule`,`id`,`date_affectation`) VALUES ("355","9","1995-06-22");
INSERT INTO `DetientGrades` (`matricule`,`id`,`date_promotion`) VALUES ("355","14","1995-06-22");
UPDATE `Militaires` SET `date_naissance`="1970-11-23",`date_recrutement`="1994-06-23" WHERE `matricule`="356";
INSERT INTO `Actifs` (`matricule`) VALUES ("356");
INSERT INTO `AppartientRegiment` (`matricule`,`id`,`date_appartenance`) VALUES ("356","Forces Armées","1994-06-23");
INSERT INTO `Affectation` (`matricule`,`id`,`date_affectation`) VALUES ("356","2","1994-06-23");
INSERT INTO `DetientGrades` (`matricule`,`id`,`date_promotion`) VALUES ("356","10","2014-08-18");
INSERT INTO `PossedeDiplomes` (`matricule`,`id`,`date_obtention`,`pays_obtention`,`organisme_formateur`) VALUES ("356","BE2","2007-06-22","CONGO","centre de formation militaire");
UPDATE `Militaires` SET `date_naissance`="1977-11-23",`date_recrutement`="2001-08-09" WHERE `matricule`="357";
INSERT INTO `Actifs` (`matricule`) VALUES ("357");
INSERT INTO `AppartientRegiment` (`matricule`,`id`,`date_appartenance`) VALUES ("357","Forces Armées","2001-08-09");
INSERT INTO `Affectation` (`matricule`,`id`,`date_affectation`) VALUES ("357","2","2001-08-09");
INSERT INTO `DetientGrades` (`matricule`,`id`,`date_promotion`) VALUES ("357","14","2001-08-09");
UPDATE `Militaires` SET `date_naissance`="1980-08-22",`date_recrutement`="1999-11-04" WHERE `matricule`="358";
INSERT INTO `Actifs` (`matricule`) VALUES ("358");
INSERT INTO `AppartientRegiment` (`matricule`,`id`,`date_appartenance`) VALUES ("358","Forces Armées","1999-11-04");
INSERT INTO `Affectation` (`matricule`,`id`,`date_affectation`) VALUES ("358","5","1999-11-04");
INSERT INTO `DetientGrades` (`matricule`,`id`,`date_promotion`) VALUES ("358","8","2011-08-18");
INSERT INTO `PossedeDiplomes` (`matricule`,`id`,`date_obtention`,`pays_obtention`,`organisme_formateur`) VALUES ("358","DQSG2","2010-05-06","CONGO","centre de formation militaire");
UPDATE `Militaires` SET `date_naissance`="1956-02-14",`date_recrutement`="1981-03-24" WHERE `matricule`="359";
INSERT INTO `Actifs` (`matricule`) VALUES ("359");
INSERT INTO `AppartientRegiment` (`matricule`,`id`,`date_appartenance`) VALUES ("359","Forces Armées","1981-03-24");
INSERT INTO `Affectation` (`matricule`,`id`,`date_affectation`) VALUES ("359","1","1981-03-24");
INSERT INTO `DetientGrades` (`matricule`,`id`,`date_promotion`) VALUES ("359","13","2003-02-03");
INSERT INTO `PossedeDiplomes` (`matricule`,`id`,`date_obtention`,`pays_obtention`,`organisme_formateur`) VALUES ("359","CAT1","1997-02-07","CONGO","centre de formation militaire");
UPDATE `Militaires` SET `date_naissance`="1970-12-23",`date_recrutement`="1990-02-25" WHERE `matricule`="360";
INSERT INTO `Actifs` (`matricule`) VALUES ("360");
INSERT INTO `AppartientRegiment` (`matricule`,`id`,`date_appartenance`) VALUES ("360","Forces Armées","1990-02-25");
INSERT INTO `Affectation` (`matricule`,`id`,`date_affectation`) VALUES ("360","1","1990-02-25");
INSERT INTO `DetientGrades` (`matricule`,`id`,`date_promotion`) VALUES ("360","14","1990-02-25");
UPDATE `Militaires` SET `date_naissance`="1952-07-10",`date_recrutement`="1974-10-13" WHERE `matricule`="361";
INSERT INTO `Actifs` (`matricule`) VALUES ("361");
INSERT INTO `AppartientRegiment` (`matricule`,`id`,`date_appartenance`) VALUES ("361","Forces Armées","1974-10-13");
INSERT INTO `Affectation` (`matricule`,`id`,`date_affectation`) VALUES ("361","3","1974-10-13");
INSERT INTO `DetientGrades` (`matricule`,`id`,`date_promotion`) VALUES ("361","13","1998-01-19");
INSERT INTO `PossedeDiplomes` (`matricule`,`id`,`date_obtention`,`pays_obtention`,`organisme_formateur`) VALUES ("361","CAT1","1977-01-18","CONGO","centre de formation militaire");
UPDATE `Militaires` SET `date_naissance`="1969-10-16",`date_recrutement`="1993-01-26" WHERE `matricule`="362";
INSERT INTO `Actifs` (`matricule`) VALUES ("362");
INSERT INTO `AppartientRegiment` (`matricule`,`id`,`date_appartenance`) VALUES ("362","Forces Armées","1993-01-26");
INSERT INTO `Affectation` (`matricule`,`id`,`date_affectation`) VALUES ("362","4","1993-01-26");
INSERT INTO `DetientGrades` (`matricule`,`id`,`date_promotion`) VALUES ("362","10","1996-04-25");
INSERT INTO `PossedeDiplomes` (`matricule`,`id`,`date_obtention`,`pays_obtention`,`organisme_formateur`) VALUES ("362","BE2","1995-02-04","CONGO","centre de formation militaire");
UPDATE `Militaires` SET `date_naissance`="1951-05-07",`date_recrutement`="1974-03-18" WHERE `matricule`="363";
INSERT INTO `Actifs` (`matricule`) VALUES ("363");
INSERT INTO `AppartientRegiment` (`matricule`,`id`,`date_appartenance`) VALUES ("363","Forces Armées","1974-03-18");
INSERT INTO `Affectation` (`matricule`,`id`,`date_affectation`) VALUES ("363","5","1974-03-18");
INSERT INTO `DetientGrades` (`matricule`,`id`,`date_promotion`) VALUES ("363","9","1994-12-26");
INSERT INTO `PossedeDiplomes` (`matricule`,`id`,`date_obtention`,`pays_obtention`,`organisme_formateur`) VALUES ("363","BT1","1981-03-04","CONGO","centre de formation militaire");
UPDATE `Militaires` SET `date_naissance`="1967-03-03",`date_recrutement`="1989-06-06" WHERE `matricule`="364";
INSERT INTO `Actifs` (`matricule`) VALUES ("364");
INSERT INTO `AppartientRegiment` (`matricule`,`id`,`date_appartenance`) VALUES ("364","Forces Armées","1989-06-06");
INSERT INTO `Affectation` (`matricule`,`id`,`date_affectation`) VALUES ("364","1","1989-06-06");
INSERT INTO `DetientGrades` (`matricule`,`id`,`date_promotion`) VALUES ("364","8","1994-06-05");
INSERT INTO `PossedeDiplomes` (`matricule`,`id`,`date_obtention`,`pays_obtention`,`organisme_formateur`) VALUES ("364","DQSG2","1994-06-01","CONGO","centre de formation militaire");
UPDATE `Militaires` SET `date_naissance`="1989-02-07",`date_recrutement`="2008-12-04" WHERE `matricule`="365";
INSERT INTO `Actifs` (`matricule`) VALUES ("365");
INSERT INTO `AppartientRegiment` (`matricule`,`id`,`date_appartenance`) VALUES ("365","Forces Armées","2008-12-04");
INSERT INTO `Affectation` (`matricule`,`id`,`date_affectation`) VALUES ("365","3","2008-12-04");
INSERT INTO `DetientGrades` (`matricule`,`id`,`date_promotion`) VALUES ("365","7","2014-09-22");
INSERT INTO `PossedeDiplomes` (`matricule`,`id`,`date_obtention`,`pays_obtention`,`organisme_formateur`) VALUES ("365","DQSG2","2014-02-23","CONGO","centre de formation militaire");
UPDATE `Militaires` SET `date_naissance`="1968-05-11",`date_recrutement`="1987-02-26" WHERE `matricule`="366";
INSERT INTO `Actifs` (`matricule`) VALUES ("366");
INSERT INTO `AppartientRegiment` (`matricule`,`id`,`date_appartenance`) VALUES ("366","Forces Armées","1987-02-26");
INSERT INTO `Affectation` (`matricule`,`id`,`date_affectation`) VALUES ("366","10","1987-02-26");
INSERT INTO `DetientGrades` (`matricule`,`id`,`date_promotion`) VALUES ("366","8","2007-01-25");
INSERT INTO `PossedeDiplomes` (`matricule`,`id`,`date_obtention`,`pays_obtention`,`organisme_formateur`) VALUES ("366","DQSG2","1991-01-13","CONGO","centre de formation militaire");
UPDATE `Militaires` SET `date_naissance`="1955-05-05",`date_recrutement`="1980-04-23" WHERE `matricule`="367";
INSERT INTO `Actifs` (`matricule`) VALUES ("367");
INSERT INTO `AppartientRegiment` (`matricule`,`id`,`date_appartenance`) VALUES ("367","Forces Armées","1980-04-23");
INSERT INTO `Affectation` (`matricule`,`id`,`date_affectation`) VALUES ("367","5","1980-04-23");
INSERT INTO `DetientGrades` (`matricule`,`id`,`date_promotion`) VALUES ("367","8","1982-12-06");
INSERT INTO `PossedeDiplomes` (`matricule`,`id`,`date_obtention`,`pays_obtention`,`organisme_formateur`) VALUES ("367","DQSG2","1982-03-23","CONGO","centre de formation militaire");
UPDATE `Militaires` SET `date_naissance`="1956-02-02",`date_recrutement`="1979-11-13" WHERE `matricule`="368";
INSERT INTO `Actifs` (`matricule`) VALUES ("368");
INSERT INTO `AppartientRegiment` (`matricule`,`id`,`date_appartenance`) VALUES ("368","Forces Armées","1979-11-13");
INSERT INTO `Affectation` (`matricule`,`id`,`date_affectation`) VALUES ("368","2","1979-11-13");
INSERT INTO `DetientGrades` (`matricule`,`id`,`date_promotion`) VALUES ("368","14","1979-11-13");
UPDATE `Militaires` SET `date_naissance`="1963-02-25",`date_recrutement`="1986-03-21" WHERE `matricule`="369";
INSERT INTO `Actifs` (`matricule`) VALUES ("369");
INSERT INTO `AppartientRegiment` (`matricule`,`id`,`date_appartenance`) VALUES ("369","Forces Armées","1986-03-21");
INSERT INTO `Affectation` (`matricule`,`id`,`date_affectation`) VALUES ("369","10","1986-03-21");
INSERT INTO `DetientGrades` (`matricule`,`id`,`date_promotion`) VALUES ("369","6","1997-08-25");
INSERT INTO `PossedeDiplomes` (`matricule`,`id`,`date_obtention`,`pays_obtention`,`organisme_formateur`) VALUES ("369","DCS","1986-06-03","CONGO","centre de formation militaire");
UPDATE `Militaires` SET `date_naissance`="1966-07-16",`date_recrutement`="1991-03-27" WHERE `matricule`="370";
INSERT INTO `Actifs` (`matricule`) VALUES ("370");
INSERT INTO `AppartientRegiment` (`matricule`,`id`,`date_appartenance`) VALUES ("370","Forces Armées","1991-03-27");
INSERT INTO `Affectation` (`matricule`,`id`,`date_affectation`) VALUES ("370","4","1991-03-27");
INSERT INTO `DetientGrades` (`matricule`,`id`,`date_promotion`) VALUES ("370","14","1991-03-27");
UPDATE `Militaires` SET `date_naissance`="1975-09-18",`date_recrutement`="1994-04-19" WHERE `matricule`="371";
INSERT INTO `Actifs` (`matricule`) VALUES ("371");
INSERT INTO `AppartientRegiment` (`matricule`,`id`,`date_appartenance`) VALUES ("371","Forces Armées","1994-04-19");
INSERT INTO `Affectation` (`matricule`,`id`,`date_affectation`) VALUES ("371","2","1994-04-19");
INSERT INTO `DetientGrades` (`matricule`,`id`,`date_promotion`) VALUES ("371","14","1994-04-19");
UPDATE `Militaires` SET `date_naissance`="1958-10-21",`date_recrutement`="1981-03-23" WHERE `matricule`="372";
INSERT INTO `Actifs` (`matricule`) VALUES ("372");
INSERT INTO `AppartientRegiment` (`matricule`,`id`,`date_appartenance`) VALUES ("372","Forces Armées","1981-03-23");
INSERT INTO `Affectation` (`matricule`,`id`,`date_affectation`) VALUES ("372","2","1981-03-23");
INSERT INTO `DetientGrades` (`matricule`,`id`,`date_promotion`) VALUES ("372","14","1981-03-23");
UPDATE `Militaires` SET `date_naissance`="1979-09-17",`date_recrutement`="1998-03-09" WHERE `matricule`="373";
INSERT INTO `Actifs` (`matricule`) VALUES ("373");
INSERT INTO `AppartientRegiment` (`matricule`,`id`,`date_appartenance`) VALUES ("373","Forces Armées","1998-03-09");
INSERT INTO `Affectation` (`matricule`,`id`,`date_affectation`) VALUES ("373","9","1998-03-09");
INSERT INTO `DetientGrades` (`matricule`,`id`,`date_promotion`) VALUES ("373","14","1998-03-09");
UPDATE `Militaires` SET `date_naissance`="1984-09-24",`date_recrutement`="2004-02-06" WHERE `matricule`="374";
INSERT INTO `Actifs` (`matricule`) VALUES ("374");
INSERT INTO `AppartientRegiment` (`matricule`,`id`,`date_appartenance`) VALUES ("374","Forces Armées","2004-02-06");
INSERT INTO `Affectation` (`matricule`,`id`,`date_affectation`) VALUES ("374","9","2004-02-06");
INSERT INTO `DetientGrades` (`matricule`,`id`,`date_promotion`) VALUES ("374","7","2014-03-02");
INSERT INTO `PossedeDiplomes` (`matricule`,`id`,`date_obtention`,`pays_obtention`,`organisme_formateur`) VALUES ("374","DQSG2","2009-03-16","CONGO","centre de formation militaire");
UPDATE `Militaires` SET `date_naissance`="1974-08-03",`date_recrutement`="1999-02-18" WHERE `matricule`="375";
INSERT INTO `Actifs` (`matricule`) VALUES ("375");
INSERT INTO `AppartientRegiment` (`matricule`,`id`,`date_appartenance`) VALUES ("375","Forces Armées","1999-02-18");
INSERT INTO `Affectation` (`matricule`,`id`,`date_affectation`) VALUES ("375","10","1999-02-18");
INSERT INTO `DetientGrades` (`matricule`,`id`,`date_promotion`) VALUES ("375","9","1999-05-17");
INSERT INTO `PossedeDiplomes` (`matricule`,`id`,`date_obtention`,`pays_obtention`,`organisme_formateur`) VALUES ("375","BT1","1999-04-24","CONGO","centre de formation militaire");
UPDATE `Militaires` SET `date_naissance`="1972-12-13",`date_recrutement`="1992-09-26" WHERE `matricule`="376";
INSERT INTO `Actifs` (`matricule`) VALUES ("376");
INSERT INTO `AppartientRegiment` (`matricule`,`id`,`date_appartenance`) VALUES ("376","Forces Armées","1992-09-26");
INSERT INTO `Affectation` (`matricule`,`id`,`date_affectation`) VALUES ("376","9","1992-09-26");
INSERT INTO `DetientGrades` (`matricule`,`id`,`date_promotion`) VALUES ("376","3","1992-04-24");
INSERT INTO `PossedeDiplomes` (`matricule`,`id`,`date_obtention`,`pays_obtention`,`organisme_formateur`) VALUES ("376","DEMS","1992-01-19","CONGO","centre de formation militaire");
UPDATE `Militaires` SET `date_naissance`="1966-11-23",`date_recrutement`="1989-01-06" WHERE `matricule`="377";
INSERT INTO `Actifs` (`matricule`) VALUES ("377");
INSERT INTO `AppartientRegiment` (`matricule`,`id`,`date_appartenance`) VALUES ("377","Forces Armées","1989-01-06");
INSERT INTO `Affectation` (`matricule`,`id`,`date_affectation`) VALUES ("377","6","1989-01-06");
INSERT INTO `DetientGrades` (`matricule`,`id`,`date_promotion`) VALUES ("377","14","1989-01-06");
UPDATE `Militaires` SET `date_naissance`="1978-10-10",`date_recrutement`="2003-09-11" WHERE `matricule`="378";
INSERT INTO `Actifs` (`matricule`) VALUES ("378");
INSERT INTO `AppartientRegiment` (`matricule`,`id`,`date_appartenance`) VALUES ("378","Forces Armées","2003-09-11");
INSERT INTO `Affectation` (`matricule`,`id`,`date_affectation`) VALUES ("378","5","2003-09-11");
INSERT INTO `DetientGrades` (`matricule`,`id`,`date_promotion`) VALUES ("378","9","2003-11-26");
INSERT INTO `PossedeDiplomes` (`matricule`,`id`,`date_obtention`,`pays_obtention`,`organisme_formateur`) VALUES ("378","BT1","2003-01-20","CONGO","centre de formation militaire");
UPDATE `Militaires` SET `date_naissance`="1958-07-09",`date_recrutement`="1981-10-18" WHERE `matricule`="379";
INSERT INTO `Actifs` (`matricule`) VALUES ("379");
INSERT INTO `AppartientRegiment` (`matricule`,`id`,`date_appartenance`) VALUES ("379","Forces Armées","1981-10-18");
INSERT INTO `Affectation` (`matricule`,`id`,`date_affectation`) VALUES ("379","7","1981-10-18");
INSERT INTO `DetientGrades` (`matricule`,`id`,`date_promotion`) VALUES ("379","14","1981-10-18");
UPDATE `Militaires` SET `date_naissance`="1961-09-15",`date_recrutement`="1980-04-08" WHERE `matricule`="380";
INSERT INTO `Actifs` (`matricule`) VALUES ("380");
INSERT INTO `AppartientRegiment` (`matricule`,`id`,`date_appartenance`) VALUES ("380","Forces Armées","1980-04-08");
INSERT INTO `Affectation` (`matricule`,`id`,`date_affectation`) VALUES ("380","6","1980-04-08");
INSERT INTO `DetientGrades` (`matricule`,`id`,`date_promotion`) VALUES ("380","14","1980-04-08");
UPDATE `Militaires` SET `date_naissance`="1987-10-24",`date_recrutement`="2012-11-18" WHERE `matricule`="381";
INSERT INTO `Actifs` (`matricule`) VALUES ("381");
INSERT INTO `AppartientRegiment` (`matricule`,`id`,`date_appartenance`) VALUES ("381","Forces Armées","2012-11-18");
INSERT INTO `Affectation` (`matricule`,`id`,`date_affectation`) VALUES ("381","6","2012-11-18");
INSERT INTO `DetientGrades` (`matricule`,`id`,`date_promotion`) VALUES ("381","10","2012-10-01");
INSERT INTO `PossedeDiplomes` (`matricule`,`id`,`date_obtention`,`pays_obtention`,`organisme_formateur`) VALUES ("381","BE2","2012-10-26","CONGO","centre de formation militaire");
UPDATE `Militaires` SET `date_naissance`="1989-04-13",`date_recrutement`="2011-09-12" WHERE `matricule`="382";
INSERT INTO `Actifs` (`matricule`) VALUES ("382");
INSERT INTO `AppartientRegiment` (`matricule`,`id`,`date_appartenance`) VALUES ("382","Forces Armées","2011-09-12");
INSERT INTO `Affectation` (`matricule`,`id`,`date_affectation`) VALUES ("382","10","2011-09-12");
INSERT INTO `DetientGrades` (`matricule`,`id`,`date_promotion`) VALUES ("382","13","2013-09-20");
INSERT INTO `PossedeDiplomes` (`matricule`,`id`,`date_obtention`,`pays_obtention`,`organisme_formateur`) VALUES ("382","CAT1","2012-03-03","CONGO","centre de formation militaire");
UPDATE `Militaires` SET `date_naissance`="1973-06-02",`date_recrutement`="1996-06-23" WHERE `matricule`="383";
INSERT INTO `Actifs` (`matricule`) VALUES ("383");
INSERT INTO `AppartientRegiment` (`matricule`,`id`,`date_appartenance`) VALUES ("383","Forces Armées","1996-06-23");
INSERT INTO `Affectation` (`matricule`,`id`,`date_affectation`) VALUES ("383","7","1996-06-23");
INSERT INTO `DetientGrades` (`matricule`,`id`,`date_promotion`) VALUES ("383","10","2000-12-20");
INSERT INTO `PossedeDiplomes` (`matricule`,`id`,`date_obtention`,`pays_obtention`,`organisme_formateur`) VALUES ("383","BE2","1999-06-23","CONGO","centre de formation militaire");
UPDATE `Militaires` SET `date_naissance`="1982-03-08",`date_recrutement`="2005-12-12" WHERE `matricule`="384";
INSERT INTO `Actifs` (`matricule`) VALUES ("384");
INSERT INTO `AppartientRegiment` (`matricule`,`id`,`date_appartenance`) VALUES ("384","Forces Armées","2005-12-12");
INSERT INTO `Affectation` (`matricule`,`id`,`date_affectation`) VALUES ("384","5","2005-12-12");
INSERT INTO `DetientGrades` (`matricule`,`id`,`date_promotion`) VALUES ("384","9","2012-01-10");
INSERT INTO `PossedeDiplomes` (`matricule`,`id`,`date_obtention`,`pays_obtention`,`organisme_formateur`) VALUES ("384","BT1","2005-01-06","CONGO","centre de formation militaire");
UPDATE `Militaires` SET `date_naissance`="1953-12-18",`date_recrutement`="1975-09-24" WHERE `matricule`="385";
INSERT INTO `Actifs` (`matricule`) VALUES ("385");
INSERT INTO `AppartientRegiment` (`matricule`,`id`,`date_appartenance`) VALUES ("385","Forces Armées","1975-09-24");
INSERT INTO `Affectation` (`matricule`,`id`,`date_affectation`) VALUES ("385","2","1975-09-24");
INSERT INTO `DetientGrades` (`matricule`,`id`,`date_promotion`) VALUES ("385","10","1986-09-24");
INSERT INTO `PossedeDiplomes` (`matricule`,`id`,`date_obtention`,`pays_obtention`,`organisme_formateur`) VALUES ("385","BE2","1982-03-16","CONGO","centre de formation militaire");
UPDATE `Militaires` SET `date_naissance`="1963-04-03",`date_recrutement`="1985-07-10" WHERE `matricule`="386";
INSERT INTO `Actifs` (`matricule`) VALUES ("386");
INSERT INTO `AppartientRegiment` (`matricule`,`id`,`date_appartenance`) VALUES ("386","Forces Armées","1985-07-10");
INSERT INTO `Affectation` (`matricule`,`id`,`date_affectation`) VALUES ("386","7","1985-07-10");
INSERT INTO `DetientGrades` (`matricule`,`id`,`date_promotion`) VALUES ("386","7","1999-08-20");
INSERT INTO `PossedeDiplomes` (`matricule`,`id`,`date_obtention`,`pays_obtention`,`organisme_formateur`) VALUES ("386","DQSG2","1995-08-01","CONGO","centre de formation militaire");
UPDATE `Militaires` SET `date_naissance`="1979-02-14",`date_recrutement`="2000-01-05" WHERE `matricule`="387";
INSERT INTO `Actifs` (`matricule`) VALUES ("387");
INSERT INTO `AppartientRegiment` (`matricule`,`id`,`date_appartenance`) VALUES ("387","Forces Armées","2000-01-05");
INSERT INTO `Affectation` (`matricule`,`id`,`date_affectation`) VALUES ("387","1","2000-01-05");
INSERT INTO `DetientGrades` (`matricule`,`id`,`date_promotion`) VALUES ("387","2","2006-01-16");
INSERT INTO `PossedeDiplomes` (`matricule`,`id`,`date_obtention`,`pays_obtention`,`organisme_formateur`) VALUES ("387","DEMS","2004-01-04","CONGO","centre de formation militaire");
UPDATE `Militaires` SET `date_naissance`="1985-06-27",`date_recrutement`="2008-12-19" WHERE `matricule`="388";
INSERT INTO `Actifs` (`matricule`) VALUES ("388");
INSERT INTO `AppartientRegiment` (`matricule`,`id`,`date_appartenance`) VALUES ("388","Forces Armées","2008-12-19");
INSERT INTO `Affectation` (`matricule`,`id`,`date_affectation`) VALUES ("388","1","2008-12-19");
INSERT INTO `DetientGrades` (`matricule`,`id`,`date_promotion`) VALUES ("388","13","2010-10-03");
INSERT INTO `PossedeDiplomes` (`matricule`,`id`,`date_obtention`,`pays_obtention`,`organisme_formateur`) VALUES ("388","CAT1","2008-05-15","CONGO","centre de formation militaire");
UPDATE `Militaires` SET `date_naissance`="1981-01-21",`date_recrutement`="2002-05-03" WHERE `matricule`="389";
INSERT INTO `Actifs` (`matricule`) VALUES ("389");
INSERT INTO `AppartientRegiment` (`matricule`,`id`,`date_appartenance`) VALUES ("389","Forces Armées","2002-05-03");
INSERT INTO `Affectation` (`matricule`,`id`,`date_affectation`) VALUES ("389","9","2002-05-03");
INSERT INTO `DetientGrades` (`matricule`,`id`,`date_promotion`) VALUES ("389","14","2002-05-03");
UPDATE `Militaires` SET `date_naissance`="1968-03-22",`date_recrutement`="1989-11-27" WHERE `matricule`="390";
INSERT INTO `Actifs` (`matricule`) VALUES ("390");
INSERT INTO `AppartientRegiment` (`matricule`,`id`,`date_appartenance`) VALUES ("390","Forces Armées","1989-11-27");
INSERT INTO `Affectation` (`matricule`,`id`,`date_affectation`) VALUES ("390","6","1989-11-27");
INSERT INTO `DetientGrades` (`matricule`,`id`,`date_promotion`) VALUES ("390","3","1994-10-20");
INSERT INTO `PossedeDiplomes` (`matricule`,`id`,`date_obtention`,`pays_obtention`,`organisme_formateur`) VALUES ("390","DEMS","1991-03-22","CONGO","centre de formation militaire");
UPDATE `Militaires` SET `date_naissance`="1981-08-15",`date_recrutement`="2004-10-22" WHERE `matricule`="391";
INSERT INTO `Actifs` (`matricule`) VALUES ("391");
INSERT INTO `AppartientRegiment` (`matricule`,`id`,`date_appartenance`) VALUES ("391","Forces Armées","2004-10-22");
INSERT INTO `Affectation` (`matricule`,`id`,`date_affectation`) VALUES ("391","8","2004-10-22");
INSERT INTO `DetientGrades` (`matricule`,`id`,`date_promotion`) VALUES ("391","8","2007-12-25");
INSERT INTO `PossedeDiplomes` (`matricule`,`id`,`date_obtention`,`pays_obtention`,`organisme_formateur`) VALUES ("391","DQSG2","2006-08-03","CONGO","centre de formation militaire");
UPDATE `Militaires` SET `date_naissance`="1980-01-10",`date_recrutement`="2002-10-02" WHERE `matricule`="392";
INSERT INTO `Actifs` (`matricule`) VALUES ("392");
INSERT INTO `AppartientRegiment` (`matricule`,`id`,`date_appartenance`) VALUES ("392","Forces Armées","2002-10-02");
INSERT INTO `Affectation` (`matricule`,`id`,`date_affectation`) VALUES ("392","9","2002-10-02");
INSERT INTO `DetientGrades` (`matricule`,`id`,`date_promotion`) VALUES ("392","8","2003-06-08");
INSERT INTO `PossedeDiplomes` (`matricule`,`id`,`date_obtention`,`pays_obtention`,`organisme_formateur`) VALUES ("392","DQSG2","2003-01-17","CONGO","centre de formation militaire");
UPDATE `Militaires` SET `date_naissance`="1965-06-05",`date_recrutement`="1990-12-01" WHERE `matricule`="393";
INSERT INTO `Actifs` (`matricule`) VALUES ("393");
INSERT INTO `AppartientRegiment` (`matricule`,`id`,`date_appartenance`) VALUES ("393","Forces Armées","1990-12-01");
INSERT INTO `Affectation` (`matricule`,`id`,`date_affectation`) VALUES ("393","1","1990-12-01");
INSERT INTO `DetientGrades` (`matricule`,`id`,`date_promotion`) VALUES ("393","13","1998-12-01");
INSERT INTO `PossedeDiplomes` (`matricule`,`id`,`date_obtention`,`pays_obtention`,`organisme_formateur`) VALUES ("393","CAT1","1991-11-05","CONGO","centre de formation militaire");
UPDATE `Militaires` SET `date_naissance`="1958-10-18",`date_recrutement`="1978-09-10" WHERE `matricule`="394";
INSERT INTO `Actifs` (`matricule`) VALUES ("394");
INSERT INTO `AppartientRegiment` (`matricule`,`id`,`date_appartenance`) VALUES ("394","Forces Armées","1978-09-10");
INSERT INTO `Affectation` (`matricule`,`id`,`date_affectation`) VALUES ("394","8","1978-09-10");
INSERT INTO `DetientGrades` (`matricule`,`id`,`date_promotion`) VALUES ("394","13","1979-09-11");
INSERT INTO `PossedeDiplomes` (`matricule`,`id`,`date_obtention`,`pays_obtention`,`organisme_formateur`) VALUES ("394","CAT1","1978-07-27","CONGO","centre de formation militaire");
UPDATE `Militaires` SET `date_naissance`="1971-10-06",`date_recrutement`="1996-01-26" WHERE `matricule`="395";
INSERT INTO `Actifs` (`matricule`) VALUES ("395");
INSERT INTO `AppartientRegiment` (`matricule`,`id`,`date_appartenance`) VALUES ("395","Forces Armées","1996-01-26");
INSERT INTO `Affectation` (`matricule`,`id`,`date_affectation`) VALUES ("395","2","1996-01-26");
INSERT INTO `DetientGrades` (`matricule`,`id`,`date_promotion`) VALUES ("395","12","2012-04-05");
INSERT INTO `PossedeDiplomes` (`matricule`,`id`,`date_obtention`,`pays_obtention`,`organisme_formateur`) VALUES ("395","CAT1","2000-03-04","CONGO","centre de formation militaire");
UPDATE `Militaires` SET `date_naissance`="1963-05-25",`date_recrutement`="1985-02-08" WHERE `matricule`="396";
INSERT INTO `Actifs` (`matricule`) VALUES ("396");
INSERT INTO `AppartientRegiment` (`matricule`,`id`,`date_appartenance`) VALUES ("396","Forces Armées","1985-02-08");
INSERT INTO `Affectation` (`matricule`,`id`,`date_affectation`) VALUES ("396","1","1985-02-08");
INSERT INTO `DetientGrades` (`matricule`,`id`,`date_promotion`) VALUES ("396","3","1991-07-22");
INSERT INTO `PossedeDiplomes` (`matricule`,`id`,`date_obtention`,`pays_obtention`,`organisme_formateur`) VALUES ("396","DEMS","1988-07-03","CONGO","centre de formation militaire");
UPDATE `Militaires` SET `date_naissance`="1970-02-15",`date_recrutement`="1989-12-15" WHERE `matricule`="397";
INSERT INTO `Actifs` (`matricule`) VALUES ("397");
INSERT INTO `AppartientRegiment` (`matricule`,`id`,`date_appartenance`) VALUES ("397","Forces Armées","1989-12-15");
INSERT INTO `Affectation` (`matricule`,`id`,`date_affectation`) VALUES ("397","3","1989-12-15");
INSERT INTO `DetientGrades` (`matricule`,`id`,`date_promotion`) VALUES ("397","13","2011-06-02");
INSERT INTO `PossedeDiplomes` (`matricule`,`id`,`date_obtention`,`pays_obtention`,`organisme_formateur`) VALUES ("397","CAT1","2004-05-09","CONGO","centre de formation militaire");
UPDATE `Militaires` SET `date_naissance`="1968-09-09",`date_recrutement`="1990-08-08" WHERE `matricule`="398";
INSERT INTO `Actifs` (`matricule`) VALUES ("398");
INSERT INTO `AppartientRegiment` (`matricule`,`id`,`date_appartenance`) VALUES ("398","Forces Armées","1990-08-08");
INSERT INTO `Affectation` (`matricule`,`id`,`date_affectation`) VALUES ("398","8","1990-08-08");
INSERT INTO `DetientGrades` (`matricule`,`id`,`date_promotion`) VALUES ("398","8","2007-08-27");
INSERT INTO `PossedeDiplomes` (`matricule`,`id`,`date_obtention`,`pays_obtention`,`organisme_formateur`) VALUES ("398","DQSG2","2006-07-18","CONGO","centre de formation militaire");
UPDATE `Militaires` SET `date_naissance`="1959-05-04",`date_recrutement`="1982-06-24" WHERE `matricule`="399";
INSERT INTO `Actifs` (`matricule`) VALUES ("399");
INSERT INTO `AppartientRegiment` (`matricule`,`id`,`date_appartenance`) VALUES ("399","Forces Armées","1982-06-24");
INSERT INTO `Affectation` (`matricule`,`id`,`date_affectation`) VALUES ("399","5","1982-06-24");
INSERT INTO `DetientGrades` (`matricule`,`id`,`date_promotion`) VALUES ("399","10","2015-03-12");
INSERT INTO `PossedeDiplomes` (`matricule`,`id`,`date_obtention`,`pays_obtention`,`organisme_formateur`) VALUES ("399","BE2","1983-01-18","CONGO","centre de formation militaire");
UPDATE `Militaires` SET `date_naissance`="1958-02-18",`date_recrutement`="1978-09-21" WHERE `matricule`="400";
INSERT INTO `Actifs` (`matricule`) VALUES ("400");
INSERT INTO `AppartientRegiment` (`matricule`,`id`,`date_appartenance`) VALUES ("400","Forces Armées","1978-09-21");
INSERT INTO `Affectation` (`matricule`,`id`,`date_affectation`) VALUES ("400","1","1978-09-21");
INSERT INTO `DetientGrades` (`matricule`,`id`,`date_promotion`) VALUES ("400","10","2015-08-01");
INSERT INTO `PossedeDiplomes` (`matricule`,`id`,`date_obtention`,`pays_obtention`,`organisme_formateur`) VALUES ("400","BE2","1996-02-04","CONGO","centre de formation militaire");
UPDATE `Militaires` SET `date_naissance`="1951-01-22",`date_recrutement`="1972-06-11" WHERE `matricule`="401";
INSERT INTO `Actifs` (`matricule`) VALUES ("401");
INSERT INTO `AppartientRegiment` (`matricule`,`id`,`date_appartenance`) VALUES ("401","Forces Armées","1972-06-11");
INSERT INTO `Affectation` (`matricule`,`id`,`date_affectation`) VALUES ("401","7","1972-06-11");
INSERT INTO `DetientGrades` (`matricule`,`id`,`date_promotion`) VALUES ("401","13","1977-04-16");
INSERT INTO `PossedeDiplomes` (`matricule`,`id`,`date_obtention`,`pays_obtention`,`organisme_formateur`) VALUES ("401","CAT1","1976-01-25","CONGO","centre de formation militaire");
UPDATE `Militaires` SET `date_naissance`="1980-12-15",`date_recrutement`="2002-03-17" WHERE `matricule`="402";
INSERT INTO `Actifs` (`matricule`) VALUES ("402");
INSERT INTO `AppartientRegiment` (`matricule`,`id`,`date_appartenance`) VALUES ("402","Forces Armées","2002-03-17");
INSERT INTO `Affectation` (`matricule`,`id`,`date_affectation`) VALUES ("402","6","2002-03-17");
INSERT INTO `DetientGrades` (`matricule`,`id`,`date_promotion`) VALUES ("402","14","2002-03-17");
UPDATE `Militaires` SET `date_naissance`="1969-05-23",`date_recrutement`="1989-04-26" WHERE `matricule`="403";
INSERT INTO `Actifs` (`matricule`) VALUES ("403");
INSERT INTO `AppartientRegiment` (`matricule`,`id`,`date_appartenance`) VALUES ("403","Forces Armées","1989-04-26");
INSERT INTO `Affectation` (`matricule`,`id`,`date_affectation`) VALUES ("403","6","1989-04-26");
INSERT INTO `DetientGrades` (`matricule`,`id`,`date_promotion`) VALUES ("403","10","1995-06-11");
INSERT INTO `PossedeDiplomes` (`matricule`,`id`,`date_obtention`,`pays_obtention`,`organisme_formateur`) VALUES ("403","BE2","1989-03-17","CONGO","centre de formation militaire");
UPDATE `Militaires` SET `date_naissance`="1960-02-12",`date_recrutement`="1982-02-11" WHERE `matricule`="404";
INSERT INTO `Actifs` (`matricule`) VALUES ("404");
INSERT INTO `AppartientRegiment` (`matricule`,`id`,`date_appartenance`) VALUES ("404","Forces Armées","1982-02-11");
INSERT INTO `Affectation` (`matricule`,`id`,`date_affectation`) VALUES ("404","7","1982-02-11");
INSERT INTO `DetientGrades` (`matricule`,`id`,`date_promotion`) VALUES ("404","14","1982-02-11");
UPDATE `Militaires` SET `date_naissance`="1962-11-02",`date_recrutement`="1986-06-24" WHERE `matricule`="405";
INSERT INTO `Actifs` (`matricule`) VALUES ("405");
INSERT INTO `AppartientRegiment` (`matricule`,`id`,`date_appartenance`) VALUES ("405","Forces Armées","1986-06-24");
INSERT INTO `Affectation` (`matricule`,`id`,`date_affectation`) VALUES ("405","1","1986-06-24");
INSERT INTO `DetientGrades` (`matricule`,`id`,`date_promotion`) VALUES ("405","14","1986-06-24");
UPDATE `Militaires` SET `date_naissance`="1976-05-11",`date_recrutement`="2001-11-22" WHERE `matricule`="406";
INSERT INTO `Actifs` (`matricule`) VALUES ("406");
INSERT INTO `AppartientRegiment` (`matricule`,`id`,`date_appartenance`) VALUES ("406","Forces Armées","2001-11-22");
INSERT INTO `Affectation` (`matricule`,`id`,`date_affectation`) VALUES ("406","4","2001-11-22");
INSERT INTO `DetientGrades` (`matricule`,`id`,`date_promotion`) VALUES ("406","14","2001-11-22");
UPDATE `Militaires` SET `date_naissance`="1967-07-18",`date_recrutement`="1991-04-22" WHERE `matricule`="407";
INSERT INTO `Actifs` (`matricule`) VALUES ("407");
INSERT INTO `AppartientRegiment` (`matricule`,`id`,`date_appartenance`) VALUES ("407","Forces Armées","1991-04-22");
INSERT INTO `Affectation` (`matricule`,`id`,`date_affectation`) VALUES ("407","3","1991-04-22");
INSERT INTO `DetientGrades` (`matricule`,`id`,`date_promotion`) VALUES ("407","3","2008-07-09");
INSERT INTO `PossedeDiplomes` (`matricule`,`id`,`date_obtention`,`pays_obtention`,`organisme_formateur`) VALUES ("407","DEMS","2005-07-07","CONGO","centre de formation militaire");
UPDATE `Militaires` SET `date_naissance`="1950-05-21",`date_recrutement`="1969-10-15" WHERE `matricule`="408";
INSERT INTO `Actifs` (`matricule`) VALUES ("408");
INSERT INTO `AppartientRegiment` (`matricule`,`id`,`date_appartenance`) VALUES ("408","Forces Armées","1969-10-15");
INSERT INTO `Affectation` (`matricule`,`id`,`date_affectation`) VALUES ("408","8","1969-10-15");
INSERT INTO `DetientGrades` (`matricule`,`id`,`date_promotion`) VALUES ("408","7","1987-04-05");
INSERT INTO `PossedeDiplomes` (`matricule`,`id`,`date_obtention`,`pays_obtention`,`organisme_formateur`) VALUES ("408","DQSG2","1977-04-10","CONGO","centre de formation militaire");
UPDATE `Militaires` SET `date_naissance`="1959-12-07",`date_recrutement`="1980-04-27" WHERE `matricule`="409";
INSERT INTO `Actifs` (`matricule`) VALUES ("409");
INSERT INTO `AppartientRegiment` (`matricule`,`id`,`date_appartenance`) VALUES ("409","Forces Armées","1980-04-27");
INSERT INTO `Affectation` (`matricule`,`id`,`date_affectation`) VALUES ("409","4","1980-04-27");
INSERT INTO `DetientGrades` (`matricule`,`id`,`date_promotion`) VALUES ("409","13","1993-08-18");
INSERT INTO `PossedeDiplomes` (`matricule`,`id`,`date_obtention`,`pays_obtention`,`organisme_formateur`) VALUES ("409","CAT1","1982-05-14","CONGO","centre de formation militaire");
UPDATE `Militaires` SET `date_naissance`="1969-05-13",`date_recrutement`="1992-11-03" WHERE `matricule`="410";
INSERT INTO `Actifs` (`matricule`) VALUES ("410");
INSERT INTO `AppartientRegiment` (`matricule`,`id`,`date_appartenance`) VALUES ("410","Forces Armées","1992-11-03");
INSERT INTO `Affectation` (`matricule`,`id`,`date_affectation`) VALUES ("410","2","1992-11-03");
INSERT INTO `DetientGrades` (`matricule`,`id`,`date_promotion`) VALUES ("410","7","2007-03-01");
INSERT INTO `PossedeDiplomes` (`matricule`,`id`,`date_obtention`,`pays_obtention`,`organisme_formateur`) VALUES ("410","DQSG2","1999-01-25","CONGO","centre de formation militaire");
UPDATE `Militaires` SET `date_naissance`="1982-04-07",`date_recrutement`="2006-05-24" WHERE `matricule`="411";
INSERT INTO `Actifs` (`matricule`) VALUES ("411");
INSERT INTO `AppartientRegiment` (`matricule`,`id`,`date_appartenance`) VALUES ("411","Forces Armées","2006-05-24");
INSERT INTO `Affectation` (`matricule`,`id`,`date_affectation`) VALUES ("411","6","2006-05-24");
INSERT INTO `DetientGrades` (`matricule`,`id`,`date_promotion`) VALUES ("411","13","2015-02-03");
INSERT INTO `PossedeDiplomes` (`matricule`,`id`,`date_obtention`,`pays_obtention`,`organisme_formateur`) VALUES ("411","CAT1","2014-02-10","CONGO","centre de formation militaire");
UPDATE `Militaires` SET `date_naissance`="1978-07-06",`date_recrutement`="2000-10-15" WHERE `matricule`="412";
INSERT INTO `Actifs` (`matricule`) VALUES ("412");
INSERT INTO `AppartientRegiment` (`matricule`,`id`,`date_appartenance`) VALUES ("412","Forces Armées","2000-10-15");
INSERT INTO `Affectation` (`matricule`,`id`,`date_affectation`) VALUES ("412","8","2000-10-15");
INSERT INTO `DetientGrades` (`matricule`,`id`,`date_promotion`) VALUES ("412","10","2005-07-04");
INSERT INTO `PossedeDiplomes` (`matricule`,`id`,`date_obtention`,`pays_obtention`,`organisme_formateur`) VALUES ("412","BE2","2005-04-13","CONGO","centre de formation militaire");
UPDATE `Militaires` SET `date_naissance`="1975-10-24",`date_recrutement`="2000-11-18" WHERE `matricule`="413";
INSERT INTO `Actifs` (`matricule`) VALUES ("413");
INSERT INTO `AppartientRegiment` (`matricule`,`id`,`date_appartenance`) VALUES ("413","Forces Armées","2000-11-18");
INSERT INTO `Affectation` (`matricule`,`id`,`date_affectation`) VALUES ("413","9","2000-11-18");
INSERT INTO `DetientGrades` (`matricule`,`id`,`date_promotion`) VALUES ("413","9","2004-02-21");
INSERT INTO `PossedeDiplomes` (`matricule`,`id`,`date_obtention`,`pays_obtention`,`organisme_formateur`) VALUES ("413","BT1","2002-01-08","CONGO","centre de formation militaire");
UPDATE `Militaires` SET `date_naissance`="1969-05-12",`date_recrutement`="1991-04-14" WHERE `matricule`="414";
INSERT INTO `Actifs` (`matricule`) VALUES ("414");
INSERT INTO `AppartientRegiment` (`matricule`,`id`,`date_appartenance`) VALUES ("414","Forces Armées","1991-04-14");
INSERT INTO `Affectation` (`matricule`,`id`,`date_affectation`) VALUES ("414","6","1991-04-14");
INSERT INTO `DetientGrades` (`matricule`,`id`,`date_promotion`) VALUES ("414","14","1991-04-14");
UPDATE `Militaires` SET `date_naissance`="1981-02-19",`date_recrutement`="2001-06-21" WHERE `matricule`="415";
INSERT INTO `Actifs` (`matricule`) VALUES ("415");
INSERT INTO `AppartientRegiment` (`matricule`,`id`,`date_appartenance`) VALUES ("415","Forces Armées","2001-06-21");
INSERT INTO `Affectation` (`matricule`,`id`,`date_affectation`) VALUES ("415","4","2001-06-21");
INSERT INTO `DetientGrades` (`matricule`,`id`,`date_promotion`) VALUES ("415","13","2005-01-16");
INSERT INTO `PossedeDiplomes` (`matricule`,`id`,`date_obtention`,`pays_obtention`,`organisme_formateur`) VALUES ("415","CAT1","2005-01-22","CONGO","centre de formation militaire");
UPDATE `Militaires` SET `date_naissance`="1964-03-18",`date_recrutement`="1983-09-27" WHERE `matricule`="416";
INSERT INTO `Actifs` (`matricule`) VALUES ("416");
INSERT INTO `AppartientRegiment` (`matricule`,`id`,`date_appartenance`) VALUES ("416","Forces Armées","1983-09-27");
INSERT INTO `Affectation` (`matricule`,`id`,`date_affectation`) VALUES ("416","1","1983-09-27");
INSERT INTO `DetientGrades` (`matricule`,`id`,`date_promotion`) VALUES ("416","4","2006-03-03");
INSERT INTO `PossedeDiplomes` (`matricule`,`id`,`date_obtention`,`pays_obtention`,`organisme_formateur`) VALUES ("416","CPOS","2003-02-04","CONGO","centre de formation militaire");
UPDATE `Militaires` SET `date_naissance`="1985-03-18",`date_recrutement`="2008-05-27" WHERE `matricule`="417";
INSERT INTO `Actifs` (`matricule`) VALUES ("417");
INSERT INTO `AppartientRegiment` (`matricule`,`id`,`date_appartenance`) VALUES ("417","Forces Armées","2008-05-27");
INSERT INTO `Affectation` (`matricule`,`id`,`date_affectation`) VALUES ("417","2","2008-05-27");
INSERT INTO `DetientGrades` (`matricule`,`id`,`date_promotion`) VALUES ("417","14","2008-05-27");
UPDATE `Militaires` SET `date_naissance`="1981-08-13",`date_recrutement`="2002-11-13" WHERE `matricule`="418";
INSERT INTO `Actifs` (`matricule`) VALUES ("418");
INSERT INTO `AppartientRegiment` (`matricule`,`id`,`date_appartenance`) VALUES ("418","Forces Armées","2002-11-13");
INSERT INTO `Affectation` (`matricule`,`id`,`date_affectation`) VALUES ("418","4","2002-11-13");
INSERT INTO `DetientGrades` (`matricule`,`id`,`date_promotion`) VALUES ("418","7","2010-12-03");
INSERT INTO `PossedeDiplomes` (`matricule`,`id`,`date_obtention`,`pays_obtention`,`organisme_formateur`) VALUES ("418","DQSG2","2009-02-25","CONGO","centre de formation militaire");
UPDATE `Militaires` SET `date_naissance`="1976-08-04",`date_recrutement`="2000-01-10" WHERE `matricule`="419";
INSERT INTO `Actifs` (`matricule`) VALUES ("419");
INSERT INTO `AppartientRegiment` (`matricule`,`id`,`date_appartenance`) VALUES ("419","Forces Armées","2000-01-10");
INSERT INTO `Affectation` (`matricule`,`id`,`date_affectation`) VALUES ("419","6","2000-01-10");
INSERT INTO `DetientGrades` (`matricule`,`id`,`date_promotion`) VALUES ("419","14","2000-01-10");
UPDATE `Militaires` SET `date_naissance`="1973-10-27",`date_recrutement`="1994-09-11" WHERE `matricule`="420";
INSERT INTO `Actifs` (`matricule`) VALUES ("420");
INSERT INTO `AppartientRegiment` (`matricule`,`id`,`date_appartenance`) VALUES ("420","Forces Armées","1994-09-11");
INSERT INTO `Affectation` (`matricule`,`id`,`date_affectation`) VALUES ("420","1","1994-09-11");
INSERT INTO `DetientGrades` (`matricule`,`id`,`date_promotion`) VALUES ("420","14","1994-09-11");
UPDATE `Militaires` SET `date_naissance`="1988-03-24",`date_recrutement`="2009-09-05" WHERE `matricule`="421";
INSERT INTO `Actifs` (`matricule`) VALUES ("421");
INSERT INTO `AppartientRegiment` (`matricule`,`id`,`date_appartenance`) VALUES ("421","Forces Armées","2009-09-05");
INSERT INTO `Affectation` (`matricule`,`id`,`date_affectation`) VALUES ("421","7","2009-09-05");
INSERT INTO `DetientGrades` (`matricule`,`id`,`date_promotion`) VALUES ("421","13","2011-11-07");
INSERT INTO `PossedeDiplomes` (`matricule`,`id`,`date_obtention`,`pays_obtention`,`organisme_formateur`) VALUES ("421","CAT1","2009-05-25","CONGO","centre de formation militaire");
UPDATE `Militaires` SET `date_naissance`="1951-08-25",`date_recrutement`="1976-05-15" WHERE `matricule`="422";
INSERT INTO `Actifs` (`matricule`) VALUES ("422");
INSERT INTO `AppartientRegiment` (`matricule`,`id`,`date_appartenance`) VALUES ("422","Forces Armées","1976-05-15");
INSERT INTO `Affectation` (`matricule`,`id`,`date_affectation`) VALUES ("422","3","1976-05-15");
INSERT INTO `DetientGrades` (`matricule`,`id`,`date_promotion`) VALUES ("422","7","1989-09-13");
INSERT INTO `PossedeDiplomes` (`matricule`,`id`,`date_obtention`,`pays_obtention`,`organisme_formateur`) VALUES ("422","DQSG2","1985-04-20","CONGO","centre de formation militaire");
UPDATE `Militaires` SET `date_naissance`="1952-05-20",`date_recrutement`="1971-11-19" WHERE `matricule`="423";
INSERT INTO `Actifs` (`matricule`) VALUES ("423");
INSERT INTO `AppartientRegiment` (`matricule`,`id`,`date_appartenance`) VALUES ("423","Forces Armées","1971-11-19");
INSERT INTO `Affectation` (`matricule`,`id`,`date_affectation`) VALUES ("423","4","1971-11-19");
INSERT INTO `DetientGrades` (`matricule`,`id`,`date_promotion`) VALUES ("423","10","1990-06-11");
INSERT INTO `PossedeDiplomes` (`matricule`,`id`,`date_obtention`,`pays_obtention`,`organisme_formateur`) VALUES ("423","BE2","1984-01-18","CONGO","centre de formation militaire");
UPDATE `Militaires` SET `date_naissance`="1958-11-07",`date_recrutement`="1979-01-19" WHERE `matricule`="424";
INSERT INTO `Actifs` (`matricule`) VALUES ("424");
INSERT INTO `AppartientRegiment` (`matricule`,`id`,`date_appartenance`) VALUES ("424","Forces Armées","1979-01-19");
INSERT INTO `Affectation` (`matricule`,`id`,`date_affectation`) VALUES ("424","3","1979-01-19");
INSERT INTO `DetientGrades` (`matricule`,`id`,`date_promotion`) VALUES ("424","14","1979-01-19");
UPDATE `Militaires` SET `date_naissance`="1983-04-04",`date_recrutement`="2002-01-13" WHERE `matricule`="425";
INSERT INTO `Actifs` (`matricule`) VALUES ("425");
INSERT INTO `AppartientRegiment` (`matricule`,`id`,`date_appartenance`) VALUES ("425","Forces Armées","2002-01-13");
INSERT INTO `Affectation` (`matricule`,`id`,`date_affectation`) VALUES ("425","5","2002-01-13");
INSERT INTO `DetientGrades` (`matricule`,`id`,`date_promotion`) VALUES ("425","8","2007-06-05");
INSERT INTO `PossedeDiplomes` (`matricule`,`id`,`date_obtention`,`pays_obtention`,`organisme_formateur`) VALUES ("425","DQSG2","2002-06-16","CONGO","centre de formation militaire");
UPDATE `Militaires` SET `date_naissance`="1986-08-17",`date_recrutement`="2009-12-26" WHERE `matricule`="426";
INSERT INTO `Actifs` (`matricule`) VALUES ("426");
INSERT INTO `AppartientRegiment` (`matricule`,`id`,`date_appartenance`) VALUES ("426","Forces Armées","2009-12-26");
INSERT INTO `Affectation` (`matricule`,`id`,`date_affectation`) VALUES ("426","7","2009-12-26");
INSERT INTO `DetientGrades` (`matricule`,`id`,`date_promotion`) VALUES ("426","7","2010-02-04");
INSERT INTO `PossedeDiplomes` (`matricule`,`id`,`date_obtention`,`pays_obtention`,`organisme_formateur`) VALUES ("426","DQSG2","2010-01-23","CONGO","centre de formation militaire");
UPDATE `Militaires` SET `date_naissance`="1950-02-05",`date_recrutement`="1969-05-27" WHERE `matricule`="427";
INSERT INTO `Actifs` (`matricule`) VALUES ("427");
INSERT INTO `AppartientRegiment` (`matricule`,`id`,`date_appartenance`) VALUES ("427","Forces Armées","1969-05-27");
INSERT INTO `Affectation` (`matricule`,`id`,`date_affectation`) VALUES ("427","7","1969-05-27");
INSERT INTO `DetientGrades` (`matricule`,`id`,`date_promotion`) VALUES ("427","13","1977-09-12");
INSERT INTO `PossedeDiplomes` (`matricule`,`id`,`date_obtention`,`pays_obtention`,`organisme_formateur`) VALUES ("427","CAT1","1974-07-06","CONGO","centre de formation militaire");
UPDATE `Militaires` SET `date_naissance`="1971-12-06",`date_recrutement`="1995-07-09" WHERE `matricule`="428";
INSERT INTO `Actifs` (`matricule`) VALUES ("428");
INSERT INTO `AppartientRegiment` (`matricule`,`id`,`date_appartenance`) VALUES ("428","Forces Armées","1995-07-09");
INSERT INTO `Affectation` (`matricule`,`id`,`date_affectation`) VALUES ("428","10","1995-07-09");
INSERT INTO `DetientGrades` (`matricule`,`id`,`date_promotion`) VALUES ("428","9","1995-03-10");
INSERT INTO `PossedeDiplomes` (`matricule`,`id`,`date_obtention`,`pays_obtention`,`organisme_formateur`) VALUES ("428","BT1","1995-01-13","CONGO","centre de formation militaire");
UPDATE `Militaires` SET `date_naissance`="1973-05-22",`date_recrutement`="1998-03-05" WHERE `matricule`="429";
INSERT INTO `Actifs` (`matricule`) VALUES ("429");
INSERT INTO `AppartientRegiment` (`matricule`,`id`,`date_appartenance`) VALUES ("429","Forces Armées","1998-03-05");
INSERT INTO `Affectation` (`matricule`,`id`,`date_affectation`) VALUES ("429","2","1998-03-05");
INSERT INTO `DetientGrades` (`matricule`,`id`,`date_promotion`) VALUES ("429","14","1998-03-05");
UPDATE `Militaires` SET `date_naissance`="1976-09-23",`date_recrutement`="1997-09-03" WHERE `matricule`="430";
INSERT INTO `Actifs` (`matricule`) VALUES ("430");
INSERT INTO `AppartientRegiment` (`matricule`,`id`,`date_appartenance`) VALUES ("430","Forces Armées","1997-09-03");
INSERT INTO `Affectation` (`matricule`,`id`,`date_affectation`) VALUES ("430","10","1997-09-03");
INSERT INTO `DetientGrades` (`matricule`,`id`,`date_promotion`) VALUES ("430","6","2006-06-20");
INSERT INTO `PossedeDiplomes` (`matricule`,`id`,`date_obtention`,`pays_obtention`,`organisme_formateur`) VALUES ("430","DCS","1997-03-11","CONGO","centre de formation militaire");
UPDATE `Militaires` SET `date_naissance`="1980-10-07",`date_recrutement`="1999-01-03" WHERE `matricule`="431";
INSERT INTO `Actifs` (`matricule`) VALUES ("431");
INSERT INTO `AppartientRegiment` (`matricule`,`id`,`date_appartenance`) VALUES ("431","Forces Armées","1999-01-03");
INSERT INTO `Affectation` (`matricule`,`id`,`date_affectation`) VALUES ("431","10","1999-01-03");
INSERT INTO `DetientGrades` (`matricule`,`id`,`date_promotion`) VALUES ("431","14","1999-01-03");
UPDATE `Militaires` SET `date_naissance`="1962-12-21",`date_recrutement`="1982-02-08" WHERE `matricule`="432";
INSERT INTO `Actifs` (`matricule`) VALUES ("432");
INSERT INTO `AppartientRegiment` (`matricule`,`id`,`date_appartenance`) VALUES ("432","Forces Armées","1982-02-08");
INSERT INTO `Affectation` (`matricule`,`id`,`date_affectation`) VALUES ("432","7","1982-02-08");
INSERT INTO `DetientGrades` (`matricule`,`id`,`date_promotion`) VALUES ("432","14","1982-02-08");
UPDATE `Militaires` SET `date_naissance`="1967-10-25",`date_recrutement`="1989-01-06" WHERE `matricule`="433";
INSERT INTO `Actifs` (`matricule`) VALUES ("433");
INSERT INTO `AppartientRegiment` (`matricule`,`id`,`date_appartenance`) VALUES ("433","Forces Armées","1989-01-06");
INSERT INTO `Affectation` (`matricule`,`id`,`date_affectation`) VALUES ("433","1","1989-01-06");
INSERT INTO `DetientGrades` (`matricule`,`id`,`date_promotion`) VALUES ("433","11","1997-04-17");
INSERT INTO `PossedeDiplomes` (`matricule`,`id`,`date_obtention`,`pays_obtention`,`organisme_formateur`) VALUES ("433","BS","1992-03-10","CONGO","centre de formation militaire");
UPDATE `Militaires` SET `date_naissance`="1961-08-27",`date_recrutement`="1981-11-25" WHERE `matricule`="434";
INSERT INTO `Actifs` (`matricule`) VALUES ("434");
INSERT INTO `AppartientRegiment` (`matricule`,`id`,`date_appartenance`) VALUES ("434","Forces Armées","1981-11-25");
INSERT INTO `Affectation` (`matricule`,`id`,`date_affectation`) VALUES ("434","10","1981-11-25");
INSERT INTO `DetientGrades` (`matricule`,`id`,`date_promotion`) VALUES ("434","14","1981-11-25");
UPDATE `Militaires` SET `date_naissance`="1985-08-25",`date_recrutement`="2007-03-25" WHERE `matricule`="435";
INSERT INTO `Actifs` (`matricule`) VALUES ("435");
INSERT INTO `AppartientRegiment` (`matricule`,`id`,`date_appartenance`) VALUES ("435","Forces Armées","2007-03-25");
INSERT INTO `Affectation` (`matricule`,`id`,`date_affectation`) VALUES ("435","3","2007-03-25");
INSERT INTO `DetientGrades` (`matricule`,`id`,`date_promotion`) VALUES ("435","14","2007-03-25");
UPDATE `Militaires` SET `date_naissance`="1964-04-23",`date_recrutement`="1987-06-07" WHERE `matricule`="436";
INSERT INTO `Actifs` (`matricule`) VALUES ("436");
INSERT INTO `AppartientRegiment` (`matricule`,`id`,`date_appartenance`) VALUES ("436","Forces Armées","1987-06-07");
INSERT INTO `Affectation` (`matricule`,`id`,`date_affectation`) VALUES ("436","9","1987-06-07");
INSERT INTO `DetientGrades` (`matricule`,`id`,`date_promotion`) VALUES ("436","14","1987-06-07");
UPDATE `Militaires` SET `date_naissance`="1990-10-23",`date_recrutement`="2015-04-05" WHERE `matricule`="437";
INSERT INTO `Actifs` (`matricule`) VALUES ("437");
INSERT INTO `AppartientRegiment` (`matricule`,`id`,`date_appartenance`) VALUES ("437","Forces Armées","2015-04-05");
INSERT INTO `Affectation` (`matricule`,`id`,`date_affectation`) VALUES ("437","9","2015-04-05");
INSERT INTO `DetientGrades` (`matricule`,`id`,`date_promotion`) VALUES ("437","14","2015-04-05");
UPDATE `Militaires` SET `date_naissance`="1961-10-08",`date_recrutement`="1985-05-08" WHERE `matricule`="438";
INSERT INTO `Actifs` (`matricule`) VALUES ("438");
INSERT INTO `AppartientRegiment` (`matricule`,`id`,`date_appartenance`) VALUES ("438","Forces Armées","1985-05-08");
INSERT INTO `Affectation` (`matricule`,`id`,`date_affectation`) VALUES ("438","4","1985-05-08");
INSERT INTO `DetientGrades` (`matricule`,`id`,`date_promotion`) VALUES ("438","9","2008-07-27");
INSERT INTO `PossedeDiplomes` (`matricule`,`id`,`date_obtention`,`pays_obtention`,`organisme_formateur`) VALUES ("438","BT1","1998-06-24","CONGO","centre de formation militaire");
UPDATE `Militaires` SET `date_naissance`="1979-11-09",`date_recrutement`="1999-07-04" WHERE `matricule`="439";
INSERT INTO `Actifs` (`matricule`) VALUES ("439");
INSERT INTO `AppartientRegiment` (`matricule`,`id`,`date_appartenance`) VALUES ("439","Forces Armées","1999-07-04");
INSERT INTO `Affectation` (`matricule`,`id`,`date_affectation`) VALUES ("439","4","1999-07-04");
INSERT INTO `DetientGrades` (`matricule`,`id`,`date_promotion`) VALUES ("439","7","2002-02-18");
INSERT INTO `PossedeDiplomes` (`matricule`,`id`,`date_obtention`,`pays_obtention`,`organisme_formateur`) VALUES ("439","DQSG2","2001-02-22","CONGO","centre de formation militaire");
UPDATE `Militaires` SET `date_naissance`="1966-11-12",`date_recrutement`="1987-06-12" WHERE `matricule`="440";
INSERT INTO `Actifs` (`matricule`) VALUES ("440");
INSERT INTO `AppartientRegiment` (`matricule`,`id`,`date_appartenance`) VALUES ("440","Forces Armées","1987-06-12");
INSERT INTO `Affectation` (`matricule`,`id`,`date_affectation`) VALUES ("440","4","1987-06-12");
INSERT INTO `DetientGrades` (`matricule`,`id`,`date_promotion`) VALUES ("440","13","2015-03-24");
INSERT INTO `PossedeDiplomes` (`matricule`,`id`,`date_obtention`,`pays_obtention`,`organisme_formateur`) VALUES ("440","CAT1","1996-02-10","CONGO","centre de formation militaire");
UPDATE `Militaires` SET `date_naissance`="1990-02-18",`date_recrutement`="2011-06-10" WHERE `matricule`="441";
INSERT INTO `Actifs` (`matricule`) VALUES ("441");
INSERT INTO `AppartientRegiment` (`matricule`,`id`,`date_appartenance`) VALUES ("441","Forces Armées","2011-06-10");
INSERT INTO `Affectation` (`matricule`,`id`,`date_affectation`) VALUES ("441","7","2011-06-10");
INSERT INTO `DetientGrades` (`matricule`,`id`,`date_promotion`) VALUES ("441","13","2011-10-09");
INSERT INTO `PossedeDiplomes` (`matricule`,`id`,`date_obtention`,`pays_obtention`,`organisme_formateur`) VALUES ("441","CAT1","2011-06-09","CONGO","centre de formation militaire");
UPDATE `Militaires` SET `date_naissance`="1976-12-25",`date_recrutement`="2000-10-16" WHERE `matricule`="442";
INSERT INTO `Actifs` (`matricule`) VALUES ("442");
INSERT INTO `AppartientRegiment` (`matricule`,`id`,`date_appartenance`) VALUES ("442","Forces Armées","2000-10-16");
INSERT INTO `Affectation` (`matricule`,`id`,`date_affectation`) VALUES ("442","9","2000-10-16");
INSERT INTO `DetientGrades` (`matricule`,`id`,`date_promotion`) VALUES ("442","3","2003-10-11");
INSERT INTO `PossedeDiplomes` (`matricule`,`id`,`date_obtention`,`pays_obtention`,`organisme_formateur`) VALUES ("442","DEMS","2001-10-16","CONGO","centre de formation militaire");
UPDATE `Militaires` SET `date_naissance`="1990-02-15",`date_recrutement`="2014-02-15" WHERE `matricule`="443";
INSERT INTO `Actifs` (`matricule`) VALUES ("443");
INSERT INTO `AppartientRegiment` (`matricule`,`id`,`date_appartenance`) VALUES ("443","Forces Armées","2014-02-15");
INSERT INTO `Affectation` (`matricule`,`id`,`date_affectation`) VALUES ("443","9","2014-02-15");
INSERT INTO `DetientGrades` (`matricule`,`id`,`date_promotion`) VALUES ("443","14","2014-02-15");
UPDATE `Militaires` SET `date_naissance`="1950-08-21",`date_recrutement`="1974-08-01" WHERE `matricule`="444";
INSERT INTO `Actifs` (`matricule`) VALUES ("444");
INSERT INTO `AppartientRegiment` (`matricule`,`id`,`date_appartenance`) VALUES ("444","Forces Armées","1974-08-01");
INSERT INTO `Affectation` (`matricule`,`id`,`date_affectation`) VALUES ("444","3","1974-08-01");
INSERT INTO `DetientGrades` (`matricule`,`id`,`date_promotion`) VALUES ("444","9","1981-12-05");
INSERT INTO `PossedeDiplomes` (`matricule`,`id`,`date_obtention`,`pays_obtention`,`organisme_formateur`) VALUES ("444","BT1","1974-09-06","CONGO","centre de formation militaire");
UPDATE `Militaires` SET `date_naissance`="1953-05-08",`date_recrutement`="1972-01-21" WHERE `matricule`="445";
INSERT INTO `Actifs` (`matricule`) VALUES ("445");
INSERT INTO `AppartientRegiment` (`matricule`,`id`,`date_appartenance`) VALUES ("445","Forces Armées","1972-01-21");
INSERT INTO `Affectation` (`matricule`,`id`,`date_affectation`) VALUES ("445","3","1972-01-21");
INSERT INTO `DetientGrades` (`matricule`,`id`,`date_promotion`) VALUES ("445","13","2000-11-10");
INSERT INTO `PossedeDiplomes` (`matricule`,`id`,`date_obtention`,`pays_obtention`,`organisme_formateur`) VALUES ("445","CAT1","1982-10-14","CONGO","centre de formation militaire");
UPDATE `Militaires` SET `date_naissance`="1978-07-16",`date_recrutement`="1997-09-23" WHERE `matricule`="446";
INSERT INTO `Actifs` (`matricule`) VALUES ("446");
INSERT INTO `AppartientRegiment` (`matricule`,`id`,`date_appartenance`) VALUES ("446","Forces Armées","1997-09-23");
INSERT INTO `Affectation` (`matricule`,`id`,`date_affectation`) VALUES ("446","2","1997-09-23");
INSERT INTO `DetientGrades` (`matricule`,`id`,`date_promotion`) VALUES ("446","13","2007-04-04");
INSERT INTO `PossedeDiplomes` (`matricule`,`id`,`date_obtention`,`pays_obtention`,`organisme_formateur`) VALUES ("446","CAT1","2001-02-21","CONGO","centre de formation militaire");
UPDATE `Militaires` SET `date_naissance`="1963-09-04",`date_recrutement`="1986-10-23" WHERE `matricule`="447";
INSERT INTO `Actifs` (`matricule`) VALUES ("447");
INSERT INTO `AppartientRegiment` (`matricule`,`id`,`date_appartenance`) VALUES ("447","Forces Armées","1986-10-23");
INSERT INTO `Affectation` (`matricule`,`id`,`date_affectation`) VALUES ("447","6","1986-10-23");
INSERT INTO `DetientGrades` (`matricule`,`id`,`date_promotion`) VALUES ("447","14","1986-10-23");
UPDATE `Militaires` SET `date_naissance`="1969-12-07",`date_recrutement`="1991-04-14" WHERE `matricule`="448";
INSERT INTO `Actifs` (`matricule`) VALUES ("448");
INSERT INTO `AppartientRegiment` (`matricule`,`id`,`date_appartenance`) VALUES ("448","Forces Armées","1991-04-14");
INSERT INTO `Affectation` (`matricule`,`id`,`date_affectation`) VALUES ("448","8","1991-04-14");
INSERT INTO `DetientGrades` (`matricule`,`id`,`date_promotion`) VALUES ("448","13","1998-10-08");
INSERT INTO `PossedeDiplomes` (`matricule`,`id`,`date_obtention`,`pays_obtention`,`organisme_formateur`) VALUES ("448","CAT1","1997-10-20","CONGO","centre de formation militaire");
UPDATE `Militaires` SET `date_naissance`="1977-07-08",`date_recrutement`="2000-08-21" WHERE `matricule`="449";
INSERT INTO `Actifs` (`matricule`) VALUES ("449");
INSERT INTO `AppartientRegiment` (`matricule`,`id`,`date_appartenance`) VALUES ("449","Forces Armées","2000-08-21");
INSERT INTO `Affectation` (`matricule`,`id`,`date_affectation`) VALUES ("449","3","2000-08-21");
INSERT INTO `DetientGrades` (`matricule`,`id`,`date_promotion`) VALUES ("449","13","2003-01-16");
INSERT INTO `PossedeDiplomes` (`matricule`,`id`,`date_obtention`,`pays_obtention`,`organisme_formateur`) VALUES ("449","CAT1","2002-01-13","CONGO","centre de formation militaire");
UPDATE `Militaires` SET `date_naissance`="1959-09-10",`date_recrutement`="1983-01-10" WHERE `matricule`="450";
INSERT INTO `Actifs` (`matricule`) VALUES ("450");
INSERT INTO `AppartientRegiment` (`matricule`,`id`,`date_appartenance`) VALUES ("450","Forces Armées","1983-01-10");
INSERT INTO `Affectation` (`matricule`,`id`,`date_affectation`) VALUES ("450","3","1983-01-10");
INSERT INTO `DetientGrades` (`matricule`,`id`,`date_promotion`) VALUES ("450","14","1983-01-10");
UPDATE `Militaires` SET `date_naissance`="1986-01-23",`date_recrutement`="2005-02-04" WHERE `matricule`="451";
INSERT INTO `Actifs` (`matricule`) VALUES ("451");
INSERT INTO `AppartientRegiment` (`matricule`,`id`,`date_appartenance`) VALUES ("451","Forces Armées","2005-02-04");
INSERT INTO `Affectation` (`matricule`,`id`,`date_affectation`) VALUES ("451","9","2005-02-04");
INSERT INTO `DetientGrades` (`matricule`,`id`,`date_promotion`) VALUES ("451","14","2005-02-04");
UPDATE `Militaires` SET `date_naissance`="1980-05-25",`date_recrutement`="2002-05-15" WHERE `matricule`="452";
INSERT INTO `Actifs` (`matricule`) VALUES ("452");
INSERT INTO `AppartientRegiment` (`matricule`,`id`,`date_appartenance`) VALUES ("452","Forces Armées","2002-05-15");
INSERT INTO `Affectation` (`matricule`,`id`,`date_affectation`) VALUES ("452","8","2002-05-15");
INSERT INTO `DetientGrades` (`matricule`,`id`,`date_promotion`) VALUES ("452","9","2014-03-22");
INSERT INTO `PossedeDiplomes` (`matricule`,`id`,`date_obtention`,`pays_obtention`,`organisme_formateur`) VALUES ("452","BT1","2013-02-13","CONGO","centre de formation militaire");
UPDATE `Militaires` SET `date_naissance`="1985-10-23",`date_recrutement`="2009-03-20" WHERE `matricule`="453";
INSERT INTO `Actifs` (`matricule`) VALUES ("453");
INSERT INTO `AppartientRegiment` (`matricule`,`id`,`date_appartenance`) VALUES ("453","Forces Armées","2009-03-20");
INSERT INTO `Affectation` (`matricule`,`id`,`date_affectation`) VALUES ("453","7","2009-03-20");
INSERT INTO `DetientGrades` (`matricule`,`id`,`date_promotion`) VALUES ("453","14","2009-03-20");
UPDATE `Militaires` SET `date_naissance`="1964-09-20",`date_recrutement`="1986-02-11" WHERE `matricule`="454";
INSERT INTO `Actifs` (`matricule`) VALUES ("454");
INSERT INTO `AppartientRegiment` (`matricule`,`id`,`date_appartenance`) VALUES ("454","Forces Armées","1986-02-11");
INSERT INTO `Affectation` (`matricule`,`id`,`date_affectation`) VALUES ("454","6","1986-02-11");
INSERT INTO `DetientGrades` (`matricule`,`id`,`date_promotion`) VALUES ("454","14","1986-02-11");
UPDATE `Militaires` SET `date_naissance`="1983-05-26",`date_recrutement`="2003-10-09" WHERE `matricule`="455";
INSERT INTO `Actifs` (`matricule`) VALUES ("455");
INSERT INTO `AppartientRegiment` (`matricule`,`id`,`date_appartenance`) VALUES ("455","Forces Armées","2003-10-09");
INSERT INTO `Affectation` (`matricule`,`id`,`date_affectation`) VALUES ("455","5","2003-10-09");
INSERT INTO `DetientGrades` (`matricule`,`id`,`date_promotion`) VALUES ("455","14","2003-10-09");
UPDATE `Militaires` SET `date_naissance`="1968-08-17",`date_recrutement`="1991-02-18" WHERE `matricule`="456";
INSERT INTO `Actifs` (`matricule`) VALUES ("456");
INSERT INTO `AppartientRegiment` (`matricule`,`id`,`date_appartenance`) VALUES ("456","Forces Armées","1991-02-18");
INSERT INTO `Affectation` (`matricule`,`id`,`date_affectation`) VALUES ("456","1","1991-02-18");
INSERT INTO `DetientGrades` (`matricule`,`id`,`date_promotion`) VALUES ("456","14","1991-02-18");
UPDATE `Militaires` SET `date_naissance`="1957-04-18",`date_recrutement`="1978-11-16" WHERE `matricule`="457";
INSERT INTO `Actifs` (`matricule`) VALUES ("457");
INSERT INTO `AppartientRegiment` (`matricule`,`id`,`date_appartenance`) VALUES ("457","Forces Armées","1978-11-16");
INSERT INTO `Affectation` (`matricule`,`id`,`date_affectation`) VALUES ("457","2","1978-11-16");
INSERT INTO `DetientGrades` (`matricule`,`id`,`date_promotion`) VALUES ("457","13","2001-01-13");
INSERT INTO `PossedeDiplomes` (`matricule`,`id`,`date_obtention`,`pays_obtention`,`organisme_formateur`) VALUES ("457","CAT1","2001-01-04","CONGO","centre de formation militaire");
UPDATE `Militaires` SET `date_naissance`="1974-08-20",`date_recrutement`="1993-12-21" WHERE `matricule`="458";
INSERT INTO `Actifs` (`matricule`) VALUES ("458");
INSERT INTO `AppartientRegiment` (`matricule`,`id`,`date_appartenance`) VALUES ("458","Forces Armées","1993-12-21");
INSERT INTO `Affectation` (`matricule`,`id`,`date_affectation`) VALUES ("458","4","1993-12-21");
INSERT INTO `DetientGrades` (`matricule`,`id`,`date_promotion`) VALUES ("458","9","2010-11-05");
INSERT INTO `PossedeDiplomes` (`matricule`,`id`,`date_obtention`,`pays_obtention`,`organisme_formateur`) VALUES ("458","BT1","2006-09-20","CONGO","centre de formation militaire");
UPDATE `Militaires` SET `date_naissance`="1972-10-07",`date_recrutement`="1992-10-14" WHERE `matricule`="459";
INSERT INTO `Actifs` (`matricule`) VALUES ("459");
INSERT INTO `AppartientRegiment` (`matricule`,`id`,`date_appartenance`) VALUES ("459","Forces Armées","1992-10-14");
INSERT INTO `Affectation` (`matricule`,`id`,`date_affectation`) VALUES ("459","6","1992-10-14");
INSERT INTO `DetientGrades` (`matricule`,`id`,`date_promotion`) VALUES ("459","8","2004-02-19");
INSERT INTO `PossedeDiplomes` (`matricule`,`id`,`date_obtention`,`pays_obtention`,`organisme_formateur`) VALUES ("459","DQSG2","1996-01-07","CONGO","centre de formation militaire");
UPDATE `Militaires` SET `date_naissance`="1961-01-10",`date_recrutement`="1984-06-21" WHERE `matricule`="460";
INSERT INTO `Actifs` (`matricule`) VALUES ("460");
INSERT INTO `AppartientRegiment` (`matricule`,`id`,`date_appartenance`) VALUES ("460","Forces Armées","1984-06-21");
INSERT INTO `Affectation` (`matricule`,`id`,`date_affectation`) VALUES ("460","3","1984-06-21");
INSERT INTO `DetientGrades` (`matricule`,`id`,`date_promotion`) VALUES ("460","11","2004-11-15");
INSERT INTO `PossedeDiplomes` (`matricule`,`id`,`date_obtention`,`pays_obtention`,`organisme_formateur`) VALUES ("460","BS","1988-05-12","CONGO","centre de formation militaire");
UPDATE `Militaires` SET `date_naissance`="1971-05-02",`date_recrutement`="1993-03-17" WHERE `matricule`="461";
INSERT INTO `Actifs` (`matricule`) VALUES ("461");
INSERT INTO `AppartientRegiment` (`matricule`,`id`,`date_appartenance`) VALUES ("461","Forces Armées","1993-03-17");
INSERT INTO `Affectation` (`matricule`,`id`,`date_affectation`) VALUES ("461","1","1993-03-17");
INSERT INTO `DetientGrades` (`matricule`,`id`,`date_promotion`) VALUES ("461","14","1993-03-17");
UPDATE `Militaires` SET `date_naissance`="1953-08-20",`date_recrutement`="1974-12-14" WHERE `matricule`="462";
INSERT INTO `Actifs` (`matricule`) VALUES ("462");
INSERT INTO `AppartientRegiment` (`matricule`,`id`,`date_appartenance`) VALUES ("462","Forces Armées","1974-12-14");
INSERT INTO `Affectation` (`matricule`,`id`,`date_affectation`) VALUES ("462","9","1974-12-14");
INSERT INTO `DetientGrades` (`matricule`,`id`,`date_promotion`) VALUES ("462","13","2002-04-06");
INSERT INTO `PossedeDiplomes` (`matricule`,`id`,`date_obtention`,`pays_obtention`,`organisme_formateur`) VALUES ("462","CAT1","1993-04-03","CONGO","centre de formation militaire");
UPDATE `Militaires` SET `date_naissance`="1984-03-16",`date_recrutement`="2004-06-24" WHERE `matricule`="463";
INSERT INTO `Actifs` (`matricule`) VALUES ("463");
INSERT INTO `AppartientRegiment` (`matricule`,`id`,`date_appartenance`) VALUES ("463","Forces Armées","2004-06-24");
INSERT INTO `Affectation` (`matricule`,`id`,`date_affectation`) VALUES ("463","3","2004-06-24");
INSERT INTO `DetientGrades` (`matricule`,`id`,`date_promotion`) VALUES ("463","14","2004-06-24");
UPDATE `Militaires` SET `date_naissance`="1967-01-22",`date_recrutement`="1988-09-05" WHERE `matricule`="464";
INSERT INTO `Actifs` (`matricule`) VALUES ("464");
INSERT INTO `AppartientRegiment` (`matricule`,`id`,`date_appartenance`) VALUES ("464","Forces Armées","1988-09-05");
INSERT INTO `Affectation` (`matricule`,`id`,`date_affectation`) VALUES ("464","7","1988-09-05");
INSERT INTO `DetientGrades` (`matricule`,`id`,`date_promotion`) VALUES ("464","14","1988-09-05");
UPDATE `Militaires` SET `date_naissance`="1961-09-16",`date_recrutement`="1986-01-04" WHERE `matricule`="465";
INSERT INTO `Actifs` (`matricule`) VALUES ("465");
INSERT INTO `AppartientRegiment` (`matricule`,`id`,`date_appartenance`) VALUES ("465","Forces Armées","1986-01-04");
INSERT INTO `Affectation` (`matricule`,`id`,`date_affectation`) VALUES ("465","3","1986-01-04");
INSERT INTO `DetientGrades` (`matricule`,`id`,`date_promotion`) VALUES ("465","14","1986-01-04");
UPDATE `Militaires` SET `date_naissance`="1950-11-20",`date_recrutement`="1969-10-01" WHERE `matricule`="466";
INSERT INTO `Actifs` (`matricule`) VALUES ("466");
INSERT INTO `AppartientRegiment` (`matricule`,`id`,`date_appartenance`) VALUES ("466","Forces Armées","1969-10-01");
INSERT INTO `Affectation` (`matricule`,`id`,`date_affectation`) VALUES ("466","5","1969-10-01");
INSERT INTO `DetientGrades` (`matricule`,`id`,`date_promotion`) VALUES ("466","10","1995-07-01");
INSERT INTO `PossedeDiplomes` (`matricule`,`id`,`date_obtention`,`pays_obtention`,`organisme_formateur`) VALUES ("466","BE2","1970-06-03","CONGO","centre de formation militaire");
UPDATE `Militaires` SET `date_naissance`="1986-07-27",`date_recrutement`="2007-08-26" WHERE `matricule`="467";
INSERT INTO `Actifs` (`matricule`) VALUES ("467");
INSERT INTO `AppartientRegiment` (`matricule`,`id`,`date_appartenance`) VALUES ("467","Forces Armées","2007-08-26");
INSERT INTO `Affectation` (`matricule`,`id`,`date_affectation`) VALUES ("467","8","2007-08-26");
INSERT INTO `DetientGrades` (`matricule`,`id`,`date_promotion`) VALUES ("467","10","2010-12-17");
INSERT INTO `PossedeDiplomes` (`matricule`,`id`,`date_obtention`,`pays_obtention`,`organisme_formateur`) VALUES ("467","BE2","2008-07-21","CONGO","centre de formation militaire");
UPDATE `Militaires` SET `date_naissance`="1957-05-07",`date_recrutement`="1978-10-01" WHERE `matricule`="468";
INSERT INTO `Actifs` (`matricule`) VALUES ("468");
INSERT INTO `AppartientRegiment` (`matricule`,`id`,`date_appartenance`) VALUES ("468","Forces Armées","1978-10-01");
INSERT INTO `Affectation` (`matricule`,`id`,`date_affectation`) VALUES ("468","10","1978-10-01");
INSERT INTO `DetientGrades` (`matricule`,`id`,`date_promotion`) VALUES ("468","3","1989-02-16");
INSERT INTO `PossedeDiplomes` (`matricule`,`id`,`date_obtention`,`pays_obtention`,`organisme_formateur`) VALUES ("468","DEMS","1980-02-14","CONGO","centre de formation militaire");
UPDATE `Militaires` SET `date_naissance`="1962-07-19",`date_recrutement`="1985-05-26" WHERE `matricule`="469";
INSERT INTO `Actifs` (`matricule`) VALUES ("469");
INSERT INTO `AppartientRegiment` (`matricule`,`id`,`date_appartenance`) VALUES ("469","Forces Armées","1985-05-26");
INSERT INTO `Affectation` (`matricule`,`id`,`date_affectation`) VALUES ("469","6","1985-05-26");
INSERT INTO `DetientGrades` (`matricule`,`id`,`date_promotion`) VALUES ("469","9","2000-11-25");
INSERT INTO `PossedeDiplomes` (`matricule`,`id`,`date_obtention`,`pays_obtention`,`organisme_formateur`) VALUES ("469","BT1","1995-03-24","CONGO","centre de formation militaire");
UPDATE `Militaires` SET `date_naissance`="1983-01-01",`date_recrutement`="2008-10-03" WHERE `matricule`="470";
INSERT INTO `Actifs` (`matricule`) VALUES ("470");
INSERT INTO `AppartientRegiment` (`matricule`,`id`,`date_appartenance`) VALUES ("470","Forces Armées","2008-10-03");
INSERT INTO `Affectation` (`matricule`,`id`,`date_affectation`) VALUES ("470","5","2008-10-03");
INSERT INTO `DetientGrades` (`matricule`,`id`,`date_promotion`) VALUES ("470","13","2015-07-24");
INSERT INTO `PossedeDiplomes` (`matricule`,`id`,`date_obtention`,`pays_obtention`,`organisme_formateur`) VALUES ("470","CAT1","2013-06-14","CONGO","centre de formation militaire");
UPDATE `Militaires` SET `date_naissance`="1965-06-09",`date_recrutement`="1990-09-13" WHERE `matricule`="471";
INSERT INTO `Actifs` (`matricule`) VALUES ("471");
INSERT INTO `AppartientRegiment` (`matricule`,`id`,`date_appartenance`) VALUES ("471","Forces Armées","1990-09-13");
INSERT INTO `Affectation` (`matricule`,`id`,`date_affectation`) VALUES ("471","6","1990-09-13");
INSERT INTO `DetientGrades` (`matricule`,`id`,`date_promotion`) VALUES ("471","14","1990-09-13");
UPDATE `Militaires` SET `date_naissance`="1965-10-12",`date_recrutement`="1990-01-06" WHERE `matricule`="472";
INSERT INTO `Actifs` (`matricule`) VALUES ("472");
INSERT INTO `AppartientRegiment` (`matricule`,`id`,`date_appartenance`) VALUES ("472","Forces Armées","1990-01-06");
INSERT INTO `Affectation` (`matricule`,`id`,`date_affectation`) VALUES ("472","5","1990-01-06");
INSERT INTO `DetientGrades` (`matricule`,`id`,`date_promotion`) VALUES ("472","11","2015-06-18");
INSERT INTO `PossedeDiplomes` (`matricule`,`id`,`date_obtention`,`pays_obtention`,`organisme_formateur`) VALUES ("472","BS","2013-06-05","CONGO","centre de formation militaire");
UPDATE `Militaires` SET `date_naissance`="1973-05-24",`date_recrutement`="1995-03-18" WHERE `matricule`="473";
INSERT INTO `Actifs` (`matricule`) VALUES ("473");
INSERT INTO `AppartientRegiment` (`matricule`,`id`,`date_appartenance`) VALUES ("473","Forces Armées","1995-03-18");
INSERT INTO `Affectation` (`matricule`,`id`,`date_affectation`) VALUES ("473","4","1995-03-18");
INSERT INTO `DetientGrades` (`matricule`,`id`,`date_promotion`) VALUES ("473","14","1995-03-18");
UPDATE `Militaires` SET `date_naissance`="1966-12-26",`date_recrutement`="1991-12-13" WHERE `matricule`="474";
INSERT INTO `Actifs` (`matricule`) VALUES ("474");
INSERT INTO `AppartientRegiment` (`matricule`,`id`,`date_appartenance`) VALUES ("474","Forces Armées","1991-12-13");
INSERT INTO `Affectation` (`matricule`,`id`,`date_affectation`) VALUES ("474","5","1991-12-13");
INSERT INTO `DetientGrades` (`matricule`,`id`,`date_promotion`) VALUES ("474","9","2008-08-12");
INSERT INTO `PossedeDiplomes` (`matricule`,`id`,`date_obtention`,`pays_obtention`,`organisme_formateur`) VALUES ("474","BT1","1992-01-18","CONGO","centre de formation militaire");
UPDATE `Militaires` SET `date_naissance`="1963-02-16",`date_recrutement`="1985-11-10" WHERE `matricule`="475";
INSERT INTO `Actifs` (`matricule`) VALUES ("475");
INSERT INTO `AppartientRegiment` (`matricule`,`id`,`date_appartenance`) VALUES ("475","Forces Armées","1985-11-10");
INSERT INTO `Affectation` (`matricule`,`id`,`date_affectation`) VALUES ("475","3","1985-11-10");
INSERT INTO `DetientGrades` (`matricule`,`id`,`date_promotion`) VALUES ("475","4","2012-04-11");
INSERT INTO `PossedeDiplomes` (`matricule`,`id`,`date_obtention`,`pays_obtention`,`organisme_formateur`) VALUES ("475","CPOS","2004-03-19","CONGO","centre de formation militaire");
UPDATE `Militaires` SET `date_naissance`="1988-07-06",`date_recrutement`="2010-02-21" WHERE `matricule`="476";
INSERT INTO `Actifs` (`matricule`) VALUES ("476");
INSERT INTO `AppartientRegiment` (`matricule`,`id`,`date_appartenance`) VALUES ("476","Forces Armées","2010-02-21");
INSERT INTO `Affectation` (`matricule`,`id`,`date_affectation`) VALUES ("476","6","2010-02-21");
INSERT INTO `DetientGrades` (`matricule`,`id`,`date_promotion`) VALUES ("476","10","2015-02-21");
INSERT INTO `PossedeDiplomes` (`matricule`,`id`,`date_obtention`,`pays_obtention`,`organisme_formateur`) VALUES ("476","BE2","2014-01-25","CONGO","centre de formation militaire");
UPDATE `Militaires` SET `date_naissance`="1950-05-12",`date_recrutement`="1972-05-20" WHERE `matricule`="477";
INSERT INTO `Actifs` (`matricule`) VALUES ("477");
INSERT INTO `AppartientRegiment` (`matricule`,`id`,`date_appartenance`) VALUES ("477","Forces Armées","1972-05-20");
INSERT INTO `Affectation` (`matricule`,`id`,`date_affectation`) VALUES ("477","4","1972-05-20");
INSERT INTO `DetientGrades` (`matricule`,`id`,`date_promotion`) VALUES ("477","14","1972-05-20");
UPDATE `Militaires` SET `date_naissance`="1958-10-13",`date_recrutement`="1977-02-21" WHERE `matricule`="478";
INSERT INTO `Actifs` (`matricule`) VALUES ("478");
INSERT INTO `AppartientRegiment` (`matricule`,`id`,`date_appartenance`) VALUES ("478","Forces Armées","1977-02-21");
INSERT INTO `Affectation` (`matricule`,`id`,`date_affectation`) VALUES ("478","3","1977-02-21");
INSERT INTO `DetientGrades` (`matricule`,`id`,`date_promotion`) VALUES ("478","11","2014-01-26");
INSERT INTO `PossedeDiplomes` (`matricule`,`id`,`date_obtention`,`pays_obtention`,`organisme_formateur`) VALUES ("478","BS","1984-01-16","CONGO","centre de formation militaire");
UPDATE `Militaires` SET `date_naissance`="1979-08-16",`date_recrutement`="2000-04-25" WHERE `matricule`="479";
INSERT INTO `Actifs` (`matricule`) VALUES ("479");
INSERT INTO `AppartientRegiment` (`matricule`,`id`,`date_appartenance`) VALUES ("479","Forces Armées","2000-04-25");
INSERT INTO `Affectation` (`matricule`,`id`,`date_affectation`) VALUES ("479","4","2000-04-25");
INSERT INTO `DetientGrades` (`matricule`,`id`,`date_promotion`) VALUES ("479","13","2014-09-23");
INSERT INTO `PossedeDiplomes` (`matricule`,`id`,`date_obtention`,`pays_obtention`,`organisme_formateur`) VALUES ("479","CAT1","2002-04-23","CONGO","centre de formation militaire");
UPDATE `Militaires` SET `date_naissance`="1956-12-17",`date_recrutement`="1979-04-09" WHERE `matricule`="480";
INSERT INTO `Actifs` (`matricule`) VALUES ("480");
INSERT INTO `AppartientRegiment` (`matricule`,`id`,`date_appartenance`) VALUES ("480","Forces Armées","1979-04-09");
INSERT INTO `Affectation` (`matricule`,`id`,`date_affectation`) VALUES ("480","9","1979-04-09");
INSERT INTO `DetientGrades` (`matricule`,`id`,`date_promotion`) VALUES ("480","3","2008-07-19");
INSERT INTO `PossedeDiplomes` (`matricule`,`id`,`date_obtention`,`pays_obtention`,`organisme_formateur`) VALUES ("480","DEMS","2006-06-12","CONGO","centre de formation militaire");
UPDATE `Militaires` SET `date_naissance`="1951-07-04",`date_recrutement`="1976-08-14" WHERE `matricule`="481";
INSERT INTO `Actifs` (`matricule`) VALUES ("481");
INSERT INTO `AppartientRegiment` (`matricule`,`id`,`date_appartenance`) VALUES ("481","Forces Armées","1976-08-14");
INSERT INTO `Affectation` (`matricule`,`id`,`date_affectation`) VALUES ("481","3","1976-08-14");
INSERT INTO `DetientGrades` (`matricule`,`id`,`date_promotion`) VALUES ("481","14","1976-08-14");
UPDATE `Militaires` SET `date_naissance`="1975-02-06",`date_recrutement`="1996-01-24" WHERE `matricule`="482";
INSERT INTO `Actifs` (`matricule`) VALUES ("482");
INSERT INTO `AppartientRegiment` (`matricule`,`id`,`date_appartenance`) VALUES ("482","Forces Armées","1996-01-24");
INSERT INTO `Affectation` (`matricule`,`id`,`date_affectation`) VALUES ("482","1","1996-01-24");
INSERT INTO `DetientGrades` (`matricule`,`id`,`date_promotion`) VALUES ("482","14","1996-01-24");
UPDATE `Militaires` SET `date_naissance`="1971-08-03",`date_recrutement`="1992-04-13" WHERE `matricule`="483";
INSERT INTO `Actifs` (`matricule`) VALUES ("483");
INSERT INTO `AppartientRegiment` (`matricule`,`id`,`date_appartenance`) VALUES ("483","Forces Armées","1992-04-13");
INSERT INTO `Affectation` (`matricule`,`id`,`date_affectation`) VALUES ("483","6","1992-04-13");
INSERT INTO `DetientGrades` (`matricule`,`id`,`date_promotion`) VALUES ("483","9","1994-06-18");
INSERT INTO `PossedeDiplomes` (`matricule`,`id`,`date_obtention`,`pays_obtention`,`organisme_formateur`) VALUES ("483","BT1","1992-01-16","CONGO","centre de formation militaire");
UPDATE `Militaires` SET `date_naissance`="1984-03-14",`date_recrutement`="2006-04-04" WHERE `matricule`="484";
INSERT INTO `Actifs` (`matricule`) VALUES ("484");
INSERT INTO `AppartientRegiment` (`matricule`,`id`,`date_appartenance`) VALUES ("484","Forces Armées","2006-04-04");
INSERT INTO `Affectation` (`matricule`,`id`,`date_affectation`) VALUES ("484","1","2006-04-04");
INSERT INTO `DetientGrades` (`matricule`,`id`,`date_promotion`) VALUES ("484","9","2013-07-16");
INSERT INTO `PossedeDiplomes` (`matricule`,`id`,`date_obtention`,`pays_obtention`,`organisme_formateur`) VALUES ("484","BT1","2006-04-15","CONGO","centre de formation militaire");
UPDATE `Militaires` SET `date_naissance`="1954-07-17",`date_recrutement`="1977-05-05" WHERE `matricule`="485";
INSERT INTO `Actifs` (`matricule`) VALUES ("485");
INSERT INTO `AppartientRegiment` (`matricule`,`id`,`date_appartenance`) VALUES ("485","Forces Armées","1977-05-05");
INSERT INTO `Affectation` (`matricule`,`id`,`date_affectation`) VALUES ("485","9","1977-05-05");
INSERT INTO `DetientGrades` (`matricule`,`id`,`date_promotion`) VALUES ("485","14","1977-05-05");
UPDATE `Militaires` SET `date_naissance`="1963-09-11",`date_recrutement`="1982-02-18" WHERE `matricule`="486";
INSERT INTO `Actifs` (`matricule`) VALUES ("486");
INSERT INTO `AppartientRegiment` (`matricule`,`id`,`date_appartenance`) VALUES ("486","Forces Armées","1982-02-18");
INSERT INTO `Affectation` (`matricule`,`id`,`date_affectation`) VALUES ("486","1","1982-02-18");
INSERT INTO `DetientGrades` (`matricule`,`id`,`date_promotion`) VALUES ("486","11","2004-11-12");
INSERT INTO `PossedeDiplomes` (`matricule`,`id`,`date_obtention`,`pays_obtention`,`organisme_formateur`) VALUES ("486","BS","1987-09-16","CONGO","centre de formation militaire");
UPDATE `Militaires` SET `date_naissance`="1956-08-09",`date_recrutement`="1978-09-27" WHERE `matricule`="487";
INSERT INTO `Actifs` (`matricule`) VALUES ("487");
INSERT INTO `AppartientRegiment` (`matricule`,`id`,`date_appartenance`) VALUES ("487","Forces Armées","1978-09-27");
INSERT INTO `Affectation` (`matricule`,`id`,`date_affectation`) VALUES ("487","9","1978-09-27");
INSERT INTO `DetientGrades` (`matricule`,`id`,`date_promotion`) VALUES ("487","13","2006-08-18");
INSERT INTO `PossedeDiplomes` (`matricule`,`id`,`date_obtention`,`pays_obtention`,`organisme_formateur`) VALUES ("487","CAT1","1986-06-18","CONGO","centre de formation militaire");
UPDATE `Militaires` SET `date_naissance`="1954-08-06",`date_recrutement`="1976-07-22" WHERE `matricule`="488";
INSERT INTO `Actifs` (`matricule`) VALUES ("488");
INSERT INTO `AppartientRegiment` (`matricule`,`id`,`date_appartenance`) VALUES ("488","Forces Armées","1976-07-22");
INSERT INTO `Affectation` (`matricule`,`id`,`date_affectation`) VALUES ("488","10","1976-07-22");
INSERT INTO `DetientGrades` (`matricule`,`id`,`date_promotion`) VALUES ("488","10","1999-09-27");
INSERT INTO `PossedeDiplomes` (`matricule`,`id`,`date_obtention`,`pays_obtention`,`organisme_formateur`) VALUES ("488","BE2","1986-02-01","CONGO","centre de formation militaire");
UPDATE `Militaires` SET `date_naissance`="1962-09-21",`date_recrutement`="1981-06-27" WHERE `matricule`="489";
INSERT INTO `Actifs` (`matricule`) VALUES ("489");
INSERT INTO `AppartientRegiment` (`matricule`,`id`,`date_appartenance`) VALUES ("489","Forces Armées","1981-06-27");
INSERT INTO `Affectation` (`matricule`,`id`,`date_affectation`) VALUES ("489","6","1981-06-27");
INSERT INTO `DetientGrades` (`matricule`,`id`,`date_promotion`) VALUES ("489","14","1981-06-27");
UPDATE `Militaires` SET `date_naissance`="1961-08-07",`date_recrutement`="1986-03-22" WHERE `matricule`="490";
INSERT INTO `Actifs` (`matricule`) VALUES ("490");
INSERT INTO `AppartientRegiment` (`matricule`,`id`,`date_appartenance`) VALUES ("490","Forces Armées","1986-03-22");
INSERT INTO `Affectation` (`matricule`,`id`,`date_affectation`) VALUES ("490","2","1986-03-22");
INSERT INTO `DetientGrades` (`matricule`,`id`,`date_promotion`) VALUES ("490","8","2005-06-20");
INSERT INTO `PossedeDiplomes` (`matricule`,`id`,`date_obtention`,`pays_obtention`,`organisme_formateur`) VALUES ("490","DQSG2","1997-05-02","CONGO","centre de formation militaire");
UPDATE `Militaires` SET `date_naissance`="1984-01-01",`date_recrutement`="2008-07-02" WHERE `matricule`="491";
INSERT INTO `Actifs` (`matricule`) VALUES ("491");
INSERT INTO `AppartientRegiment` (`matricule`,`id`,`date_appartenance`) VALUES ("491","Forces Armées","2008-07-02");
INSERT INTO `Affectation` (`matricule`,`id`,`date_affectation`) VALUES ("491","4","2008-07-02");
INSERT INTO `DetientGrades` (`matricule`,`id`,`date_promotion`) VALUES ("491","14","2008-07-02");
UPDATE `Militaires` SET `date_naissance`="1957-02-23",`date_recrutement`="1980-07-21" WHERE `matricule`="492";
INSERT INTO `Actifs` (`matricule`) VALUES ("492");
INSERT INTO `AppartientRegiment` (`matricule`,`id`,`date_appartenance`) VALUES ("492","Forces Armées","1980-07-21");
INSERT INTO `Affectation` (`matricule`,`id`,`date_affectation`) VALUES ("492","8","1980-07-21");
INSERT INTO `DetientGrades` (`matricule`,`id`,`date_promotion`) VALUES ("492","10","1982-11-06");
INSERT INTO `PossedeDiplomes` (`matricule`,`id`,`date_obtention`,`pays_obtention`,`organisme_formateur`) VALUES ("492","BE2","1981-01-13","CONGO","centre de formation militaire");
UPDATE `Militaires` SET `date_naissance`="1970-10-04",`date_recrutement`="1994-09-26" WHERE `matricule`="493";
INSERT INTO `Actifs` (`matricule`) VALUES ("493");
INSERT INTO `AppartientRegiment` (`matricule`,`id`,`date_appartenance`) VALUES ("493","Forces Armées","1994-09-26");
INSERT INTO `Affectation` (`matricule`,`id`,`date_affectation`) VALUES ("493","6","1994-09-26");
INSERT INTO `DetientGrades` (`matricule`,`id`,`date_promotion`) VALUES ("493","8","1997-03-25");
INSERT INTO `PossedeDiplomes` (`matricule`,`id`,`date_obtention`,`pays_obtention`,`organisme_formateur`) VALUES ("493","DQSG2","1996-01-07","CONGO","centre de formation militaire");
UPDATE `Militaires` SET `date_naissance`="1960-01-02",`date_recrutement`="1979-10-24" WHERE `matricule`="494";
INSERT INTO `Actifs` (`matricule`) VALUES ("494");
INSERT INTO `AppartientRegiment` (`matricule`,`id`,`date_appartenance`) VALUES ("494","Forces Armées","1979-10-24");
INSERT INTO `Affectation` (`matricule`,`id`,`date_affectation`) VALUES ("494","10","1979-10-24");
INSERT INTO `DetientGrades` (`matricule`,`id`,`date_promotion`) VALUES ("494","7","2010-08-16");
INSERT INTO `PossedeDiplomes` (`matricule`,`id`,`date_obtention`,`pays_obtention`,`organisme_formateur`) VALUES ("494","DQSG2","1979-01-04","CONGO","centre de formation militaire");
UPDATE `Militaires` SET `date_naissance`="1983-03-24",`date_recrutement`="2008-10-08" WHERE `matricule`="495";
INSERT INTO `Actifs` (`matricule`) VALUES ("495");
INSERT INTO `AppartientRegiment` (`matricule`,`id`,`date_appartenance`) VALUES ("495","Forces Armées","2008-10-08");
INSERT INTO `Affectation` (`matricule`,`id`,`date_affectation`) VALUES ("495","10","2008-10-08");
INSERT INTO `DetientGrades` (`matricule`,`id`,`date_promotion`) VALUES ("495","10","2013-10-02");
INSERT INTO `PossedeDiplomes` (`matricule`,`id`,`date_obtention`,`pays_obtention`,`organisme_formateur`) VALUES ("495","BE2","2011-10-21","CONGO","centre de formation militaire");
UPDATE `Militaires` SET `date_naissance`="1983-04-03",`date_recrutement`="2008-08-13" WHERE `matricule`="496";
INSERT INTO `Actifs` (`matricule`) VALUES ("496");
INSERT INTO `AppartientRegiment` (`matricule`,`id`,`date_appartenance`) VALUES ("496","Forces Armées","2008-08-13");
INSERT INTO `Affectation` (`matricule`,`id`,`date_affectation`) VALUES ("496","3","2008-08-13");
INSERT INTO `DetientGrades` (`matricule`,`id`,`date_promotion`) VALUES ("496","14","2008-08-13");
UPDATE `Militaires` SET `date_naissance`="1955-07-16",`date_recrutement`="1975-12-19" WHERE `matricule`="497";
INSERT INTO `Actifs` (`matricule`) VALUES ("497");
INSERT INTO `AppartientRegiment` (`matricule`,`id`,`date_appartenance`) VALUES ("497","Forces Armées","1975-12-19");
INSERT INTO `Affectation` (`matricule`,`id`,`date_affectation`) VALUES ("497","10","1975-12-19");
INSERT INTO `DetientGrades` (`matricule`,`id`,`date_promotion`) VALUES ("497","14","1975-12-19");
UPDATE `Militaires` SET `date_naissance`="1967-06-11",`date_recrutement`="1986-03-05" WHERE `matricule`="498";
INSERT INTO `Actifs` (`matricule`) VALUES ("498");
INSERT INTO `AppartientRegiment` (`matricule`,`id`,`date_appartenance`) VALUES ("498","Forces Armées","1986-03-05");
INSERT INTO `Affectation` (`matricule`,`id`,`date_affectation`) VALUES ("498","5","1986-03-05");
INSERT INTO `DetientGrades` (`matricule`,`id`,`date_promotion`) VALUES ("498","13","2003-01-27");
INSERT INTO `PossedeDiplomes` (`matricule`,`id`,`date_obtention`,`pays_obtention`,`organisme_formateur`) VALUES ("498","CAT1","1995-01-03","CONGO","centre de formation militaire");
UPDATE `Militaires` SET `date_naissance`="1952-10-10",`date_recrutement`="1975-01-10" WHERE `matricule`="499";
INSERT INTO `Actifs` (`matricule`) VALUES ("499");
INSERT INTO `AppartientRegiment` (`matricule`,`id`,`date_appartenance`) VALUES ("499","Forces Armées","1975-01-10");
INSERT INTO `Affectation` (`matricule`,`id`,`date_affectation`) VALUES ("499","10","1975-01-10");
INSERT INTO `DetientGrades` (`matricule`,`id`,`date_promotion`) VALUES ("499","9","2015-09-19");
INSERT INTO `PossedeDiplomes` (`matricule`,`id`,`date_obtention`,`pays_obtention`,`organisme_formateur`) VALUES ("499","BT1","1980-04-18","CONGO","centre de formation militaire");
UPDATE `Militaires` SET `date_naissance`="1970-04-05",`date_recrutement`="1990-12-20" WHERE `matricule`="500";
INSERT INTO `Actifs` (`matricule`) VALUES ("500");
INSERT INTO `AppartientRegiment` (`matricule`,`id`,`date_appartenance`) VALUES ("500","Forces Armées","1990-12-20");
INSERT INTO `Affectation` (`matricule`,`id`,`date_affectation`) VALUES ("500","5","1990-12-20");
INSERT INTO `DetientGrades` (`matricule`,`id`,`date_promotion`) VALUES ("500","14","1990-12-20");
UPDATE `Militaires` SET `date_naissance`="1979-01-25",`date_recrutement`="1998-01-02" WHERE `matricule`="501";
INSERT INTO `Actifs` (`matricule`) VALUES ("501");
INSERT INTO `AppartientRegiment` (`matricule`,`id`,`date_appartenance`) VALUES ("501","Forces Armées","1998-01-02");
INSERT INTO `Affectation` (`matricule`,`id`,`date_affectation`) VALUES ("501","8","1998-01-02");
INSERT INTO `DetientGrades` (`matricule`,`id`,`date_promotion`) VALUES ("501","14","1998-01-02");
UPDATE `Militaires` SET `date_naissance`="1950-12-04",`date_recrutement`="1971-02-27" WHERE `matricule`="502";
INSERT INTO `Actifs` (`matricule`) VALUES ("502");
INSERT INTO `AppartientRegiment` (`matricule`,`id`,`date_appartenance`) VALUES ("502","Forces Armées","1971-02-27");
INSERT INTO `Affectation` (`matricule`,`id`,`date_affectation`) VALUES ("502","6","1971-02-27");
INSERT INTO `DetientGrades` (`matricule`,`id`,`date_promotion`) VALUES ("502","12","1994-04-16");
INSERT INTO `PossedeDiplomes` (`matricule`,`id`,`date_obtention`,`pays_obtention`,`organisme_formateur`) VALUES ("502","CAT1","1974-03-23","CONGO","centre de formation militaire");
UPDATE `Militaires` SET `date_naissance`="1974-02-23",`date_recrutement`="1999-03-16" WHERE `matricule`="503";
INSERT INTO `Actifs` (`matricule`) VALUES ("503");
INSERT INTO `AppartientRegiment` (`matricule`,`id`,`date_appartenance`) VALUES ("503","Forces Armées","1999-03-16");
INSERT INTO `Affectation` (`matricule`,`id`,`date_affectation`) VALUES ("503","8","1999-03-16");
INSERT INTO `DetientGrades` (`matricule`,`id`,`date_promotion`) VALUES ("503","14","1999-03-16");
UPDATE `Militaires` SET `date_naissance`="1981-01-09",`date_recrutement`="2005-12-10" WHERE `matricule`="504";
INSERT INTO `Actifs` (`matricule`) VALUES ("504");
INSERT INTO `AppartientRegiment` (`matricule`,`id`,`date_appartenance`) VALUES ("504","Forces Armées","2005-12-10");
INSERT INTO `Affectation` (`matricule`,`id`,`date_affectation`) VALUES ("504","10","2005-12-10");
INSERT INTO `DetientGrades` (`matricule`,`id`,`date_promotion`) VALUES ("504","7","2015-09-14");
INSERT INTO `PossedeDiplomes` (`matricule`,`id`,`date_obtention`,`pays_obtention`,`organisme_formateur`) VALUES ("504","DQSG2","2013-03-14","CONGO","centre de formation militaire");
UPDATE `Militaires` SET `date_naissance`="1980-07-14",`date_recrutement`="2001-05-13" WHERE `matricule`="505";
INSERT INTO `Actifs` (`matricule`) VALUES ("505");
INSERT INTO `AppartientRegiment` (`matricule`,`id`,`date_appartenance`) VALUES ("505","Forces Armées","2001-05-13");
INSERT INTO `Affectation` (`matricule`,`id`,`date_affectation`) VALUES ("505","6","2001-05-13");
INSERT INTO `DetientGrades` (`matricule`,`id`,`date_promotion`) VALUES ("505","14","2001-05-13");
UPDATE `Militaires` SET `date_naissance`="1972-12-18",`date_recrutement`="1994-05-05" WHERE `matricule`="506";
INSERT INTO `Actifs` (`matricule`) VALUES ("506");
INSERT INTO `AppartientRegiment` (`matricule`,`id`,`date_appartenance`) VALUES ("506","Forces Armées","1994-05-05");
INSERT INTO `Affectation` (`matricule`,`id`,`date_affectation`) VALUES ("506","3","1994-05-05");
INSERT INTO `DetientGrades` (`matricule`,`id`,`date_promotion`) VALUES ("506","14","1994-05-05");
UPDATE `Militaires` SET `date_naissance`="1975-02-16",`date_recrutement`="1999-07-14" WHERE `matricule`="507";
INSERT INTO `Actifs` (`matricule`) VALUES ("507");
INSERT INTO `AppartientRegiment` (`matricule`,`id`,`date_appartenance`) VALUES ("507","Forces Armées","1999-07-14");
INSERT INTO `Affectation` (`matricule`,`id`,`date_affectation`) VALUES ("507","10","1999-07-14");
INSERT INTO `DetientGrades` (`matricule`,`id`,`date_promotion`) VALUES ("507","13","2013-10-22");
INSERT INTO `PossedeDiplomes` (`matricule`,`id`,`date_obtention`,`pays_obtention`,`organisme_formateur`) VALUES ("507","CAT1","2007-01-26","CONGO","centre de formation militaire");
UPDATE `Militaires` SET `date_naissance`="1963-04-13",`date_recrutement`="1988-07-03" WHERE `matricule`="508";
INSERT INTO `Actifs` (`matricule`) VALUES ("508");
INSERT INTO `AppartientRegiment` (`matricule`,`id`,`date_appartenance`) VALUES ("508","Forces Armées","1988-07-03");
INSERT INTO `Affectation` (`matricule`,`id`,`date_affectation`) VALUES ("508","1","1988-07-03");
INSERT INTO `DetientGrades` (`matricule`,`id`,`date_promotion`) VALUES ("508","13","1996-12-13");
INSERT INTO `PossedeDiplomes` (`matricule`,`id`,`date_obtention`,`pays_obtention`,`organisme_formateur`) VALUES ("508","CAT1","1993-10-13","CONGO","centre de formation militaire");
UPDATE `Militaires` SET `date_naissance`="1952-09-26",`date_recrutement`="1971-04-25" WHERE `matricule`="509";
INSERT INTO `Actifs` (`matricule`) VALUES ("509");
INSERT INTO `AppartientRegiment` (`matricule`,`id`,`date_appartenance`) VALUES ("509","Forces Armées","1971-04-25");
INSERT INTO `Affectation` (`matricule`,`id`,`date_affectation`) VALUES ("509","10","1971-04-25");
INSERT INTO `DetientGrades` (`matricule`,`id`,`date_promotion`) VALUES ("509","8","2011-06-19");
INSERT INTO `PossedeDiplomes` (`matricule`,`id`,`date_obtention`,`pays_obtention`,`organisme_formateur`) VALUES ("509","DQSG2","1981-03-14","CONGO","centre de formation militaire");
UPDATE `Militaires` SET `date_naissance`="1960-06-14",`date_recrutement`="1981-09-24" WHERE `matricule`="510";
INSERT INTO `Actifs` (`matricule`) VALUES ("510");
INSERT INTO `AppartientRegiment` (`matricule`,`id`,`date_appartenance`) VALUES ("510","Forces Armées","1981-09-24");
INSERT INTO `Affectation` (`matricule`,`id`,`date_affectation`) VALUES ("510","9","1981-09-24");
INSERT INTO `DetientGrades` (`matricule`,`id`,`date_promotion`) VALUES ("510","13","2000-06-11");
INSERT INTO `PossedeDiplomes` (`matricule`,`id`,`date_obtention`,`pays_obtention`,`organisme_formateur`) VALUES ("510","CAT1","1997-05-10","CONGO","centre de formation militaire");
UPDATE `Militaires` SET `date_naissance`="1978-01-03",`date_recrutement`="1998-03-09" WHERE `matricule`="511";
INSERT INTO `Actifs` (`matricule`) VALUES ("511");
INSERT INTO `AppartientRegiment` (`matricule`,`id`,`date_appartenance`) VALUES ("511","Forces Armées","1998-03-09");
INSERT INTO `Affectation` (`matricule`,`id`,`date_affectation`) VALUES ("511","8","1998-03-09");
INSERT INTO `DetientGrades` (`matricule`,`id`,`date_promotion`) VALUES ("511","13","2000-12-09");
INSERT INTO `PossedeDiplomes` (`matricule`,`id`,`date_obtention`,`pays_obtention`,`organisme_formateur`) VALUES ("511","CAT1","1999-10-21","CONGO","centre de formation militaire");
UPDATE `Militaires` SET `date_naissance`="1968-04-21",`date_recrutement`="1987-04-04" WHERE `matricule`="512";
INSERT INTO `Actifs` (`matricule`) VALUES ("512");
INSERT INTO `AppartientRegiment` (`matricule`,`id`,`date_appartenance`) VALUES ("512","Forces Armées","1987-04-04");
INSERT INTO `Affectation` (`matricule`,`id`,`date_affectation`) VALUES ("512","9","1987-04-04");
INSERT INTO `DetientGrades` (`matricule`,`id`,`date_promotion`) VALUES ("512","14","1987-04-04");
UPDATE `Militaires` SET `date_naissance`="1952-02-16",`date_recrutement`="1976-12-04" WHERE `matricule`="513";
INSERT INTO `Actifs` (`matricule`) VALUES ("513");
INSERT INTO `AppartientRegiment` (`matricule`,`id`,`date_appartenance`) VALUES ("513","Forces Armées","1976-12-04");
INSERT INTO `Affectation` (`matricule`,`id`,`date_affectation`) VALUES ("513","3","1976-12-04");
INSERT INTO `DetientGrades` (`matricule`,`id`,`date_promotion`) VALUES ("513","14","1976-12-04");
UPDATE `Militaires` SET `date_naissance`="1979-04-17",`date_recrutement`="2004-09-01" WHERE `matricule`="514";
INSERT INTO `Actifs` (`matricule`) VALUES ("514");
INSERT INTO `AppartientRegiment` (`matricule`,`id`,`date_appartenance`) VALUES ("514","Forces Armées","2004-09-01");
INSERT INTO `Affectation` (`matricule`,`id`,`date_affectation`) VALUES ("514","5","2004-09-01");
INSERT INTO `DetientGrades` (`matricule`,`id`,`date_promotion`) VALUES ("514","9","2005-03-13");
INSERT INTO `PossedeDiplomes` (`matricule`,`id`,`date_obtention`,`pays_obtention`,`organisme_formateur`) VALUES ("514","BT1","2004-02-08","CONGO","centre de formation militaire");
UPDATE `Militaires` SET `date_naissance`="1951-01-22",`date_recrutement`="1974-04-21" WHERE `matricule`="515";
INSERT INTO `Actifs` (`matricule`) VALUES ("515");
INSERT INTO `AppartientRegiment` (`matricule`,`id`,`date_appartenance`) VALUES ("515","Forces Armées","1974-04-21");
INSERT INTO `Affectation` (`matricule`,`id`,`date_affectation`) VALUES ("515","9","1974-04-21");
INSERT INTO `DetientGrades` (`matricule`,`id`,`date_promotion`) VALUES ("515","10","2010-04-07");
INSERT INTO `PossedeDiplomes` (`matricule`,`id`,`date_obtention`,`pays_obtention`,`organisme_formateur`) VALUES ("515","BE2","1989-04-11","CONGO","centre de formation militaire");
UPDATE `Militaires` SET `date_naissance`="1970-05-10",`date_recrutement`="1994-01-23" WHERE `matricule`="516";
INSERT INTO `Actifs` (`matricule`) VALUES ("516");
INSERT INTO `AppartientRegiment` (`matricule`,`id`,`date_appartenance`) VALUES ("516","Forces Armées","1994-01-23");
INSERT INTO `Affectation` (`matricule`,`id`,`date_affectation`) VALUES ("516","8","1994-01-23");
INSERT INTO `DetientGrades` (`matricule`,`id`,`date_promotion`) VALUES ("516","14","1994-01-23");
UPDATE `Militaires` SET `date_naissance`="1980-04-09",`date_recrutement`="2000-02-11" WHERE `matricule`="517";
INSERT INTO `Actifs` (`matricule`) VALUES ("517");
INSERT INTO `AppartientRegiment` (`matricule`,`id`,`date_appartenance`) VALUES ("517","Forces Armées","2000-02-11");
INSERT INTO `Affectation` (`matricule`,`id`,`date_affectation`) VALUES ("517","10","2000-02-11");
INSERT INTO `DetientGrades` (`matricule`,`id`,`date_promotion`) VALUES ("517","9","2009-09-01");
INSERT INTO `PossedeDiplomes` (`matricule`,`id`,`date_obtention`,`pays_obtention`,`organisme_formateur`) VALUES ("517","BT1","2001-07-12","CONGO","centre de formation militaire");
UPDATE `Militaires` SET `date_naissance`="1956-08-16",`date_recrutement`="1981-09-06" WHERE `matricule`="518";
INSERT INTO `Actifs` (`matricule`) VALUES ("518");
INSERT INTO `AppartientRegiment` (`matricule`,`id`,`date_appartenance`) VALUES ("518","Forces Armées","1981-09-06");
INSERT INTO `Affectation` (`matricule`,`id`,`date_affectation`) VALUES ("518","5","1981-09-06");
INSERT INTO `DetientGrades` (`matricule`,`id`,`date_promotion`) VALUES ("518","13","2003-04-05");
INSERT INTO `PossedeDiplomes` (`matricule`,`id`,`date_obtention`,`pays_obtention`,`organisme_formateur`) VALUES ("518","CAT1","2003-03-04","CONGO","centre de formation militaire");
UPDATE `Militaires` SET `date_naissance`="1969-10-14",`date_recrutement`="1993-08-21" WHERE `matricule`="519";
INSERT INTO `Actifs` (`matricule`) VALUES ("519");
INSERT INTO `AppartientRegiment` (`matricule`,`id`,`date_appartenance`) VALUES ("519","Forces Armées","1993-08-21");
INSERT INTO `Affectation` (`matricule`,`id`,`date_affectation`) VALUES ("519","7","1993-08-21");
INSERT INTO `DetientGrades` (`matricule`,`id`,`date_promotion`) VALUES ("519","14","1993-08-21");
UPDATE `Militaires` SET `date_naissance`="1987-10-09",`date_recrutement`="2006-07-20" WHERE `matricule`="520";
INSERT INTO `Actifs` (`matricule`) VALUES ("520");
INSERT INTO `AppartientRegiment` (`matricule`,`id`,`date_appartenance`) VALUES ("520","Forces Armées","2006-07-20");
INSERT INTO `Affectation` (`matricule`,`id`,`date_affectation`) VALUES ("520","2","2006-07-20");
INSERT INTO `DetientGrades` (`matricule`,`id`,`date_promotion`) VALUES ("520","14","2006-07-20");
UPDATE `Militaires` SET `date_naissance`="1982-04-05",`date_recrutement`="2002-07-09" WHERE `matricule`="521";
INSERT INTO `Actifs` (`matricule`) VALUES ("521");
INSERT INTO `AppartientRegiment` (`matricule`,`id`,`date_appartenance`) VALUES ("521","Forces Armées","2002-07-09");
INSERT INTO `Affectation` (`matricule`,`id`,`date_affectation`) VALUES ("521","4","2002-07-09");
INSERT INTO `DetientGrades` (`matricule`,`id`,`date_promotion`) VALUES ("521","10","2013-08-26");
INSERT INTO `PossedeDiplomes` (`matricule`,`id`,`date_obtention`,`pays_obtention`,`organisme_formateur`) VALUES ("521","BE2","2010-05-01","CONGO","centre de formation militaire");
UPDATE `Militaires` SET `date_naissance`="1990-07-19",`date_recrutement`="2015-10-26" WHERE `matricule`="522";
INSERT INTO `Actifs` (`matricule`) VALUES ("522");
INSERT INTO `AppartientRegiment` (`matricule`,`id`,`date_appartenance`) VALUES ("522","Forces Armées","2015-10-26");
INSERT INTO `Affectation` (`matricule`,`id`,`date_affectation`) VALUES ("522","6","2015-10-26");
INSERT INTO `DetientGrades` (`matricule`,`id`,`date_promotion`) VALUES ("522","14","2015-10-26");
UPDATE `Militaires` SET `date_naissance`="1965-06-05",`date_recrutement`="1987-12-18" WHERE `matricule`="523";
INSERT INTO `Actifs` (`matricule`) VALUES ("523");
INSERT INTO `AppartientRegiment` (`matricule`,`id`,`date_appartenance`) VALUES ("523","Forces Armées","1987-12-18");
INSERT INTO `Affectation` (`matricule`,`id`,`date_affectation`) VALUES ("523","10","1987-12-18");
INSERT INTO `DetientGrades` (`matricule`,`id`,`date_promotion`) VALUES ("523","9","2001-01-07");
INSERT INTO `PossedeDiplomes` (`matricule`,`id`,`date_obtention`,`pays_obtention`,`organisme_formateur`) VALUES ("523","BT1","1993-01-26","CONGO","centre de formation militaire");
UPDATE `Militaires` SET `date_naissance`="1959-02-08",`date_recrutement`="1984-10-27" WHERE `matricule`="524";
INSERT INTO `Actifs` (`matricule`) VALUES ("524");
INSERT INTO `AppartientRegiment` (`matricule`,`id`,`date_appartenance`) VALUES ("524","Forces Armées","1984-10-27");
INSERT INTO `Affectation` (`matricule`,`id`,`date_affectation`) VALUES ("524","3","1984-10-27");
INSERT INTO `DetientGrades` (`matricule`,`id`,`date_promotion`) VALUES ("524","14","1984-10-27");
UPDATE `Militaires` SET `date_naissance`="1977-12-20",`date_recrutement`="2001-01-26" WHERE `matricule`="525";
INSERT INTO `Actifs` (`matricule`) VALUES ("525");
INSERT INTO `AppartientRegiment` (`matricule`,`id`,`date_appartenance`) VALUES ("525","Forces Armées","2001-01-26");
INSERT INTO `Affectation` (`matricule`,`id`,`date_affectation`) VALUES ("525","3","2001-01-26");
INSERT INTO `DetientGrades` (`matricule`,`id`,`date_promotion`) VALUES ("525","14","2001-01-26");
UPDATE `Militaires` SET `date_naissance`="1990-12-19",`date_recrutement`="2015-11-08" WHERE `matricule`="526";
INSERT INTO `Actifs` (`matricule`) VALUES ("526");
INSERT INTO `AppartientRegiment` (`matricule`,`id`,`date_appartenance`) VALUES ("526","Forces Armées","2015-11-08");
INSERT INTO `Affectation` (`matricule`,`id`,`date_affectation`) VALUES ("526","10","2015-11-08");
INSERT INTO `DetientGrades` (`matricule`,`id`,`date_promotion`) VALUES ("526","13","2015-12-26");
INSERT INTO `PossedeDiplomes` (`matricule`,`id`,`date_obtention`,`pays_obtention`,`organisme_formateur`) VALUES ("526","CAT1","2015-01-12","CONGO","centre de formation militaire");
UPDATE `Militaires` SET `date_naissance`="1986-07-23",`date_recrutement`="2011-08-21" WHERE `matricule`="527";
INSERT INTO `Actifs` (`matricule`) VALUES ("527");
INSERT INTO `AppartientRegiment` (`matricule`,`id`,`date_appartenance`) VALUES ("527","Forces Armées","2011-08-21");
INSERT INTO `Affectation` (`matricule`,`id`,`date_affectation`) VALUES ("527","3","2011-08-21");
INSERT INTO `DetientGrades` (`matricule`,`id`,`date_promotion`) VALUES ("527","14","2011-08-21");
UPDATE `Militaires` SET `date_naissance`="1968-04-10",`date_recrutement`="1990-04-27" WHERE `matricule`="528";
INSERT INTO `Actifs` (`matricule`) VALUES ("528");
INSERT INTO `AppartientRegiment` (`matricule`,`id`,`date_appartenance`) VALUES ("528","Forces Armées","1990-04-27");
INSERT INTO `Affectation` (`matricule`,`id`,`date_affectation`) VALUES ("528","8","1990-04-27");
INSERT INTO `DetientGrades` (`matricule`,`id`,`date_promotion`) VALUES ("528","13","2007-01-22");
INSERT INTO `PossedeDiplomes` (`matricule`,`id`,`date_obtention`,`pays_obtention`,`organisme_formateur`) VALUES ("528","CAT1","1995-01-02","CONGO","centre de formation militaire");
UPDATE `Militaires` SET `date_naissance`="1987-01-03",`date_recrutement`="2011-11-14" WHERE `matricule`="529";
INSERT INTO `Actifs` (`matricule`) VALUES ("529");
INSERT INTO `AppartientRegiment` (`matricule`,`id`,`date_appartenance`) VALUES ("529","Forces Armées","2011-11-14");
INSERT INTO `Affectation` (`matricule`,`id`,`date_affectation`) VALUES ("529","6","2011-11-14");
INSERT INTO `DetientGrades` (`matricule`,`id`,`date_promotion`) VALUES ("529","4","2015-12-18");
INSERT INTO `PossedeDiplomes` (`matricule`,`id`,`date_obtention`,`pays_obtention`,`organisme_formateur`) VALUES ("529","CPOS","2013-07-14","CONGO","centre de formation militaire");
UPDATE `Militaires` SET `date_naissance`="1986-06-15",`date_recrutement`="2011-10-12" WHERE `matricule`="530";
INSERT INTO `Actifs` (`matricule`) VALUES ("530");
INSERT INTO `AppartientRegiment` (`matricule`,`id`,`date_appartenance`) VALUES ("530","Forces Armées","2011-10-12");
INSERT INTO `Affectation` (`matricule`,`id`,`date_affectation`) VALUES ("530","6","2011-10-12");
INSERT INTO `DetientGrades` (`matricule`,`id`,`date_promotion`) VALUES ("530","14","2011-10-12");
UPDATE `Militaires` SET `date_naissance`="1955-12-21",`date_recrutement`="1977-08-15" WHERE `matricule`="531";
INSERT INTO `Actifs` (`matricule`) VALUES ("531");
INSERT INTO `AppartientRegiment` (`matricule`,`id`,`date_appartenance`) VALUES ("531","Forces Armées","1977-08-15");
INSERT INTO `Affectation` (`matricule`,`id`,`date_affectation`) VALUES ("531","3","1977-08-15");
INSERT INTO `DetientGrades` (`matricule`,`id`,`date_promotion`) VALUES ("531","11","2007-09-13");
INSERT INTO `PossedeDiplomes` (`matricule`,`id`,`date_obtention`,`pays_obtention`,`organisme_formateur`) VALUES ("531","BS","2001-08-26","CONGO","centre de formation militaire");
UPDATE `Militaires` SET `date_naissance`="1984-04-01",`date_recrutement`="2007-11-16" WHERE `matricule`="532";
INSERT INTO `Actifs` (`matricule`) VALUES ("532");
INSERT INTO `AppartientRegiment` (`matricule`,`id`,`date_appartenance`) VALUES ("532","Forces Armées","2007-11-16");
INSERT INTO `Affectation` (`matricule`,`id`,`date_affectation`) VALUES ("532","4","2007-11-16");
INSERT INTO `DetientGrades` (`matricule`,`id`,`date_promotion`) VALUES ("532","13","2012-03-25");
INSERT INTO `PossedeDiplomes` (`matricule`,`id`,`date_obtention`,`pays_obtention`,`organisme_formateur`) VALUES ("532","CAT1","2011-02-09","CONGO","centre de formation militaire");
UPDATE `Militaires` SET `date_naissance`="1960-10-19",`date_recrutement`="1979-06-04" WHERE `matricule`="533";
INSERT INTO `Actifs` (`matricule`) VALUES ("533");
INSERT INTO `AppartientRegiment` (`matricule`,`id`,`date_appartenance`) VALUES ("533","Forces Armées","1979-06-04");
INSERT INTO `Affectation` (`matricule`,`id`,`date_affectation`) VALUES ("533","3","1979-06-04");
INSERT INTO `DetientGrades` (`matricule`,`id`,`date_promotion`) VALUES ("533","8","1995-08-22");
INSERT INTO `PossedeDiplomes` (`matricule`,`id`,`date_obtention`,`pays_obtention`,`organisme_formateur`) VALUES ("533","DQSG2","1981-07-11","CONGO","centre de formation militaire");
UPDATE `Militaires` SET `date_naissance`="1971-10-21",`date_recrutement`="1996-06-14" WHERE `matricule`="534";
INSERT INTO `Actifs` (`matricule`) VALUES ("534");
INSERT INTO `AppartientRegiment` (`matricule`,`id`,`date_appartenance`) VALUES ("534","Forces Armées","1996-06-14");
INSERT INTO `Affectation` (`matricule`,`id`,`date_affectation`) VALUES ("534","1","1996-06-14");
INSERT INTO `DetientGrades` (`matricule`,`id`,`date_promotion`) VALUES ("534","3","2011-08-17");
INSERT INTO `PossedeDiplomes` (`matricule`,`id`,`date_obtention`,`pays_obtention`,`organisme_formateur`) VALUES ("534","DEMS","2001-04-16","CONGO","centre de formation militaire");
UPDATE `Militaires` SET `date_naissance`="1964-09-06",`date_recrutement`="1985-04-10" WHERE `matricule`="535";
INSERT INTO `Actifs` (`matricule`) VALUES ("535");
INSERT INTO `AppartientRegiment` (`matricule`,`id`,`date_appartenance`) VALUES ("535","Forces Armées","1985-04-10");
INSERT INTO `Affectation` (`matricule`,`id`,`date_affectation`) VALUES ("535","9","1985-04-10");
INSERT INTO `DetientGrades` (`matricule`,`id`,`date_promotion`) VALUES ("535","14","1985-04-10");
UPDATE `Militaires` SET `date_naissance`="1968-10-03",`date_recrutement`="1990-09-23" WHERE `matricule`="536";
INSERT INTO `Actifs` (`matricule`) VALUES ("536");
INSERT INTO `AppartientRegiment` (`matricule`,`id`,`date_appartenance`) VALUES ("536","Forces Armées","1990-09-23");
INSERT INTO `Affectation` (`matricule`,`id`,`date_affectation`) VALUES ("536","4","1990-09-23");
INSERT INTO `DetientGrades` (`matricule`,`id`,`date_promotion`) VALUES ("536","4","2015-08-08");
INSERT INTO `PossedeDiplomes` (`matricule`,`id`,`date_obtention`,`pays_obtention`,`organisme_formateur`) VALUES ("536","CPOS","1994-03-10","CONGO","centre de formation militaire");
UPDATE `Militaires` SET `date_naissance`="1979-09-07",`date_recrutement`="1999-08-15" WHERE `matricule`="537";
INSERT INTO `Actifs` (`matricule`) VALUES ("537");
INSERT INTO `AppartientRegiment` (`matricule`,`id`,`date_appartenance`) VALUES ("537","Forces Armées","1999-08-15");
INSERT INTO `Affectation` (`matricule`,`id`,`date_affectation`) VALUES ("537","1","1999-08-15");
INSERT INTO `DetientGrades` (`matricule`,`id`,`date_promotion`) VALUES ("537","14","1999-08-15");
UPDATE `Militaires` SET `date_naissance`="1953-09-24",`date_recrutement`="1977-09-22" WHERE `matricule`="538";
INSERT INTO `Actifs` (`matricule`) VALUES ("538");
INSERT INTO `AppartientRegiment` (`matricule`,`id`,`date_appartenance`) VALUES ("538","Forces Armées","1977-09-22");
INSERT INTO `Affectation` (`matricule`,`id`,`date_affectation`) VALUES ("538","7","1977-09-22");
INSERT INTO `DetientGrades` (`matricule`,`id`,`date_promotion`) VALUES ("538","13","1996-06-02");
INSERT INTO `PossedeDiplomes` (`matricule`,`id`,`date_obtention`,`pays_obtention`,`organisme_formateur`) VALUES ("538","CAT1","1982-04-27","CONGO","centre de formation militaire");
UPDATE `Militaires` SET `date_naissance`="1986-01-22",`date_recrutement`="2007-11-26" WHERE `matricule`="539";
INSERT INTO `Actifs` (`matricule`) VALUES ("539");
INSERT INTO `AppartientRegiment` (`matricule`,`id`,`date_appartenance`) VALUES ("539","Forces Armées","2007-11-26");
INSERT INTO `Affectation` (`matricule`,`id`,`date_affectation`) VALUES ("539","2","2007-11-26");
INSERT INTO `DetientGrades` (`matricule`,`id`,`date_promotion`) VALUES ("539","13","2012-05-16");
INSERT INTO `PossedeDiplomes` (`matricule`,`id`,`date_obtention`,`pays_obtention`,`organisme_formateur`) VALUES ("539","CAT1","2009-02-15","CONGO","centre de formation militaire");
UPDATE `Militaires` SET `date_naissance`="1975-10-07",`date_recrutement`="1999-11-26" WHERE `matricule`="540";
INSERT INTO `Actifs` (`matricule`) VALUES ("540");
INSERT INTO `AppartientRegiment` (`matricule`,`id`,`date_appartenance`) VALUES ("540","Forces Armées","1999-11-26");
INSERT INTO `Affectation` (`matricule`,`id`,`date_affectation`) VALUES ("540","7","1999-11-26");
INSERT INTO `DetientGrades` (`matricule`,`id`,`date_promotion`) VALUES ("540","8","2011-10-11");
INSERT INTO `PossedeDiplomes` (`matricule`,`id`,`date_obtention`,`pays_obtention`,`organisme_formateur`) VALUES ("540","DQSG2","2003-08-13","CONGO","centre de formation militaire");
UPDATE `Militaires` SET `date_naissance`="1977-04-21",`date_recrutement`="1999-09-02" WHERE `matricule`="541";
INSERT INTO `Actifs` (`matricule`) VALUES ("541");
INSERT INTO `AppartientRegiment` (`matricule`,`id`,`date_appartenance`) VALUES ("541","Forces Armées","1999-09-02");
INSERT INTO `Affectation` (`matricule`,`id`,`date_affectation`) VALUES ("541","3","1999-09-02");
INSERT INTO `DetientGrades` (`matricule`,`id`,`date_promotion`) VALUES ("541","14","1999-09-02");
UPDATE `Militaires` SET `date_naissance`="1950-01-23",`date_recrutement`="1974-10-19" WHERE `matricule`="542";
INSERT INTO `Actifs` (`matricule`) VALUES ("542");
INSERT INTO `AppartientRegiment` (`matricule`,`id`,`date_appartenance`) VALUES ("542","Forces Armées","1974-10-19");
INSERT INTO `Affectation` (`matricule`,`id`,`date_affectation`) VALUES ("542","2","1974-10-19");
INSERT INTO `DetientGrades` (`matricule`,`id`,`date_promotion`) VALUES ("542","14","1974-10-19");
UPDATE `Militaires` SET `date_naissance`="1981-06-05",`date_recrutement`="2006-07-20" WHERE `matricule`="543";
INSERT INTO `Actifs` (`matricule`) VALUES ("543");
INSERT INTO `AppartientRegiment` (`matricule`,`id`,`date_appartenance`) VALUES ("543","Forces Armées","2006-07-20");
INSERT INTO `Affectation` (`matricule`,`id`,`date_affectation`) VALUES ("543","1","2006-07-20");
INSERT INTO `DetientGrades` (`matricule`,`id`,`date_promotion`) VALUES ("543","13","2008-04-12");
INSERT INTO `PossedeDiplomes` (`matricule`,`id`,`date_obtention`,`pays_obtention`,`organisme_formateur`) VALUES ("543","CAT1","2008-01-25","CONGO","centre de formation militaire");
UPDATE `Militaires` SET `date_naissance`="1975-08-04",`date_recrutement`="1994-01-08" WHERE `matricule`="544";
INSERT INTO `Actifs` (`matricule`) VALUES ("544");
INSERT INTO `AppartientRegiment` (`matricule`,`id`,`date_appartenance`) VALUES ("544","Forces Armées","1994-01-08");
INSERT INTO `Affectation` (`matricule`,`id`,`date_affectation`) VALUES ("544","10","1994-01-08");
INSERT INTO `DetientGrades` (`matricule`,`id`,`date_promotion`) VALUES ("544","14","1994-01-08");
UPDATE `Militaires` SET `date_naissance`="1979-06-10",`date_recrutement`="2002-08-05" WHERE `matricule`="545";
INSERT INTO `Actifs` (`matricule`) VALUES ("545");
INSERT INTO `AppartientRegiment` (`matricule`,`id`,`date_appartenance`) VALUES ("545","Forces Armées","2002-08-05");
INSERT INTO `Affectation` (`matricule`,`id`,`date_affectation`) VALUES ("545","6","2002-08-05");
INSERT INTO `DetientGrades` (`matricule`,`id`,`date_promotion`) VALUES ("545","2","2013-10-22");
INSERT INTO `PossedeDiplomes` (`matricule`,`id`,`date_obtention`,`pays_obtention`,`organisme_formateur`) VALUES ("545","DEMS","2005-01-09","CONGO","centre de formation militaire");
UPDATE `Militaires` SET `date_naissance`="1983-08-10",`date_recrutement`="2007-12-19" WHERE `matricule`="546";
INSERT INTO `Actifs` (`matricule`) VALUES ("546");
INSERT INTO `AppartientRegiment` (`matricule`,`id`,`date_appartenance`) VALUES ("546","Forces Armées","2007-12-19");
INSERT INTO `Affectation` (`matricule`,`id`,`date_affectation`) VALUES ("546","5","2007-12-19");
INSERT INTO `DetientGrades` (`matricule`,`id`,`date_promotion`) VALUES ("546","10","2012-12-14");
INSERT INTO `PossedeDiplomes` (`matricule`,`id`,`date_obtention`,`pays_obtention`,`organisme_formateur`) VALUES ("546","BE2","2012-04-21","CONGO","centre de formation militaire");
UPDATE `Militaires` SET `date_naissance`="1970-03-24",`date_recrutement`="1994-06-27" WHERE `matricule`="547";
INSERT INTO `Actifs` (`matricule`) VALUES ("547");
INSERT INTO `AppartientRegiment` (`matricule`,`id`,`date_appartenance`) VALUES ("547","Forces Armées","1994-06-27");
INSERT INTO `Affectation` (`matricule`,`id`,`date_affectation`) VALUES ("547","10","1994-06-27");
INSERT INTO `DetientGrades` (`matricule`,`id`,`date_promotion`) VALUES ("547","14","1994-06-27");
UPDATE `Militaires` SET `date_naissance`="1970-08-01",`date_recrutement`="1989-07-07" WHERE `matricule`="548";
INSERT INTO `Actifs` (`matricule`) VALUES ("548");
INSERT INTO `AppartientRegiment` (`matricule`,`id`,`date_appartenance`) VALUES ("548","Forces Armées","1989-07-07");
INSERT INTO `Affectation` (`matricule`,`id`,`date_affectation`) VALUES ("548","7","1989-07-07");
INSERT INTO `DetientGrades` (`matricule`,`id`,`date_promotion`) VALUES ("548","14","1989-07-07");
UPDATE `Militaires` SET `date_naissance`="1969-11-07",`date_recrutement`="1994-03-24" WHERE `matricule`="549";
INSERT INTO `Actifs` (`matricule`) VALUES ("549");
INSERT INTO `AppartientRegiment` (`matricule`,`id`,`date_appartenance`) VALUES ("549","Forces Armées","1994-03-24");
INSERT INTO `Affectation` (`matricule`,`id`,`date_affectation`) VALUES ("549","8","1994-03-24");
INSERT INTO `DetientGrades` (`matricule`,`id`,`date_promotion`) VALUES ("549","4","2005-06-06");
INSERT INTO `PossedeDiplomes` (`matricule`,`id`,`date_obtention`,`pays_obtention`,`organisme_formateur`) VALUES ("549","CPOS","1998-05-20","CONGO","centre de formation militaire");
UPDATE `Militaires` SET `date_naissance`="1978-12-22",`date_recrutement`="2000-05-04" WHERE `matricule`="550";
INSERT INTO `Actifs` (`matricule`) VALUES ("550");
INSERT INTO `AppartientRegiment` (`matricule`,`id`,`date_appartenance`) VALUES ("550","Forces Armées","2000-05-04");
INSERT INTO `Affectation` (`matricule`,`id`,`date_affectation`) VALUES ("550","7","2000-05-04");
INSERT INTO `DetientGrades` (`matricule`,`id`,`date_promotion`) VALUES ("550","14","2000-05-04");
UPDATE `Militaires` SET `date_naissance`="1958-04-16",`date_recrutement`="1983-07-27" WHERE `matricule`="551";
INSERT INTO `Actifs` (`matricule`) VALUES ("551");
INSERT INTO `AppartientRegiment` (`matricule`,`id`,`date_appartenance`) VALUES ("551","Forces Armées","1983-07-27");
INSERT INTO `Affectation` (`matricule`,`id`,`date_affectation`) VALUES ("551","6","1983-07-27");
INSERT INTO `DetientGrades` (`matricule`,`id`,`date_promotion`) VALUES ("551","9","2014-04-06");
INSERT INTO `PossedeDiplomes` (`matricule`,`id`,`date_obtention`,`pays_obtention`,`organisme_formateur`) VALUES ("551","BT1","1988-02-13","CONGO","centre de formation militaire");
UPDATE `Militaires` SET `date_naissance`="1961-09-09",`date_recrutement`="1980-08-04" WHERE `matricule`="552";
INSERT INTO `Actifs` (`matricule`) VALUES ("552");
INSERT INTO `AppartientRegiment` (`matricule`,`id`,`date_appartenance`) VALUES ("552","Forces Armées","1980-08-04");
INSERT INTO `Affectation` (`matricule`,`id`,`date_affectation`) VALUES ("552","4","1980-08-04");
INSERT INTO `DetientGrades` (`matricule`,`id`,`date_promotion`) VALUES ("552","7","1995-12-07");
INSERT INTO `PossedeDiplomes` (`matricule`,`id`,`date_obtention`,`pays_obtention`,`organisme_formateur`) VALUES ("552","DQSG2","1988-07-02","CONGO","centre de formation militaire");
UPDATE `Militaires` SET `date_naissance`="1974-10-22",`date_recrutement`="1997-11-22" WHERE `matricule`="553";
INSERT INTO `Actifs` (`matricule`) VALUES ("553");
INSERT INTO `AppartientRegiment` (`matricule`,`id`,`date_appartenance`) VALUES ("553","Forces Armées","1997-11-22");
INSERT INTO `Affectation` (`matricule`,`id`,`date_affectation`) VALUES ("553","1","1997-11-22");
INSERT INTO `DetientGrades` (`matricule`,`id`,`date_promotion`) VALUES ("553","4","2013-11-18");
INSERT INTO `PossedeDiplomes` (`matricule`,`id`,`date_obtention`,`pays_obtention`,`organisme_formateur`) VALUES ("553","CPOS","1999-08-22","CONGO","centre de formation militaire");
UPDATE `Militaires` SET `date_naissance`="1964-08-15",`date_recrutement`="1987-08-03" WHERE `matricule`="554";
INSERT INTO `Actifs` (`matricule`) VALUES ("554");
INSERT INTO `AppartientRegiment` (`matricule`,`id`,`date_appartenance`) VALUES ("554","Forces Armées","1987-08-03");
INSERT INTO `Affectation` (`matricule`,`id`,`date_affectation`) VALUES ("554","5","1987-08-03");
INSERT INTO `DetientGrades` (`matricule`,`id`,`date_promotion`) VALUES ("554","8","1988-06-11");
INSERT INTO `PossedeDiplomes` (`matricule`,`id`,`date_obtention`,`pays_obtention`,`organisme_formateur`) VALUES ("554","DQSG2","1987-03-12","CONGO","centre de formation militaire");
UPDATE `Militaires` SET `date_naissance`="1955-06-13",`date_recrutement`="1977-12-10" WHERE `matricule`="555";
INSERT INTO `Actifs` (`matricule`) VALUES ("555");
INSERT INTO `AppartientRegiment` (`matricule`,`id`,`date_appartenance`) VALUES ("555","Forces Armées","1977-12-10");
INSERT INTO `Affectation` (`matricule`,`id`,`date_affectation`) VALUES ("555","4","1977-12-10");
INSERT INTO `DetientGrades` (`matricule`,`id`,`date_promotion`) VALUES ("555","12","1983-01-12");
INSERT INTO `PossedeDiplomes` (`matricule`,`id`,`date_obtention`,`pays_obtention`,`organisme_formateur`) VALUES ("555","CAT1","1983-01-04","CONGO","centre de formation militaire");
UPDATE `Militaires` SET `date_naissance`="1979-03-21",`date_recrutement`="2003-09-25" WHERE `matricule`="556";
INSERT INTO `Actifs` (`matricule`) VALUES ("556");
INSERT INTO `AppartientRegiment` (`matricule`,`id`,`date_appartenance`) VALUES ("556","Forces Armées","2003-09-25");
INSERT INTO `Affectation` (`matricule`,`id`,`date_affectation`) VALUES ("556","5","2003-09-25");
INSERT INTO `DetientGrades` (`matricule`,`id`,`date_promotion`) VALUES ("556","14","2003-09-25");
UPDATE `Militaires` SET `date_naissance`="1988-05-26",`date_recrutement`="2008-02-14" WHERE `matricule`="557";
INSERT INTO `Actifs` (`matricule`) VALUES ("557");
INSERT INTO `AppartientRegiment` (`matricule`,`id`,`date_appartenance`) VALUES ("557","Forces Armées","2008-02-14");
INSERT INTO `Affectation` (`matricule`,`id`,`date_affectation`) VALUES ("557","3","2008-02-14");
INSERT INTO `DetientGrades` (`matricule`,`id`,`date_promotion`) VALUES ("557","9","2015-10-18");
INSERT INTO `PossedeDiplomes` (`matricule`,`id`,`date_obtention`,`pays_obtention`,`organisme_formateur`) VALUES ("557","BT1","2013-03-03","CONGO","centre de formation militaire");
UPDATE `Militaires` SET `date_naissance`="1964-04-09",`date_recrutement`="1988-12-17" WHERE `matricule`="558";
INSERT INTO `Actifs` (`matricule`) VALUES ("558");
INSERT INTO `AppartientRegiment` (`matricule`,`id`,`date_appartenance`) VALUES ("558","Forces Armées","1988-12-17");
INSERT INTO `Affectation` (`matricule`,`id`,`date_affectation`) VALUES ("558","9","1988-12-17");
INSERT INTO `DetientGrades` (`matricule`,`id`,`date_promotion`) VALUES ("558","13","1996-11-05");
INSERT INTO `PossedeDiplomes` (`matricule`,`id`,`date_obtention`,`pays_obtention`,`organisme_formateur`) VALUES ("558","CAT1","1995-01-26","CONGO","centre de formation militaire");
UPDATE `Militaires` SET `date_naissance`="1955-05-11",`date_recrutement`="1976-01-19" WHERE `matricule`="559";
INSERT INTO `Actifs` (`matricule`) VALUES ("559");
INSERT INTO `AppartientRegiment` (`matricule`,`id`,`date_appartenance`) VALUES ("559","Forces Armées","1976-01-19");
INSERT INTO `Affectation` (`matricule`,`id`,`date_affectation`) VALUES ("559","5","1976-01-19");
INSERT INTO `DetientGrades` (`matricule`,`id`,`date_promotion`) VALUES ("559","2","2014-10-21");
INSERT INTO `PossedeDiplomes` (`matricule`,`id`,`date_obtention`,`pays_obtention`,`organisme_formateur`) VALUES ("559","DEMS","1985-07-27","CONGO","centre de formation militaire");
UPDATE `Militaires` SET `date_naissance`="1973-06-10",`date_recrutement`="1994-02-07" WHERE `matricule`="560";
INSERT INTO `Actifs` (`matricule`) VALUES ("560");
INSERT INTO `AppartientRegiment` (`matricule`,`id`,`date_appartenance`) VALUES ("560","Forces Armées","1994-02-07");
INSERT INTO `Affectation` (`matricule`,`id`,`date_affectation`) VALUES ("560","6","1994-02-07");
INSERT INTO `DetientGrades` (`matricule`,`id`,`date_promotion`) VALUES ("560","10","1995-12-02");
INSERT INTO `PossedeDiplomes` (`matricule`,`id`,`date_obtention`,`pays_obtention`,`organisme_formateur`) VALUES ("560","BE2","1995-01-07","CONGO","centre de formation militaire");
UPDATE `Militaires` SET `date_naissance`="1987-02-24",`date_recrutement`="2012-08-04" WHERE `matricule`="561";
INSERT INTO `Actifs` (`matricule`) VALUES ("561");
INSERT INTO `AppartientRegiment` (`matricule`,`id`,`date_appartenance`) VALUES ("561","Forces Armées","2012-08-04");
INSERT INTO `Affectation` (`matricule`,`id`,`date_affectation`) VALUES ("561","10","2012-08-04");
INSERT INTO `DetientGrades` (`matricule`,`id`,`date_promotion`) VALUES ("561","13","2012-06-18");
INSERT INTO `PossedeDiplomes` (`matricule`,`id`,`date_obtention`,`pays_obtention`,`organisme_formateur`) VALUES ("561","CAT1","2012-05-02","CONGO","centre de formation militaire");
UPDATE `Militaires` SET `date_naissance`="1976-05-19",`date_recrutement`="1998-08-26" WHERE `matricule`="562";
INSERT INTO `Actifs` (`matricule`) VALUES ("562");
INSERT INTO `AppartientRegiment` (`matricule`,`id`,`date_appartenance`) VALUES ("562","Forces Armées","1998-08-26");
INSERT INTO `Affectation` (`matricule`,`id`,`date_affectation`) VALUES ("562","5","1998-08-26");
INSERT INTO `DetientGrades` (`matricule`,`id`,`date_promotion`) VALUES ("562","14","1998-08-26");
UPDATE `Militaires` SET `date_naissance`="1960-07-10",`date_recrutement`="1982-11-27" WHERE `matricule`="563";
INSERT INTO `Actifs` (`matricule`) VALUES ("563");
INSERT INTO `AppartientRegiment` (`matricule`,`id`,`date_appartenance`) VALUES ("563","Forces Armées","1982-11-27");
INSERT INTO `Affectation` (`matricule`,`id`,`date_affectation`) VALUES ("563","9","1982-11-27");
INSERT INTO `DetientGrades` (`matricule`,`id`,`date_promotion`) VALUES ("563","14","1982-11-27");
UPDATE `Militaires` SET `date_naissance`="1972-08-24",`date_recrutement`="1995-03-01" WHERE `matricule`="564";
INSERT INTO `Actifs` (`matricule`) VALUES ("564");
INSERT INTO `AppartientRegiment` (`matricule`,`id`,`date_appartenance`) VALUES ("564","Forces Armées","1995-03-01");
INSERT INTO `Affectation` (`matricule`,`id`,`date_affectation`) VALUES ("564","6","1995-03-01");
INSERT INTO `DetientGrades` (`matricule`,`id`,`date_promotion`) VALUES ("564","7","2002-09-07");
INSERT INTO `PossedeDiplomes` (`matricule`,`id`,`date_obtention`,`pays_obtention`,`organisme_formateur`) VALUES ("564","DQSG2","1999-04-10","CONGO","centre de formation militaire");
UPDATE `Militaires` SET `date_naissance`="1974-07-04",`date_recrutement`="1995-06-03" WHERE `matricule`="565";
INSERT INTO `Actifs` (`matricule`) VALUES ("565");
INSERT INTO `AppartientRegiment` (`matricule`,`id`,`date_appartenance`) VALUES ("565","Forces Armées","1995-06-03");
INSERT INTO `Affectation` (`matricule`,`id`,`date_affectation`) VALUES ("565","7","1995-06-03");
INSERT INTO `DetientGrades` (`matricule`,`id`,`date_promotion`) VALUES ("565","10","2013-11-06");
INSERT INTO `PossedeDiplomes` (`matricule`,`id`,`date_obtention`,`pays_obtention`,`organisme_formateur`) VALUES ("565","BE2","2009-06-14","CONGO","centre de formation militaire");
UPDATE `Militaires` SET `date_naissance`="1977-04-25",`date_recrutement`="2002-01-24" WHERE `matricule`="566";
INSERT INTO `Actifs` (`matricule`) VALUES ("566");
INSERT INTO `AppartientRegiment` (`matricule`,`id`,`date_appartenance`) VALUES ("566","Forces Armées","2002-01-24");
INSERT INTO `Affectation` (`matricule`,`id`,`date_affectation`) VALUES ("566","8","2002-01-24");
INSERT INTO `DetientGrades` (`matricule`,`id`,`date_promotion`) VALUES ("566","13","2007-11-26");
INSERT INTO `PossedeDiplomes` (`matricule`,`id`,`date_obtention`,`pays_obtention`,`organisme_formateur`) VALUES ("566","CAT1","2005-01-02","CONGO","centre de formation militaire");
UPDATE `Militaires` SET `date_naissance`="1979-01-24",`date_recrutement`="2002-05-17" WHERE `matricule`="567";
INSERT INTO `Actifs` (`matricule`) VALUES ("567");
INSERT INTO `AppartientRegiment` (`matricule`,`id`,`date_appartenance`) VALUES ("567","Forces Armées","2002-05-17");
INSERT INTO `Affectation` (`matricule`,`id`,`date_affectation`) VALUES ("567","1","2002-05-17");
INSERT INTO `DetientGrades` (`matricule`,`id`,`date_promotion`) VALUES ("567","3","2008-05-20");
INSERT INTO `PossedeDiplomes` (`matricule`,`id`,`date_obtention`,`pays_obtention`,`organisme_formateur`) VALUES ("567","DEMS","2005-04-21","CONGO","centre de formation militaire");
UPDATE `Militaires` SET `date_naissance`="1987-06-01",`date_recrutement`="2008-04-07" WHERE `matricule`="568";
INSERT INTO `Actifs` (`matricule`) VALUES ("568");
INSERT INTO `AppartientRegiment` (`matricule`,`id`,`date_appartenance`) VALUES ("568","Forces Armées","2008-04-07");
INSERT INTO `Affectation` (`matricule`,`id`,`date_affectation`) VALUES ("568","3","2008-04-07");
INSERT INTO `DetientGrades` (`matricule`,`id`,`date_promotion`) VALUES ("568","13","2010-04-03");
INSERT INTO `PossedeDiplomes` (`matricule`,`id`,`date_obtention`,`pays_obtention`,`organisme_formateur`) VALUES ("568","CAT1","2008-03-17","CONGO","centre de formation militaire");
UPDATE `Militaires` SET `date_naissance`="1954-06-17",`date_recrutement`="1975-05-13" WHERE `matricule`="569";
INSERT INTO `Actifs` (`matricule`) VALUES ("569");
INSERT INTO `AppartientRegiment` (`matricule`,`id`,`date_appartenance`) VALUES ("569","Forces Armées","1975-05-13");
INSERT INTO `Affectation` (`matricule`,`id`,`date_affectation`) VALUES ("569","2","1975-05-13");
INSERT INTO `DetientGrades` (`matricule`,`id`,`date_promotion`) VALUES ("569","14","1975-05-13");
UPDATE `Militaires` SET `date_naissance`="1966-08-03",`date_recrutement`="1986-07-19" WHERE `matricule`="570";
INSERT INTO `Actifs` (`matricule`) VALUES ("570");
INSERT INTO `AppartientRegiment` (`matricule`,`id`,`date_appartenance`) VALUES ("570","Forces Armées","1986-07-19");
INSERT INTO `Affectation` (`matricule`,`id`,`date_affectation`) VALUES ("570","8","1986-07-19");
INSERT INTO `DetientGrades` (`matricule`,`id`,`date_promotion`) VALUES ("570","14","1986-07-19");
UPDATE `Militaires` SET `date_naissance`="1978-04-20",`date_recrutement`="2001-09-20" WHERE `matricule`="571";
INSERT INTO `Actifs` (`matricule`) VALUES ("571");
INSERT INTO `AppartientRegiment` (`matricule`,`id`,`date_appartenance`) VALUES ("571","Forces Armées","2001-09-20");
INSERT INTO `Affectation` (`matricule`,`id`,`date_affectation`) VALUES ("571","1","2001-09-20");
INSERT INTO `DetientGrades` (`matricule`,`id`,`date_promotion`) VALUES ("571","10","2005-10-22");
INSERT INTO `PossedeDiplomes` (`matricule`,`id`,`date_obtention`,`pays_obtention`,`organisme_formateur`) VALUES ("571","BE2","2001-07-01","CONGO","centre de formation militaire");
UPDATE `Militaires` SET `date_naissance`="1969-06-18",`date_recrutement`="1989-11-27" WHERE `matricule`="572";
INSERT INTO `Actifs` (`matricule`) VALUES ("572");
INSERT INTO `AppartientRegiment` (`matricule`,`id`,`date_appartenance`) VALUES ("572","Forces Armées","1989-11-27");
INSERT INTO `Affectation` (`matricule`,`id`,`date_affectation`) VALUES ("572","2","1989-11-27");
INSERT INTO `DetientGrades` (`matricule`,`id`,`date_promotion`) VALUES ("572","9","2006-11-09");
INSERT INTO `PossedeDiplomes` (`matricule`,`id`,`date_obtention`,`pays_obtention`,`organisme_formateur`) VALUES ("572","BT1","2002-08-14","CONGO","centre de formation militaire");
UPDATE `Militaires` SET `date_naissance`="1974-07-13",`date_recrutement`="1993-06-23" WHERE `matricule`="573";
INSERT INTO `Actifs` (`matricule`) VALUES ("573");
INSERT INTO `AppartientRegiment` (`matricule`,`id`,`date_appartenance`) VALUES ("573","Forces Armées","1993-06-23");
INSERT INTO `Affectation` (`matricule`,`id`,`date_affectation`) VALUES ("573","6","1993-06-23");
INSERT INTO `DetientGrades` (`matricule`,`id`,`date_promotion`) VALUES ("573","3","2011-02-03");
INSERT INTO `PossedeDiplomes` (`matricule`,`id`,`date_obtention`,`pays_obtention`,`organisme_formateur`) VALUES ("573","DEMS","2008-01-21","CONGO","centre de formation militaire");
UPDATE `Militaires` SET `date_naissance`="1979-03-22",`date_recrutement`="2001-12-05" WHERE `matricule`="574";
INSERT INTO `Actifs` (`matricule`) VALUES ("574");
INSERT INTO `AppartientRegiment` (`matricule`,`id`,`date_appartenance`) VALUES ("574","Forces Armées","2001-12-05");
INSERT INTO `Affectation` (`matricule`,`id`,`date_affectation`) VALUES ("574","1","2001-12-05");
INSERT INTO `DetientGrades` (`matricule`,`id`,`date_promotion`) VALUES ("574","14","2001-12-05");
UPDATE `Militaires` SET `date_naissance`="1970-08-03",`date_recrutement`="1995-06-03" WHERE `matricule`="575";
INSERT INTO `Actifs` (`matricule`) VALUES ("575");
INSERT INTO `AppartientRegiment` (`matricule`,`id`,`date_appartenance`) VALUES ("575","Forces Armées","1995-06-03");
INSERT INTO `Affectation` (`matricule`,`id`,`date_affectation`) VALUES ("575","10","1995-06-03");
INSERT INTO `DetientGrades` (`matricule`,`id`,`date_promotion`) VALUES ("575","10","2004-09-13");
INSERT INTO `PossedeDiplomes` (`matricule`,`id`,`date_obtention`,`pays_obtention`,`organisme_formateur`) VALUES ("575","BE2","1996-02-26","CONGO","centre de formation militaire");
UPDATE `Militaires` SET `date_naissance`="1952-06-21",`date_recrutement`="1972-02-23" WHERE `matricule`="576";
INSERT INTO `Actifs` (`matricule`) VALUES ("576");
INSERT INTO `AppartientRegiment` (`matricule`,`id`,`date_appartenance`) VALUES ("576","Forces Armées","1972-02-23");
INSERT INTO `Affectation` (`matricule`,`id`,`date_affectation`) VALUES ("576","8","1972-02-23");
INSERT INTO `DetientGrades` (`matricule`,`id`,`date_promotion`) VALUES ("576","8","1982-05-06");
INSERT INTO `PossedeDiplomes` (`matricule`,`id`,`date_obtention`,`pays_obtention`,`organisme_formateur`) VALUES ("576","DQSG2","1978-02-14","CONGO","centre de formation militaire");
UPDATE `Militaires` SET `date_naissance`="1980-12-19",`date_recrutement`="1999-01-16" WHERE `matricule`="577";
INSERT INTO `Actifs` (`matricule`) VALUES ("577");
INSERT INTO `AppartientRegiment` (`matricule`,`id`,`date_appartenance`) VALUES ("577","Forces Armées","1999-01-16");
INSERT INTO `Affectation` (`matricule`,`id`,`date_affectation`) VALUES ("577","5","1999-01-16");
INSERT INTO `DetientGrades` (`matricule`,`id`,`date_promotion`) VALUES ("577","8","2004-10-05");
INSERT INTO `PossedeDiplomes` (`matricule`,`id`,`date_obtention`,`pays_obtention`,`organisme_formateur`) VALUES ("577","DQSG2","2001-10-04","CONGO","centre de formation militaire");
UPDATE `Militaires` SET `date_naissance`="1980-03-01",`date_recrutement`="2001-09-05" WHERE `matricule`="578";
INSERT INTO `Actifs` (`matricule`) VALUES ("578");
INSERT INTO `AppartientRegiment` (`matricule`,`id`,`date_appartenance`) VALUES ("578","Forces Armées","2001-09-05");
INSERT INTO `Affectation` (`matricule`,`id`,`date_affectation`) VALUES ("578","2","2001-09-05");
INSERT INTO `DetientGrades` (`matricule`,`id`,`date_promotion`) VALUES ("578","13","2002-09-04");
INSERT INTO `PossedeDiplomes` (`matricule`,`id`,`date_obtention`,`pays_obtention`,`organisme_formateur`) VALUES ("578","CAT1","2002-05-09","CONGO","centre de formation militaire");
UPDATE `Militaires` SET `date_naissance`="1984-09-03",`date_recrutement`="2008-12-02" WHERE `matricule`="579";
INSERT INTO `Actifs` (`matricule`) VALUES ("579");
INSERT INTO `AppartientRegiment` (`matricule`,`id`,`date_appartenance`) VALUES ("579","Forces Armées","2008-12-02");
INSERT INTO `Affectation` (`matricule`,`id`,`date_affectation`) VALUES ("579","7","2008-12-02");
INSERT INTO `DetientGrades` (`matricule`,`id`,`date_promotion`) VALUES ("579","14","2008-12-02");
UPDATE `Militaires` SET `date_naissance`="1974-12-20",`date_recrutement`="1995-05-16" WHERE `matricule`="580";
INSERT INTO `Actifs` (`matricule`) VALUES ("580");
INSERT INTO `AppartientRegiment` (`matricule`,`id`,`date_appartenance`) VALUES ("580","Forces Armées","1995-05-16");
INSERT INTO `Affectation` (`matricule`,`id`,`date_affectation`) VALUES ("580","7","1995-05-16");
INSERT INTO `DetientGrades` (`matricule`,`id`,`date_promotion`) VALUES ("580","10","2014-04-08");
INSERT INTO `PossedeDiplomes` (`matricule`,`id`,`date_obtention`,`pays_obtention`,`organisme_formateur`) VALUES ("580","BE2","1997-04-24","CONGO","centre de formation militaire");
UPDATE `Militaires` SET `date_naissance`="1973-05-14",`date_recrutement`="1994-05-17" WHERE `matricule`="581";
INSERT INTO `Actifs` (`matricule`) VALUES ("581");
INSERT INTO `AppartientRegiment` (`matricule`,`id`,`date_appartenance`) VALUES ("581","Forces Armées","1994-05-17");
INSERT INTO `Affectation` (`matricule`,`id`,`date_affectation`) VALUES ("581","2","1994-05-17");
INSERT INTO `DetientGrades` (`matricule`,`id`,`date_promotion`) VALUES ("581","8","2011-10-17");
INSERT INTO `PossedeDiplomes` (`matricule`,`id`,`date_obtention`,`pays_obtention`,`organisme_formateur`) VALUES ("581","DQSG2","2004-02-19","CONGO","centre de formation militaire");
UPDATE `Militaires` SET `date_naissance`="1963-06-16",`date_recrutement`="1983-06-10" WHERE `matricule`="582";
INSERT INTO `Actifs` (`matricule`) VALUES ("582");
INSERT INTO `AppartientRegiment` (`matricule`,`id`,`date_appartenance`) VALUES ("582","Forces Armées","1983-06-10");
INSERT INTO `Affectation` (`matricule`,`id`,`date_affectation`) VALUES ("582","3","1983-06-10");
INSERT INTO `DetientGrades` (`matricule`,`id`,`date_promotion`) VALUES ("582","5","1988-02-14");
INSERT INTO `PossedeDiplomes` (`matricule`,`id`,`date_obtention`,`pays_obtention`,`organisme_formateur`) VALUES ("582","DCS","1985-01-05","CONGO","centre de formation militaire");
UPDATE `Militaires` SET `date_naissance`="1952-06-24",`date_recrutement`="1975-12-09" WHERE `matricule`="583";
INSERT INTO `Actifs` (`matricule`) VALUES ("583");
INSERT INTO `AppartientRegiment` (`matricule`,`id`,`date_appartenance`) VALUES ("583","Forces Armées","1975-12-09");
INSERT INTO `Affectation` (`matricule`,`id`,`date_affectation`) VALUES ("583","1","1975-12-09");
INSERT INTO `DetientGrades` (`matricule`,`id`,`date_promotion`) VALUES ("583","13","2007-11-14");
INSERT INTO `PossedeDiplomes` (`matricule`,`id`,`date_obtention`,`pays_obtention`,`organisme_formateur`) VALUES ("583","CAT1","2002-11-26","CONGO","centre de formation militaire");
UPDATE `Militaires` SET `date_naissance`="1974-01-24",`date_recrutement`="1997-10-01" WHERE `matricule`="584";
INSERT INTO `Actifs` (`matricule`) VALUES ("584");
INSERT INTO `AppartientRegiment` (`matricule`,`id`,`date_appartenance`) VALUES ("584","Forces Armées","1997-10-01");
INSERT INTO `Affectation` (`matricule`,`id`,`date_affectation`) VALUES ("584","1","1997-10-01");
INSERT INTO `DetientGrades` (`matricule`,`id`,`date_promotion`) VALUES ("584","14","1997-10-01");
UPDATE `Militaires` SET `date_naissance`="1952-06-05",`date_recrutement`="1972-08-26" WHERE `matricule`="585";
INSERT INTO `Actifs` (`matricule`) VALUES ("585");
INSERT INTO `AppartientRegiment` (`matricule`,`id`,`date_appartenance`) VALUES ("585","Forces Armées","1972-08-26");
INSERT INTO `Affectation` (`matricule`,`id`,`date_affectation`) VALUES ("585","8","1972-08-26");
INSERT INTO `DetientGrades` (`matricule`,`id`,`date_promotion`) VALUES ("585","13","1986-09-17");
INSERT INTO `PossedeDiplomes` (`matricule`,`id`,`date_obtention`,`pays_obtention`,`organisme_formateur`) VALUES ("585","CAT1","1978-07-01","CONGO","centre de formation militaire");
UPDATE `Militaires` SET `date_naissance`="1952-03-25",`date_recrutement`="1975-01-09" WHERE `matricule`="586";
INSERT INTO `Actifs` (`matricule`) VALUES ("586");
INSERT INTO `AppartientRegiment` (`matricule`,`id`,`date_appartenance`) VALUES ("586","Forces Armées","1975-01-09");
INSERT INTO `Affectation` (`matricule`,`id`,`date_affectation`) VALUES ("586","7","1975-01-09");
INSERT INTO `DetientGrades` (`matricule`,`id`,`date_promotion`) VALUES ("586","14","1975-01-09");
UPDATE `Militaires` SET `date_naissance`="1976-06-23",`date_recrutement`="2000-01-23" WHERE `matricule`="587";
INSERT INTO `Actifs` (`matricule`) VALUES ("587");
INSERT INTO `AppartientRegiment` (`matricule`,`id`,`date_appartenance`) VALUES ("587","Forces Armées","2000-01-23");
INSERT INTO `Affectation` (`matricule`,`id`,`date_affectation`) VALUES ("587","3","2000-01-23");
INSERT INTO `DetientGrades` (`matricule`,`id`,`date_promotion`) VALUES ("587","14","2000-01-23");
UPDATE `Militaires` SET `date_naissance`="1957-02-21",`date_recrutement`="1981-06-10" WHERE `matricule`="588";
INSERT INTO `Actifs` (`matricule`) VALUES ("588");
INSERT INTO `AppartientRegiment` (`matricule`,`id`,`date_appartenance`) VALUES ("588","Forces Armées","1981-06-10");
INSERT INTO `Affectation` (`matricule`,`id`,`date_affectation`) VALUES ("588","1","1981-06-10");
INSERT INTO `DetientGrades` (`matricule`,`id`,`date_promotion`) VALUES ("588","10","1985-07-07");
INSERT INTO `PossedeDiplomes` (`matricule`,`id`,`date_obtention`,`pays_obtention`,`organisme_formateur`) VALUES ("588","BE2","1982-02-26","CONGO","centre de formation militaire");
UPDATE `Militaires` SET `date_naissance`="1968-01-11",`date_recrutement`="1993-04-15" WHERE `matricule`="589";
INSERT INTO `Actifs` (`matricule`) VALUES ("589");
INSERT INTO `AppartientRegiment` (`matricule`,`id`,`date_appartenance`) VALUES ("589","Forces Armées","1993-04-15");
INSERT INTO `Affectation` (`matricule`,`id`,`date_affectation`) VALUES ("589","3","1993-04-15");
INSERT INTO `DetientGrades` (`matricule`,`id`,`date_promotion`) VALUES ("589","2","2007-07-11");
INSERT INTO `PossedeDiplomes` (`matricule`,`id`,`date_obtention`,`pays_obtention`,`organisme_formateur`) VALUES ("589","DEMS","1999-05-02","CONGO","centre de formation militaire");
UPDATE `Militaires` SET `date_naissance`="1988-02-06",`date_recrutement`="2009-03-08" WHERE `matricule`="590";
INSERT INTO `Actifs` (`matricule`) VALUES ("590");
INSERT INTO `AppartientRegiment` (`matricule`,`id`,`date_appartenance`) VALUES ("590","Forces Armées","2009-03-08");
INSERT INTO `Affectation` (`matricule`,`id`,`date_affectation`) VALUES ("590","6","2009-03-08");
INSERT INTO `DetientGrades` (`matricule`,`id`,`date_promotion`) VALUES ("590","9","2009-12-19");
INSERT INTO `PossedeDiplomes` (`matricule`,`id`,`date_obtention`,`pays_obtention`,`organisme_formateur`) VALUES ("590","BT1","2009-09-23","CONGO","centre de formation militaire");
UPDATE `Militaires` SET `date_naissance`="1955-07-18",`date_recrutement`="1980-03-21" WHERE `matricule`="591";
INSERT INTO `Actifs` (`matricule`) VALUES ("591");
INSERT INTO `AppartientRegiment` (`matricule`,`id`,`date_appartenance`) VALUES ("591","Forces Armées","1980-03-21");
INSERT INTO `Affectation` (`matricule`,`id`,`date_affectation`) VALUES ("591","8","1980-03-21");
INSERT INTO `DetientGrades` (`matricule`,`id`,`date_promotion`) VALUES ("591","2","2015-12-17");
INSERT INTO `PossedeDiplomes` (`matricule`,`id`,`date_obtention`,`pays_obtention`,`organisme_formateur`) VALUES ("591","DEMS","1987-01-22","CONGO","centre de formation militaire");
UPDATE `Militaires` SET `date_naissance`="1963-11-04",`date_recrutement`="1982-07-21" WHERE `matricule`="592";
INSERT INTO `Actifs` (`matricule`) VALUES ("592");
INSERT INTO `AppartientRegiment` (`matricule`,`id`,`date_appartenance`) VALUES ("592","Forces Armées","1982-07-21");
INSERT INTO `Affectation` (`matricule`,`id`,`date_affectation`) VALUES ("592","2","1982-07-21");
INSERT INTO `DetientGrades` (`matricule`,`id`,`date_promotion`) VALUES ("592","14","1982-07-21");
UPDATE `Militaires` SET `date_naissance`="1986-10-04",`date_recrutement`="2005-10-01" WHERE `matricule`="593";
INSERT INTO `Actifs` (`matricule`) VALUES ("593");
INSERT INTO `AppartientRegiment` (`matricule`,`id`,`date_appartenance`) VALUES ("593","Forces Armées","2005-10-01");
INSERT INTO `Affectation` (`matricule`,`id`,`date_affectation`) VALUES ("593","8","2005-10-01");
INSERT INTO `DetientGrades` (`matricule`,`id`,`date_promotion`) VALUES ("593","14","2005-10-01");
UPDATE `Militaires` SET `date_naissance`="1959-02-27",`date_recrutement`="1979-01-19" WHERE `matricule`="594";
INSERT INTO `Actifs` (`matricule`) VALUES ("594");
INSERT INTO `AppartientRegiment` (`matricule`,`id`,`date_appartenance`) VALUES ("594","Forces Armées","1979-01-19");
INSERT INTO `Affectation` (`matricule`,`id`,`date_affectation`) VALUES ("594","6","1979-01-19");
INSERT INTO `DetientGrades` (`matricule`,`id`,`date_promotion`) VALUES ("594","14","1979-01-19");
UPDATE `Militaires` SET `date_naissance`="1976-09-16",`date_recrutement`="2000-09-13" WHERE `matricule`="595";
INSERT INTO `Actifs` (`matricule`) VALUES ("595");
INSERT INTO `AppartientRegiment` (`matricule`,`id`,`date_appartenance`) VALUES ("595","Forces Armées","2000-09-13");
INSERT INTO `Affectation` (`matricule`,`id`,`date_affectation`) VALUES ("595","1","2000-09-13");
INSERT INTO `DetientGrades` (`matricule`,`id`,`date_promotion`) VALUES ("595","14","2000-09-13");
UPDATE `Militaires` SET `date_naissance`="1968-06-11",`date_recrutement`="1988-03-05" WHERE `matricule`="596";
INSERT INTO `Actifs` (`matricule`) VALUES ("596");
INSERT INTO `AppartientRegiment` (`matricule`,`id`,`date_appartenance`) VALUES ("596","Forces Armées","1988-03-05");
INSERT INTO `Affectation` (`matricule`,`id`,`date_affectation`) VALUES ("596","9","1988-03-05");
INSERT INTO `DetientGrades` (`matricule`,`id`,`date_promotion`) VALUES ("596","14","1988-03-05");
UPDATE `Militaires` SET `date_naissance`="1960-01-19",`date_recrutement`="1985-09-21" WHERE `matricule`="597";
INSERT INTO `Actifs` (`matricule`) VALUES ("597");
INSERT INTO `AppartientRegiment` (`matricule`,`id`,`date_appartenance`) VALUES ("597","Forces Armées","1985-09-21");
INSERT INTO `Affectation` (`matricule`,`id`,`date_affectation`) VALUES ("597","1","1985-09-21");
INSERT INTO `DetientGrades` (`matricule`,`id`,`date_promotion`) VALUES ("597","14","1985-09-21");
UPDATE `Militaires` SET `date_naissance`="1966-03-19",`date_recrutement`="1988-10-09" WHERE `matricule`="598";
INSERT INTO `Actifs` (`matricule`) VALUES ("598");
INSERT INTO `AppartientRegiment` (`matricule`,`id`,`date_appartenance`) VALUES ("598","Forces Armées","1988-10-09");
INSERT INTO `Affectation` (`matricule`,`id`,`date_affectation`) VALUES ("598","5","1988-10-09");
INSERT INTO `DetientGrades` (`matricule`,`id`,`date_promotion`) VALUES ("598","8","1996-04-21");
INSERT INTO `PossedeDiplomes` (`matricule`,`id`,`date_obtention`,`pays_obtention`,`organisme_formateur`) VALUES ("598","DQSG2","1993-04-15","CONGO","centre de formation militaire");
UPDATE `Militaires` SET `date_naissance`="1984-03-26",`date_recrutement`="2004-08-12" WHERE `matricule`="599";
INSERT INTO `Actifs` (`matricule`) VALUES ("599");
INSERT INTO `AppartientRegiment` (`matricule`,`id`,`date_appartenance`) VALUES ("599","Forces Armées","2004-08-12");
INSERT INTO `Affectation` (`matricule`,`id`,`date_affectation`) VALUES ("599","4","2004-08-12");
INSERT INTO `DetientGrades` (`matricule`,`id`,`date_promotion`) VALUES ("599","10","2004-10-18");
INSERT INTO `PossedeDiplomes` (`matricule`,`id`,`date_obtention`,`pays_obtention`,`organisme_formateur`) VALUES ("599","BE2","2004-06-09","CONGO","centre de formation militaire");
UPDATE `Militaires` SET `date_naissance`="1981-09-20",`date_recrutement`="2004-01-23" WHERE `matricule`="600";
INSERT INTO `Actifs` (`matricule`) VALUES ("600");
INSERT INTO `AppartientRegiment` (`matricule`,`id`,`date_appartenance`) VALUES ("600","Forces Armées","2004-01-23");
INSERT INTO `Affectation` (`matricule`,`id`,`date_affectation`) VALUES ("600","7","2004-01-23");
INSERT INTO `DetientGrades` (`matricule`,`id`,`date_promotion`) VALUES ("600","14","2004-01-23");
UPDATE `Militaires` SET `date_naissance`="1961-10-19",`date_recrutement`="1985-06-16" WHERE `matricule`="601";
INSERT INTO `Actifs` (`matricule`) VALUES ("601");
INSERT INTO `AppartientRegiment` (`matricule`,`id`,`date_appartenance`) VALUES ("601","Forces Armées","1985-06-16");
INSERT INTO `Affectation` (`matricule`,`id`,`date_affectation`) VALUES ("601","8","1985-06-16");
INSERT INTO `DetientGrades` (`matricule`,`id`,`date_promotion`) VALUES ("601","14","1985-06-16");
UPDATE `Militaires` SET `date_naissance`="1983-09-17",`date_recrutement`="2006-01-27" WHERE `matricule`="602";
INSERT INTO `Actifs` (`matricule`) VALUES ("602");
INSERT INTO `AppartientRegiment` (`matricule`,`id`,`date_appartenance`) VALUES ("602","Forces Armées","2006-01-27");
INSERT INTO `Affectation` (`matricule`,`id`,`date_affectation`) VALUES ("602","1","2006-01-27");
INSERT INTO `DetientGrades` (`matricule`,`id`,`date_promotion`) VALUES ("602","14","2006-01-27");
UPDATE `Militaires` SET `date_naissance`="1987-04-05",`date_recrutement`="2009-03-18" WHERE `matricule`="603";
INSERT INTO `Actifs` (`matricule`) VALUES ("603");
INSERT INTO `AppartientRegiment` (`matricule`,`id`,`date_appartenance`) VALUES ("603","Forces Armées","2009-03-18");
INSERT INTO `Affectation` (`matricule`,`id`,`date_affectation`) VALUES ("603","1","2009-03-18");
INSERT INTO `DetientGrades` (`matricule`,`id`,`date_promotion`) VALUES ("603","9","2009-03-14");
INSERT INTO `PossedeDiplomes` (`matricule`,`id`,`date_obtention`,`pays_obtention`,`organisme_formateur`) VALUES ("603","BT1","2009-01-07","CONGO","centre de formation militaire");
UPDATE `Militaires` SET `date_naissance`="1969-06-13",`date_recrutement`="1988-06-26" WHERE `matricule`="604";
INSERT INTO `Actifs` (`matricule`) VALUES ("604");
INSERT INTO `AppartientRegiment` (`matricule`,`id`,`date_appartenance`) VALUES ("604","Forces Armées","1988-06-26");
INSERT INTO `Affectation` (`matricule`,`id`,`date_affectation`) VALUES ("604","3","1988-06-26");
INSERT INTO `DetientGrades` (`matricule`,`id`,`date_promotion`) VALUES ("604","4","1991-06-13");
INSERT INTO `PossedeDiplomes` (`matricule`,`id`,`date_obtention`,`pays_obtention`,`organisme_formateur`) VALUES ("604","CPOS","1991-06-20","CONGO","centre de formation militaire");
UPDATE `Militaires` SET `date_naissance`="1987-01-14",`date_recrutement`="2008-05-12" WHERE `matricule`="605";
INSERT INTO `Actifs` (`matricule`) VALUES ("605");
INSERT INTO `AppartientRegiment` (`matricule`,`id`,`date_appartenance`) VALUES ("605","Forces Armées","2008-05-12");
INSERT INTO `Affectation` (`matricule`,`id`,`date_affectation`) VALUES ("605","10","2008-05-12");
INSERT INTO `DetientGrades` (`matricule`,`id`,`date_promotion`) VALUES ("605","14","2008-05-12");
UPDATE `Militaires` SET `date_naissance`="1972-04-02",`date_recrutement`="1991-11-20" WHERE `matricule`="606";
INSERT INTO `Actifs` (`matricule`) VALUES ("606");
INSERT INTO `AppartientRegiment` (`matricule`,`id`,`date_appartenance`) VALUES ("606","Forces Armées","1991-11-20");
INSERT INTO `Affectation` (`matricule`,`id`,`date_affectation`) VALUES ("606","8","1991-11-20");
INSERT INTO `DetientGrades` (`matricule`,`id`,`date_promotion`) VALUES ("606","14","1991-11-20");
UPDATE `Militaires` SET `date_naissance`="1956-12-22",`date_recrutement`="1979-06-02" WHERE `matricule`="607";
INSERT INTO `Actifs` (`matricule`) VALUES ("607");
INSERT INTO `AppartientRegiment` (`matricule`,`id`,`date_appartenance`) VALUES ("607","Forces Armées","1979-06-02");
INSERT INTO `Affectation` (`matricule`,`id`,`date_affectation`) VALUES ("607","4","1979-06-02");
INSERT INTO `DetientGrades` (`matricule`,`id`,`date_promotion`) VALUES ("607","14","1979-06-02");
UPDATE `Militaires` SET `date_naissance`="1973-12-20",`date_recrutement`="1998-05-02" WHERE `matricule`="608";
INSERT INTO `Actifs` (`matricule`) VALUES ("608");
INSERT INTO `AppartientRegiment` (`matricule`,`id`,`date_appartenance`) VALUES ("608","Forces Armées","1998-05-02");
INSERT INTO `Affectation` (`matricule`,`id`,`date_affectation`) VALUES ("608","9","1998-05-02");
INSERT INTO `DetientGrades` (`matricule`,`id`,`date_promotion`) VALUES ("608","14","1998-05-02");
UPDATE `Militaires` SET `date_naissance`="1982-05-23",`date_recrutement`="2001-11-09" WHERE `matricule`="609";
INSERT INTO `Actifs` (`matricule`) VALUES ("609");
INSERT INTO `AppartientRegiment` (`matricule`,`id`,`date_appartenance`) VALUES ("609","Forces Armées","2001-11-09");
INSERT INTO `Affectation` (`matricule`,`id`,`date_affectation`) VALUES ("609","6","2001-11-09");
INSERT INTO `DetientGrades` (`matricule`,`id`,`date_promotion`) VALUES ("609","7","2012-07-25");
INSERT INTO `PossedeDiplomes` (`matricule`,`id`,`date_obtention`,`pays_obtention`,`organisme_formateur`) VALUES ("609","DQSG2","2005-07-10","CONGO","centre de formation militaire");
UPDATE `Militaires` SET `date_naissance`="1987-01-08",`date_recrutement`="2009-05-12" WHERE `matricule`="610";
INSERT INTO `Actifs` (`matricule`) VALUES ("610");
INSERT INTO `AppartientRegiment` (`matricule`,`id`,`date_appartenance`) VALUES ("610","Forces Armées","2009-05-12");
INSERT INTO `Affectation` (`matricule`,`id`,`date_affectation`) VALUES ("610","7","2009-05-12");
INSERT INTO `DetientGrades` (`matricule`,`id`,`date_promotion`) VALUES ("610","9","2014-03-26");
INSERT INTO `PossedeDiplomes` (`matricule`,`id`,`date_obtention`,`pays_obtention`,`organisme_formateur`) VALUES ("610","BT1","2010-02-04","CONGO","centre de formation militaire");
UPDATE `Militaires` SET `date_naissance`="1974-03-08",`date_recrutement`="1994-03-07" WHERE `matricule`="611";
INSERT INTO `Actifs` (`matricule`) VALUES ("611");
INSERT INTO `AppartientRegiment` (`matricule`,`id`,`date_appartenance`) VALUES ("611","Forces Armées","1994-03-07");
INSERT INTO `Affectation` (`matricule`,`id`,`date_affectation`) VALUES ("611","3","1994-03-07");
INSERT INTO `DetientGrades` (`matricule`,`id`,`date_promotion`) VALUES ("611","14","1994-03-07");
UPDATE `Militaires` SET `date_naissance`="1962-05-16",`date_recrutement`="1984-01-23" WHERE `matricule`="612";
INSERT INTO `Actifs` (`matricule`) VALUES ("612");
INSERT INTO `AppartientRegiment` (`matricule`,`id`,`date_appartenance`) VALUES ("612","Forces Armées","1984-01-23");
INSERT INTO `Affectation` (`matricule`,`id`,`date_affectation`) VALUES ("612","2","1984-01-23");
INSERT INTO `DetientGrades` (`matricule`,`id`,`date_promotion`) VALUES ("612","14","1984-01-23");
UPDATE `Militaires` SET `date_naissance`="1987-02-11",`date_recrutement`="2006-08-20" WHERE `matricule`="613";
INSERT INTO `Actifs` (`matricule`) VALUES ("613");
INSERT INTO `AppartientRegiment` (`matricule`,`id`,`date_appartenance`) VALUES ("613","Forces Armées","2006-08-20");
INSERT INTO `Affectation` (`matricule`,`id`,`date_affectation`) VALUES ("613","1","2006-08-20");
INSERT INTO `DetientGrades` (`matricule`,`id`,`date_promotion`) VALUES ("613","11","2010-08-15");
INSERT INTO `PossedeDiplomes` (`matricule`,`id`,`date_obtention`,`pays_obtention`,`organisme_formateur`) VALUES ("613","BS","2010-03-25","CONGO","centre de formation militaire");
UPDATE `Militaires` SET `date_naissance`="1969-12-20",`date_recrutement`="1992-10-18" WHERE `matricule`="614";
INSERT INTO `Actifs` (`matricule`) VALUES ("614");
INSERT INTO `AppartientRegiment` (`matricule`,`id`,`date_appartenance`) VALUES ("614","Forces Armées","1992-10-18");
INSERT INTO `Affectation` (`matricule`,`id`,`date_affectation`) VALUES ("614","3","1992-10-18");
INSERT INTO `DetientGrades` (`matricule`,`id`,`date_promotion`) VALUES ("614","14","1992-10-18");
UPDATE `Militaires` SET `date_naissance`="1977-01-01",`date_recrutement`="1997-12-18" WHERE `matricule`="615";
INSERT INTO `Actifs` (`matricule`) VALUES ("615");
INSERT INTO `AppartientRegiment` (`matricule`,`id`,`date_appartenance`) VALUES ("615","Forces Armées","1997-12-18");
INSERT INTO `Affectation` (`matricule`,`id`,`date_affectation`) VALUES ("615","9","1997-12-18");
INSERT INTO `DetientGrades` (`matricule`,`id`,`date_promotion`) VALUES ("615","14","1997-12-18");
UPDATE `Militaires` SET `date_naissance`="1960-07-20",`date_recrutement`="1979-02-27" WHERE `matricule`="616";
INSERT INTO `Actifs` (`matricule`) VALUES ("616");
INSERT INTO `AppartientRegiment` (`matricule`,`id`,`date_appartenance`) VALUES ("616","Forces Armées","1979-02-27");
INSERT INTO `Affectation` (`matricule`,`id`,`date_affectation`) VALUES ("616","4","1979-02-27");
INSERT INTO `DetientGrades` (`matricule`,`id`,`date_promotion`) VALUES ("616","11","1994-04-04");
INSERT INTO `PossedeDiplomes` (`matricule`,`id`,`date_obtention`,`pays_obtention`,`organisme_formateur`) VALUES ("616","BS","1980-02-16","CONGO","centre de formation militaire");
UPDATE `Militaires` SET `date_naissance`="1980-05-27",`date_recrutement`="2004-11-05" WHERE `matricule`="617";
INSERT INTO `Actifs` (`matricule`) VALUES ("617");
INSERT INTO `AppartientRegiment` (`matricule`,`id`,`date_appartenance`) VALUES ("617","Forces Armées","2004-11-05");
INSERT INTO `Affectation` (`matricule`,`id`,`date_affectation`) VALUES ("617","5","2004-11-05");
INSERT INTO `DetientGrades` (`matricule`,`id`,`date_promotion`) VALUES ("617","14","2004-11-05");
UPDATE `Militaires` SET `date_naissance`="1976-10-17",`date_recrutement`="2001-03-27" WHERE `matricule`="618";
INSERT INTO `Actifs` (`matricule`) VALUES ("618");
INSERT INTO `AppartientRegiment` (`matricule`,`id`,`date_appartenance`) VALUES ("618","Forces Armées","2001-03-27");
INSERT INTO `Affectation` (`matricule`,`id`,`date_affectation`) VALUES ("618","10","2001-03-27");
INSERT INTO `DetientGrades` (`matricule`,`id`,`date_promotion`) VALUES ("618","14","2001-03-27");
UPDATE `Militaires` SET `date_naissance`="1975-08-13",`date_recrutement`="2000-09-12" WHERE `matricule`="619";
INSERT INTO `Actifs` (`matricule`) VALUES ("619");
INSERT INTO `AppartientRegiment` (`matricule`,`id`,`date_appartenance`) VALUES ("619","Forces Armées","2000-09-12");
INSERT INTO `Affectation` (`matricule`,`id`,`date_affectation`) VALUES ("619","5","2000-09-12");
INSERT INTO `DetientGrades` (`matricule`,`id`,`date_promotion`) VALUES ("619","5","2002-08-24");
INSERT INTO `PossedeDiplomes` (`matricule`,`id`,`date_obtention`,`pays_obtention`,`organisme_formateur`) VALUES ("619","DCS","2000-05-12","CONGO","centre de formation militaire");
UPDATE `Militaires` SET `date_naissance`="1961-01-04",`date_recrutement`="1983-07-26" WHERE `matricule`="620";
INSERT INTO `Actifs` (`matricule`) VALUES ("620");
INSERT INTO `AppartientRegiment` (`matricule`,`id`,`date_appartenance`) VALUES ("620","Forces Armées","1983-07-26");
INSERT INTO `Affectation` (`matricule`,`id`,`date_affectation`) VALUES ("620","2","1983-07-26");
INSERT INTO `DetientGrades` (`matricule`,`id`,`date_promotion`) VALUES ("620","7","2009-06-11");
INSERT INTO `PossedeDiplomes` (`matricule`,`id`,`date_obtention`,`pays_obtention`,`organisme_formateur`) VALUES ("620","DQSG2","2008-06-22","CONGO","centre de formation militaire");
UPDATE `Militaires` SET `date_naissance`="1975-10-01",`date_recrutement`="1999-04-13" WHERE `matricule`="621";
INSERT INTO `Actifs` (`matricule`) VALUES ("621");
INSERT INTO `AppartientRegiment` (`matricule`,`id`,`date_appartenance`) VALUES ("621","Forces Armées","1999-04-13");
INSERT INTO `Affectation` (`matricule`,`id`,`date_affectation`) VALUES ("621","8","1999-04-13");
INSERT INTO `DetientGrades` (`matricule`,`id`,`date_promotion`) VALUES ("621","14","1999-04-13");
