UPDATE `Militaires` SET `date_naissance`="1974-08-11",`date_recrutement`="1997-05-14" WHERE `matricule`="1";
INSERT INTO `Actifs` (`matricule`) VALUES ("1");
INSERT INTO `AppartientRegiment` (`matricule`,`id`,`date_appartenance`) VALUES ("1","Forces Armées","1997-05-14");
INSERT INTO `Affectation` (`matricule`,`id`,`date_affectation`) VALUES ("1","8","1997-05-14");
INSERT INTO `DetientGrades` (`matricule`,`id`,`date_promotion`) VALUES ("1","1","1997-05-18");
INSERT INTO `PossedeDiplomes` (`matricule`,`id`,`date_obtention`,`pays_obtention`,`organisme_formateur`) VALUES ("1","DEMS","1997-02-25","CONGO","centre de formation militaire");
UPDATE `Militaires` SET `date_naissance`="1990-11-07",`date_recrutement`="2015-02-19" WHERE `matricule`="2";
INSERT INTO `Actifs` (`matricule`) VALUES ("2");
INSERT INTO `AppartientRegiment` (`matricule`,`id`,`date_appartenance`) VALUES ("2","Forces Armées","2015-02-19");
INSERT INTO `Affectation` (`matricule`,`id`,`date_affectation`) VALUES ("2","8","2015-02-19");
INSERT INTO `DetientGrades` (`matricule`,`id`,`date_promotion`) VALUES ("2","2.1","2015-03-01");
INSERT INTO `PossedeDiplomes` (`matricule`,`id`,`date_obtention`,`pays_obtention`,`organisme_formateur`) VALUES ("2","DEMS","2015-03-25","CONGO","centre de formation militaire");
UPDATE `Militaires` SET `date_naissance`="1980-10-07",`date_recrutement`="2000-08-10" WHERE `matricule`="3";
INSERT INTO `Actifs` (`matricule`) VALUES ("3");
INSERT INTO `AppartientRegiment` (`matricule`,`id`,`date_appartenance`) VALUES ("3","Forces Armées","2000-08-10");
INSERT INTO `Affectation` (`matricule`,`id`,`date_affectation`) VALUES ("3","2","2000-08-10");
INSERT INTO `DetientGrades` (`matricule`,`id`,`date_promotion`) VALUES ("3","4.2","2005-11-25");
INSERT INTO `PossedeDiplomes` (`matricule`,`id`,`date_obtention`,`pays_obtention`,`organisme_formateur`) VALUES ("3","CAT1","2002-10-05","CONGO","centre de formation militaire");
UPDATE `Militaires` SET `date_naissance`="1987-05-18",`date_recrutement`="2008-05-16" WHERE `matricule`="4";
INSERT INTO `Actifs` (`matricule`) VALUES ("4");
INSERT INTO `AppartientRegiment` (`matricule`,`id`,`date_appartenance`) VALUES ("4","Forces Armées","2008-05-16");
INSERT INTO `Affectation` (`matricule`,`id`,`date_affectation`) VALUES ("4","6","2008-05-16");
INSERT INTO `DetientGrades` (`matricule`,`id`,`date_promotion`) VALUES ("4","4.3","2008-05-16");
UPDATE `Militaires` SET `date_naissance`="1960-04-17",`date_recrutement`="1980-03-12" WHERE `matricule`="5";
INSERT INTO `Actifs` (`matricule`) VALUES ("5");
INSERT INTO `AppartientRegiment` (`matricule`,`id`,`date_appartenance`) VALUES ("5","Forces Armées","1980-03-12");
INSERT INTO `Affectation` (`matricule`,`id`,`date_affectation`) VALUES ("5","4","1980-03-12");
INSERT INTO `DetientGrades` (`matricule`,`id`,`date_promotion`) VALUES ("5","4.3","1980-03-12");
UPDATE `Militaires` SET `date_naissance`="1973-05-05",`date_recrutement`="1993-11-12" WHERE `matricule`="6";
INSERT INTO `Actifs` (`matricule`) VALUES ("6");
INSERT INTO `AppartientRegiment` (`matricule`,`id`,`date_appartenance`) VALUES ("6","Forces Armées","1993-11-12");
INSERT INTO `Affectation` (`matricule`,`id`,`date_affectation`) VALUES ("6","1","1993-11-12");
INSERT INTO `DetientGrades` (`matricule`,`id`,`date_promotion`) VALUES ("6","3.4","1996-12-08");
INSERT INTO `PossedeDiplomes` (`matricule`,`id`,`date_obtention`,`pays_obtention`,`organisme_formateur`) VALUES ("6","CAT2","1994-11-19","CONGO","centre de formation militaire");
UPDATE `Militaires` SET `date_naissance`="1960-06-02",`date_recrutement`="1979-12-18" WHERE `matricule`="7";
INSERT INTO `Actifs` (`matricule`) VALUES ("7");
INSERT INTO `AppartientRegiment` (`matricule`,`id`,`date_appartenance`) VALUES ("7","Forces Armées","1979-12-18");
INSERT INTO `Affectation` (`matricule`,`id`,`date_affectation`) VALUES ("7","6","1979-12-18");
INSERT INTO `DetientGrades` (`matricule`,`id`,`date_promotion`) VALUES ("7","2.4","1984-07-08");
INSERT INTO `PossedeDiplomes` (`matricule`,`id`,`date_obtention`,`pays_obtention`,`organisme_formateur`) VALUES ("7","DCS","1984-02-03","CONGO","centre de formation militaire");
UPDATE `Militaires` SET `date_naissance`="1956-03-19",`date_recrutement`="1977-03-04" WHERE `matricule`="8";
INSERT INTO `Actifs` (`matricule`) VALUES ("8");
INSERT INTO `AppartientRegiment` (`matricule`,`id`,`date_appartenance`) VALUES ("8","Forces Armées","1977-03-04");
INSERT INTO `Affectation` (`matricule`,`id`,`date_affectation`) VALUES ("8","6","1977-03-04");
INSERT INTO `DetientGrades` (`matricule`,`id`,`date_promotion`) VALUES ("8","3.3.3","2000-02-03");
INSERT INTO `PossedeDiplomes` (`matricule`,`id`,`date_obtention`,`pays_obtention`,`organisme_formateur`) VALUES ("8","DOPJ","1994-02-11","CONGO","centre de formation militaire");
UPDATE `Militaires` SET `date_naissance`="1958-11-20",`date_recrutement`="1981-06-01" WHERE `matricule`="9";
INSERT INTO `Actifs` (`matricule`) VALUES ("9");
INSERT INTO `AppartientRegiment` (`matricule`,`id`,`date_appartenance`) VALUES ("9","Forces Armées","1981-06-01");
INSERT INTO `Affectation` (`matricule`,`id`,`date_affectation`) VALUES ("9","6","1981-06-01");
INSERT INTO `DetientGrades` (`matricule`,`id`,`date_promotion`) VALUES ("9","3.4","2005-11-25");
INSERT INTO `PossedeDiplomes` (`matricule`,`id`,`date_obtention`,`pays_obtention`,`organisme_formateur`) VALUES ("9","CAT2","2002-11-03","CONGO","centre de formation militaire");
UPDATE `Militaires` SET `date_naissance`="1984-12-22",`date_recrutement`="2008-05-04" WHERE `matricule`="10";
INSERT INTO `Actifs` (`matricule`) VALUES ("10");
INSERT INTO `AppartientRegiment` (`matricule`,`id`,`date_appartenance`) VALUES ("10","Forces Armées","2008-05-04");
INSERT INTO `Affectation` (`matricule`,`id`,`date_affectation`) VALUES ("10","3","2008-05-04");
INSERT INTO `DetientGrades` (`matricule`,`id`,`date_promotion`) VALUES ("10","4.3","2008-05-04");
UPDATE `Militaires` SET `date_naissance`="1986-08-04",`date_recrutement`="2005-06-18" WHERE `matricule`="11";
INSERT INTO `Actifs` (`matricule`) VALUES ("11");
INSERT INTO `AppartientRegiment` (`matricule`,`id`,`date_appartenance`) VALUES ("11","Forces Armées","2005-06-18");
INSERT INTO `Affectation` (`matricule`,`id`,`date_affectation`) VALUES ("11","3","2005-06-18");
INSERT INTO `DetientGrades` (`matricule`,`id`,`date_promotion`) VALUES ("11","2.6.2","2013-10-20");
INSERT INTO `PossedeDiplomes` (`matricule`,`id`,`date_obtention`,`pays_obtention`,`organisme_formateur`) VALUES ("11","DQSG2","2006-09-23","CONGO","centre de formation militaire");
UPDATE `Militaires` SET `date_naissance`="1957-09-13",`date_recrutement`="1982-10-04" WHERE `matricule`="12";
INSERT INTO `Actifs` (`matricule`) VALUES ("12");
INSERT INTO `AppartientRegiment` (`matricule`,`id`,`date_appartenance`) VALUES ("12","Forces Armées","1982-10-04");
INSERT INTO `Affectation` (`matricule`,`id`,`date_affectation`) VALUES ("12","1","1982-10-04");
INSERT INTO `DetientGrades` (`matricule`,`id`,`date_promotion`) VALUES ("12","3.3.2","2011-11-01");
INSERT INTO `PossedeDiplomes` (`matricule`,`id`,`date_obtention`,`pays_obtention`,`organisme_formateur`) VALUES ("12","DBSO","1997-04-14","CONGO","centre de formation militaire");
UPDATE `Militaires` SET `date_naissance`="1975-05-13",`date_recrutement`="1997-06-20" WHERE `matricule`="13";
INSERT INTO `Actifs` (`matricule`) VALUES ("13");
INSERT INTO `AppartientRegiment` (`matricule`,`id`,`date_appartenance`) VALUES ("13","Forces Armées","1997-06-20");
INSERT INTO `Affectation` (`matricule`,`id`,`date_affectation`) VALUES ("13","2","1997-06-20");
INSERT INTO `DetientGrades` (`matricule`,`id`,`date_promotion`) VALUES ("13","3.1.1","1997-07-12");
INSERT INTO `PossedeDiplomes` (`matricule`,`id`,`date_obtention`,`pays_obtention`,`organisme_formateur`) VALUES ("13","BA1","1997-02-22","CONGO","centre de formation militaire");
UPDATE `Militaires` SET `date_naissance`="1989-06-25",`date_recrutement`="2014-02-25" WHERE `matricule`="14";
INSERT INTO `Actifs` (`matricule`) VALUES ("14");
INSERT INTO `AppartientRegiment` (`matricule`,`id`,`date_appartenance`) VALUES ("14","Forces Armées","2014-02-25");
INSERT INTO `Affectation` (`matricule`,`id`,`date_affectation`) VALUES ("14","9","2014-02-25");
INSERT INTO `DetientGrades` (`matricule`,`id`,`date_promotion`) VALUES ("14","4.2","2015-03-10");
INSERT INTO `PossedeDiplomes` (`matricule`,`id`,`date_obtention`,`pays_obtention`,`organisme_formateur`) VALUES ("14","CAT1","2015-01-09","CONGO","centre de formation militaire");
UPDATE `Militaires` SET `date_naissance`="1953-02-18",`date_recrutement`="1976-02-23" WHERE `matricule`="15";
INSERT INTO `Actifs` (`matricule`) VALUES ("15");
INSERT INTO `AppartientRegiment` (`matricule`,`id`,`date_appartenance`) VALUES ("15","Forces Armées","1976-02-23");
INSERT INTO `Affectation` (`matricule`,`id`,`date_affectation`) VALUES ("15","5","1976-02-23");
INSERT INTO `DetientGrades` (`matricule`,`id`,`date_promotion`) VALUES ("15","3.4","1985-03-01");
INSERT INTO `PossedeDiplomes` (`matricule`,`id`,`date_obtention`,`pays_obtention`,`organisme_formateur`) VALUES ("15","CAT2","1982-03-16","CONGO","centre de formation militaire");
UPDATE `Militaires` SET `date_naissance`="1969-12-23",`date_recrutement`="1989-08-02" WHERE `matricule`="16";
INSERT INTO `Actifs` (`matricule`) VALUES ("16");
INSERT INTO `AppartientRegiment` (`matricule`,`id`,`date_appartenance`) VALUES ("16","Forces Armées","1989-08-02");
INSERT INTO `Affectation` (`matricule`,`id`,`date_affectation`) VALUES ("16","2","1989-08-02");
INSERT INTO `DetientGrades` (`matricule`,`id`,`date_promotion`) VALUES ("16","2.3","2000-07-27");
INSERT INTO `PossedeDiplomes` (`matricule`,`id`,`date_obtention`,`pays_obtention`,`organisme_formateur`) VALUES ("16","DEMS","1998-01-02","CONGO","centre de formation militaire");
UPDATE `Militaires` SET `date_naissance`="1970-07-25",`date_recrutement`="1990-11-03" WHERE `matricule`="17";
INSERT INTO `Actifs` (`matricule`) VALUES ("17");
INSERT INTO `AppartientRegiment` (`matricule`,`id`,`date_appartenance`) VALUES ("17","Forces Armées","1990-11-03");
INSERT INTO `Affectation` (`matricule`,`id`,`date_affectation`) VALUES ("17","8","1990-11-03");
INSERT INTO `DetientGrades` (`matricule`,`id`,`date_promotion`) VALUES ("17","3.2.1","1998-04-14");
INSERT INTO `PossedeDiplomes` (`matricule`,`id`,`date_obtention`,`pays_obtention`,`organisme_formateur`) VALUES ("17","BA1","1992-01-25","CONGO","centre de formation militaire");
UPDATE `Militaires` SET `date_naissance`="1970-08-24",`date_recrutement`="1995-06-13" WHERE `matricule`="18";
INSERT INTO `Actifs` (`matricule`) VALUES ("18");
INSERT INTO `AppartientRegiment` (`matricule`,`id`,`date_appartenance`) VALUES ("18","Forces Armées","1995-06-13");
INSERT INTO `Affectation` (`matricule`,`id`,`date_affectation`) VALUES ("18","1","1995-06-13");
INSERT INTO `DetientGrades` (`matricule`,`id`,`date_promotion`) VALUES ("18","3.3.3","2001-09-03");
INSERT INTO `PossedeDiplomes` (`matricule`,`id`,`date_obtention`,`pays_obtention`,`organisme_formateur`) VALUES ("18","DOPJ","1998-07-09","CONGO","centre de formation militaire");
UPDATE `Militaires` SET `date_naissance`="1975-10-16",`date_recrutement`="2000-08-06" WHERE `matricule`="19";
INSERT INTO `Actifs` (`matricule`) VALUES ("19");
INSERT INTO `AppartientRegiment` (`matricule`,`id`,`date_appartenance`) VALUES ("19","Forces Armées","2000-08-06");
INSERT INTO `Affectation` (`matricule`,`id`,`date_affectation`) VALUES ("19","8","2000-08-06");
INSERT INTO `DetientGrades` (`matricule`,`id`,`date_promotion`) VALUES ("19","4.3","2000-08-06");
UPDATE `Militaires` SET `date_naissance`="1965-09-02",`date_recrutement`="1989-09-13" WHERE `matricule`="20";
INSERT INTO `Actifs` (`matricule`) VALUES ("20");
INSERT INTO `AppartientRegiment` (`matricule`,`id`,`date_appartenance`) VALUES ("20","Forces Armées","1989-09-13");
INSERT INTO `Affectation` (`matricule`,`id`,`date_affectation`) VALUES ("20","2","1989-09-13");
INSERT INTO `DetientGrades` (`matricule`,`id`,`date_promotion`) VALUES ("20","4.3","1989-09-13");
UPDATE `Militaires` SET `date_naissance`="1986-09-09",`date_recrutement`="2009-09-22" WHERE `matricule`="21";
INSERT INTO `Actifs` (`matricule`) VALUES ("21");
INSERT INTO `AppartientRegiment` (`matricule`,`id`,`date_appartenance`) VALUES ("21","Forces Armées","2009-09-22");
INSERT INTO `Affectation` (`matricule`,`id`,`date_affectation`) VALUES ("21","4","2009-09-22");
INSERT INTO `DetientGrades` (`matricule`,`id`,`date_promotion`) VALUES ("21","4.3","2009-09-22");
UPDATE `Militaires` SET `date_naissance`="1977-07-04",`date_recrutement`="1996-02-23" WHERE `matricule`="22";
INSERT INTO `Actifs` (`matricule`) VALUES ("22");
INSERT INTO `AppartientRegiment` (`matricule`,`id`,`date_appartenance`) VALUES ("22","Forces Armées","1996-02-23");
INSERT INTO `Affectation` (`matricule`,`id`,`date_affectation`) VALUES ("22","8","1996-02-23");
INSERT INTO `DetientGrades` (`matricule`,`id`,`date_promotion`) VALUES ("22","4.3","1996-02-23");
UPDATE `Militaires` SET `date_naissance`="1980-08-18",`date_recrutement`="2004-09-18" WHERE `matricule`="23";
INSERT INTO `Actifs` (`matricule`) VALUES ("23");
INSERT INTO `AppartientRegiment` (`matricule`,`id`,`date_appartenance`) VALUES ("23","Forces Armées","2004-09-18");
INSERT INTO `Affectation` (`matricule`,`id`,`date_affectation`) VALUES ("23","2","2004-09-18");
INSERT INTO `DetientGrades` (`matricule`,`id`,`date_promotion`) VALUES ("23","2.2","2013-05-26");
INSERT INTO `PossedeDiplomes` (`matricule`,`id`,`date_obtention`,`pays_obtention`,`organisme_formateur`) VALUES ("23","DEMS","2007-01-09","CONGO","centre de formation militaire");
UPDATE `Militaires` SET `date_naissance`="1961-07-16",`date_recrutement`="1981-04-15" WHERE `matricule`="24";
INSERT INTO `Actifs` (`matricule`) VALUES ("24");
INSERT INTO `AppartientRegiment` (`matricule`,`id`,`date_appartenance`) VALUES ("24","Forces Armées","1981-04-15");
INSERT INTO `Affectation` (`matricule`,`id`,`date_affectation`) VALUES ("24","8","1981-04-15");
INSERT INTO `DetientGrades` (`matricule`,`id`,`date_promotion`) VALUES ("24","2.2","2003-03-15");
INSERT INTO `PossedeDiplomes` (`matricule`,`id`,`date_obtention`,`pays_obtention`,`organisme_formateur`) VALUES ("24","DEMS","1987-01-21","CONGO","centre de formation militaire");
UPDATE `Militaires` SET `date_naissance`="1971-10-24",`date_recrutement`="1990-11-15" WHERE `matricule`="25";
INSERT INTO `Actifs` (`matricule`) VALUES ("25");
INSERT INTO `AppartientRegiment` (`matricule`,`id`,`date_appartenance`) VALUES ("25","Forces Armées","1990-11-15");
INSERT INTO `Affectation` (`matricule`,`id`,`date_affectation`) VALUES ("25","10","1990-11-15");
INSERT INTO `DetientGrades` (`matricule`,`id`,`date_promotion`) VALUES ("25","4.3","1990-11-15");
UPDATE `Militaires` SET `date_naissance`="1963-10-08",`date_recrutement`="1988-08-04" WHERE `matricule`="26";
INSERT INTO `Actifs` (`matricule`) VALUES ("26");
INSERT INTO `AppartientRegiment` (`matricule`,`id`,`date_appartenance`) VALUES ("26","Forces Armées","1988-08-04");
INSERT INTO `Affectation` (`matricule`,`id`,`date_affectation`) VALUES ("26","9","1988-08-04");
INSERT INTO `DetientGrades` (`matricule`,`id`,`date_promotion`) VALUES ("26","4.2","1998-06-22");
INSERT INTO `PossedeDiplomes` (`matricule`,`id`,`date_obtention`,`pays_obtention`,`organisme_formateur`) VALUES ("26","CAT1","1994-06-13","CONGO","centre de formation militaire");
UPDATE `Militaires` SET `date_naissance`="1952-08-18",`date_recrutement`="1974-02-15" WHERE `matricule`="27";
INSERT INTO `Actifs` (`matricule`) VALUES ("27");
INSERT INTO `AppartientRegiment` (`matricule`,`id`,`date_appartenance`) VALUES ("27","Forces Armées","1974-02-15");
INSERT INTO `Affectation` (`matricule`,`id`,`date_affectation`) VALUES ("27","5","1974-02-15");
INSERT INTO `DetientGrades` (`matricule`,`id`,`date_promotion`) VALUES ("27","2.1","1981-11-02");
INSERT INTO `PossedeDiplomes` (`matricule`,`id`,`date_obtention`,`pays_obtention`,`organisme_formateur`) VALUES ("27","DEMS","1978-06-21","CONGO","centre de formation militaire");
UPDATE `Militaires` SET `date_naissance`="1980-07-01",`date_recrutement`="2005-05-03" WHERE `matricule`="28";
INSERT INTO `Actifs` (`matricule`) VALUES ("28");
INSERT INTO `AppartientRegiment` (`matricule`,`id`,`date_appartenance`) VALUES ("28","Forces Armées","2005-05-03");
INSERT INTO `Affectation` (`matricule`,`id`,`date_affectation`) VALUES ("28","7","2005-05-03");
INSERT INTO `DetientGrades` (`matricule`,`id`,`date_promotion`) VALUES ("28","4.3","2005-05-03");
UPDATE `Militaires` SET `date_naissance`="1985-12-15",`date_recrutement`="2004-02-07" WHERE `matricule`="29";
INSERT INTO `Actifs` (`matricule`) VALUES ("29");
INSERT INTO `AppartientRegiment` (`matricule`,`id`,`date_appartenance`) VALUES ("29","Forces Armées","2004-02-07");
INSERT INTO `Affectation` (`matricule`,`id`,`date_affectation`) VALUES ("29","8","2004-02-07");
INSERT INTO `DetientGrades` (`matricule`,`id`,`date_promotion`) VALUES ("29","4.3","2004-02-07");
UPDATE `Militaires` SET `date_naissance`="1964-09-14",`date_recrutement`="1983-11-18" WHERE `matricule`="30";
INSERT INTO `Actifs` (`matricule`) VALUES ("30");
INSERT INTO `AppartientRegiment` (`matricule`,`id`,`date_appartenance`) VALUES ("30","Forces Armées","1983-11-18");
INSERT INTO `Affectation` (`matricule`,`id`,`date_affectation`) VALUES ("30","5","1983-11-18");
INSERT INTO `DetientGrades` (`matricule`,`id`,`date_promotion`) VALUES ("30","4.3","1983-11-18");
UPDATE `Militaires` SET `date_naissance`="1956-03-08",`date_recrutement`="1979-03-05" WHERE `matricule`="31";
INSERT INTO `Actifs` (`matricule`) VALUES ("31");
INSERT INTO `AppartientRegiment` (`matricule`,`id`,`date_appartenance`) VALUES ("31","Forces Armées","1979-03-05");
INSERT INTO `Affectation` (`matricule`,`id`,`date_affectation`) VALUES ("31","9","1979-03-05");
INSERT INTO `DetientGrades` (`matricule`,`id`,`date_promotion`) VALUES ("31","2.5.2","1987-11-01");
INSERT INTO `PossedeDiplomes` (`matricule`,`id`,`date_obtention`,`pays_obtention`,`organisme_formateur`) VALUES ("31","DCS","1984-09-20","CONGO","centre de formation militaire");
UPDATE `Militaires` SET `date_naissance`="1966-08-07",`date_recrutement`="1987-07-10" WHERE `matricule`="32";
INSERT INTO `Actifs` (`matricule`) VALUES ("32");
INSERT INTO `AppartientRegiment` (`matricule`,`id`,`date_appartenance`) VALUES ("32","Forces Armées","1987-07-10");
INSERT INTO `Affectation` (`matricule`,`id`,`date_affectation`) VALUES ("32","7","1987-07-10");
INSERT INTO `DetientGrades` (`matricule`,`id`,`date_promotion`) VALUES ("32","2.5.2","2004-03-19");
INSERT INTO `PossedeDiplomes` (`matricule`,`id`,`date_obtention`,`pays_obtention`,`organisme_formateur`) VALUES ("32","DCS","1999-03-21","CONGO","centre de formation militaire");
UPDATE `Militaires` SET `date_naissance`="1984-12-07",`date_recrutement`="2003-04-26" WHERE `matricule`="33";
INSERT INTO `Actifs` (`matricule`) VALUES ("33");
INSERT INTO `AppartientRegiment` (`matricule`,`id`,`date_appartenance`) VALUES ("33","Forces Armées","2003-04-26");
INSERT INTO `Affectation` (`matricule`,`id`,`date_affectation`) VALUES ("33","5","2003-04-26");
INSERT INTO `DetientGrades` (`matricule`,`id`,`date_promotion`) VALUES ("33","4.1","2014-10-17");
INSERT INTO `PossedeDiplomes` (`matricule`,`id`,`date_obtention`,`pays_obtention`,`organisme_formateur`) VALUES ("33","CAT1","2005-06-08","CONGO","centre de formation militaire");
UPDATE `Militaires` SET `date_naissance`="1986-09-19",`date_recrutement`="2010-06-13" WHERE `matricule`="34";
INSERT INTO `Actifs` (`matricule`) VALUES ("34");
INSERT INTO `AppartientRegiment` (`matricule`,`id`,`date_appartenance`) VALUES ("34","Forces Armées","2010-06-13");
INSERT INTO `Affectation` (`matricule`,`id`,`date_affectation`) VALUES ("34","4","2010-06-13");
INSERT INTO `DetientGrades` (`matricule`,`id`,`date_promotion`) VALUES ("34","2.4","2014-11-15");
INSERT INTO `PossedeDiplomes` (`matricule`,`id`,`date_obtention`,`pays_obtention`,`organisme_formateur`) VALUES ("34","DCS","2014-02-27","CONGO","centre de formation militaire");
UPDATE `Militaires` SET `date_naissance`="1956-07-21",`date_recrutement`="1977-10-01" WHERE `matricule`="35";
INSERT INTO `Actifs` (`matricule`) VALUES ("35");
INSERT INTO `AppartientRegiment` (`matricule`,`id`,`date_appartenance`) VALUES ("35","Forces Armées","1977-10-01");
INSERT INTO `Affectation` (`matricule`,`id`,`date_affectation`) VALUES ("35","4","1977-10-01");
INSERT INTO `DetientGrades` (`matricule`,`id`,`date_promotion`) VALUES ("35","2.6.2","2008-08-13");
INSERT INTO `PossedeDiplomes` (`matricule`,`id`,`date_obtention`,`pays_obtention`,`organisme_formateur`) VALUES ("35","DQSG2","2000-07-25","CONGO","centre de formation militaire");
UPDATE `Militaires` SET `date_naissance`="1959-06-03",`date_recrutement`="1983-04-04" WHERE `matricule`="36";
INSERT INTO `Actifs` (`matricule`) VALUES ("36");
INSERT INTO `AppartientRegiment` (`matricule`,`id`,`date_appartenance`) VALUES ("36","Forces Armées","1983-04-04");
INSERT INTO `Affectation` (`matricule`,`id`,`date_affectation`) VALUES ("36","3","1983-04-04");
INSERT INTO `DetientGrades` (`matricule`,`id`,`date_promotion`) VALUES ("36","4.1","1991-01-22");
INSERT INTO `PossedeDiplomes` (`matricule`,`id`,`date_obtention`,`pays_obtention`,`organisme_formateur`) VALUES ("36","CAT1","1985-01-27","CONGO","centre de formation militaire");
UPDATE `Militaires` SET `date_naissance`="1956-08-05",`date_recrutement`="1976-12-25" WHERE `matricule`="37";
INSERT INTO `Actifs` (`matricule`) VALUES ("37");
INSERT INTO `AppartientRegiment` (`matricule`,`id`,`date_appartenance`) VALUES ("37","Forces Armées","1976-12-25");
INSERT INTO `Affectation` (`matricule`,`id`,`date_affectation`) VALUES ("37","4","1976-12-25");
INSERT INTO `DetientGrades` (`matricule`,`id`,`date_promotion`) VALUES ("37","2.5.2","2004-11-04");
INSERT INTO `PossedeDiplomes` (`matricule`,`id`,`date_obtention`,`pays_obtention`,`organisme_formateur`) VALUES ("37","DCS","1978-04-23","CONGO","centre de formation militaire");
UPDATE `Militaires` SET `date_naissance`="1975-08-08",`date_recrutement`="1998-04-24" WHERE `matricule`="38";
INSERT INTO `Actifs` (`matricule`) VALUES ("38");
INSERT INTO `AppartientRegiment` (`matricule`,`id`,`date_appartenance`) VALUES ("38","Forces Armées","1998-04-24");
INSERT INTO `Affectation` (`matricule`,`id`,`date_affectation`) VALUES ("38","5","1998-04-24");
INSERT INTO `DetientGrades` (`matricule`,`id`,`date_promotion`) VALUES ("38","2.5.1","2013-12-05");
INSERT INTO `PossedeDiplomes` (`matricule`,`id`,`date_obtention`,`pays_obtention`,`organisme_formateur`) VALUES ("38","DCS","2007-07-03","CONGO","centre de formation militaire");
UPDATE `Militaires` SET `date_naissance`="1979-08-15",`date_recrutement`="1999-05-12" WHERE `matricule`="39";
INSERT INTO `Actifs` (`matricule`) VALUES ("39");
INSERT INTO `AppartientRegiment` (`matricule`,`id`,`date_appartenance`) VALUES ("39","Forces Armées","1999-05-12");
INSERT INTO `Affectation` (`matricule`,`id`,`date_affectation`) VALUES ("39","3","1999-05-12");
INSERT INTO `DetientGrades` (`matricule`,`id`,`date_promotion`) VALUES ("39","4.3","1999-05-12");
UPDATE `Militaires` SET `date_naissance`="1983-12-20",`date_recrutement`="2004-07-22" WHERE `matricule`="40";
INSERT INTO `Actifs` (`matricule`) VALUES ("40");
INSERT INTO `AppartientRegiment` (`matricule`,`id`,`date_appartenance`) VALUES ("40","Forces Armées","2004-07-22");
INSERT INTO `Affectation` (`matricule`,`id`,`date_affectation`) VALUES ("40","10","2004-07-22");
INSERT INTO `DetientGrades` (`matricule`,`id`,`date_promotion`) VALUES ("40","3.2.2","2015-10-25");
INSERT INTO `PossedeDiplomes` (`matricule`,`id`,`date_obtention`,`pays_obtention`,`organisme_formateur`) VALUES ("40","BA1","2013-03-20","CONGO","centre de formation militaire");
UPDATE `Militaires` SET `date_naissance`="1986-09-15",`date_recrutement`="2005-07-20" WHERE `matricule`="41";
INSERT INTO `Actifs` (`matricule`) VALUES ("41");
INSERT INTO `AppartientRegiment` (`matricule`,`id`,`date_appartenance`) VALUES ("41","Forces Armées","2005-07-20");
INSERT INTO `Affectation` (`matricule`,`id`,`date_affectation`) VALUES ("41","6","2005-07-20");
INSERT INTO `DetientGrades` (`matricule`,`id`,`date_promotion`) VALUES ("41","4.3","2005-07-20");
UPDATE `Militaires` SET `date_naissance`="1985-05-10",`date_recrutement`="2009-09-27" WHERE `matricule`="42";
INSERT INTO `Actifs` (`matricule`) VALUES ("42");
INSERT INTO `AppartientRegiment` (`matricule`,`id`,`date_appartenance`) VALUES ("42","Forces Armées","2009-09-27");
INSERT INTO `Affectation` (`matricule`,`id`,`date_affectation`) VALUES ("42","2","2009-09-27");
INSERT INTO `DetientGrades` (`matricule`,`id`,`date_promotion`) VALUES ("42","3.4","2013-02-09");
INSERT INTO `PossedeDiplomes` (`matricule`,`id`,`date_obtention`,`pays_obtention`,`organisme_formateur`) VALUES ("42","CAT2","2010-01-07","CONGO","centre de formation militaire");
UPDATE `Militaires` SET `date_naissance`="1952-06-14",`date_recrutement`="1977-03-13" WHERE `matricule`="43";
INSERT INTO `Actifs` (`matricule`) VALUES ("43");
INSERT INTO `AppartientRegiment` (`matricule`,`id`,`date_appartenance`) VALUES ("43","Forces Armées","1977-03-13");
INSERT INTO `Affectation` (`matricule`,`id`,`date_affectation`) VALUES ("43","6","1977-03-13");
INSERT INTO `DetientGrades` (`matricule`,`id`,`date_promotion`) VALUES ("43","4.3","1977-03-13");
UPDATE `Militaires` SET `date_naissance`="1952-05-19",`date_recrutement`="1972-05-13" WHERE `matricule`="44";
INSERT INTO `Actifs` (`matricule`) VALUES ("44");
INSERT INTO `AppartientRegiment` (`matricule`,`id`,`date_appartenance`) VALUES ("44","Forces Armées","1972-05-13");
INSERT INTO `Affectation` (`matricule`,`id`,`date_affectation`) VALUES ("44","6","1972-05-13");
INSERT INTO `DetientGrades` (`matricule`,`id`,`date_promotion`) VALUES ("44","2.5.1","1981-02-19");
INSERT INTO `PossedeDiplomes` (`matricule`,`id`,`date_obtention`,`pays_obtention`,`organisme_formateur`) VALUES ("44","DCS","1981-02-10","CONGO","centre de formation militaire");
UPDATE `Militaires` SET `date_naissance`="1967-06-24",`date_recrutement`="1987-04-11" WHERE `matricule`="45";
INSERT INTO `Actifs` (`matricule`) VALUES ("45");
INSERT INTO `AppartientRegiment` (`matricule`,`id`,`date_appartenance`) VALUES ("45","Forces Armées","1987-04-11");
INSERT INTO `Affectation` (`matricule`,`id`,`date_affectation`) VALUES ("45","3","1987-04-11");
INSERT INTO `DetientGrades` (`matricule`,`id`,`date_promotion`) VALUES ("45","4.1","2006-09-14");
INSERT INTO `PossedeDiplomes` (`matricule`,`id`,`date_obtention`,`pays_obtention`,`organisme_formateur`) VALUES ("45","CAT1","2005-03-17","CONGO","centre de formation militaire");
UPDATE `Militaires` SET `date_naissance`="1990-08-24",`date_recrutement`="2010-03-03" WHERE `matricule`="46";
INSERT INTO `Actifs` (`matricule`) VALUES ("46");
INSERT INTO `AppartientRegiment` (`matricule`,`id`,`date_appartenance`) VALUES ("46","Forces Armées","2010-03-03");
INSERT INTO `Affectation` (`matricule`,`id`,`date_affectation`) VALUES ("46","6","2010-03-03");
INSERT INTO `DetientGrades` (`matricule`,`id`,`date_promotion`) VALUES ("46","3.1.2","2013-09-13");
INSERT INTO `PossedeDiplomes` (`matricule`,`id`,`date_obtention`,`pays_obtention`,`organisme_formateur`) VALUES ("46","BA1","2011-08-03","CONGO","centre de formation militaire");
UPDATE `Militaires` SET `date_naissance`="1983-06-01",`date_recrutement`="2008-08-02" WHERE `matricule`="47";
INSERT INTO `Actifs` (`matricule`) VALUES ("47");
INSERT INTO `AppartientRegiment` (`matricule`,`id`,`date_appartenance`) VALUES ("47","Forces Armées","2008-08-02");
INSERT INTO `Affectation` (`matricule`,`id`,`date_affectation`) VALUES ("47","8","2008-08-02");
INSERT INTO `DetientGrades` (`matricule`,`id`,`date_promotion`) VALUES ("47","2.1","2012-09-06");
INSERT INTO `PossedeDiplomes` (`matricule`,`id`,`date_obtention`,`pays_obtention`,`organisme_formateur`) VALUES ("47","DEMS","2008-03-08","CONGO","centre de formation militaire");
UPDATE `Militaires` SET `date_naissance`="1985-10-20",`date_recrutement`="2007-10-20" WHERE `matricule`="48";
INSERT INTO `Actifs` (`matricule`) VALUES ("48");
INSERT INTO `AppartientRegiment` (`matricule`,`id`,`date_appartenance`) VALUES ("48","Forces Armées","2007-10-20");
INSERT INTO `Affectation` (`matricule`,`id`,`date_affectation`) VALUES ("48","7","2007-10-20");
INSERT INTO `DetientGrades` (`matricule`,`id`,`date_promotion`) VALUES ("48","4.3","2007-10-20");
UPDATE `Militaires` SET `date_naissance`="1985-10-20",`date_recrutement`="2010-01-03" WHERE `matricule`="49";
INSERT INTO `Actifs` (`matricule`) VALUES ("49");
INSERT INTO `AppartientRegiment` (`matricule`,`id`,`date_appartenance`) VALUES ("49","Forces Armées","2010-01-03");
INSERT INTO `Affectation` (`matricule`,`id`,`date_affectation`) VALUES ("49","8","2010-01-03");
INSERT INTO `DetientGrades` (`matricule`,`id`,`date_promotion`) VALUES ("49","4.3","2010-01-03");
UPDATE `Militaires` SET `date_naissance`="1989-08-15",`date_recrutement`="2009-08-24" WHERE `matricule`="50";
INSERT INTO `Actifs` (`matricule`) VALUES ("50");
INSERT INTO `AppartientRegiment` (`matricule`,`id`,`date_appartenance`) VALUES ("50","Forces Armées","2009-08-24");
INSERT INTO `Affectation` (`matricule`,`id`,`date_affectation`) VALUES ("50","2","2009-08-24");
INSERT INTO `DetientGrades` (`matricule`,`id`,`date_promotion`) VALUES ("50","4.3","2009-08-24");
UPDATE `Militaires` SET `date_naissance`="1979-07-09",`date_recrutement`="1998-06-25" WHERE `matricule`="51";
INSERT INTO `Actifs` (`matricule`) VALUES ("51");
INSERT INTO `AppartientRegiment` (`matricule`,`id`,`date_appartenance`) VALUES ("51","Forces Armées","1998-06-25");
INSERT INTO `Affectation` (`matricule`,`id`,`date_affectation`) VALUES ("51","2","1998-06-25");
INSERT INTO `DetientGrades` (`matricule`,`id`,`date_promotion`) VALUES ("51","3.3.1","2005-01-10");
INSERT INTO `PossedeDiplomes` (`matricule`,`id`,`date_obtention`,`pays_obtention`,`organisme_formateur`) VALUES ("51","DBSO","1999-01-18","CONGO","centre de formation militaire");
UPDATE `Militaires` SET `date_naissance`="1961-05-07",`date_recrutement`="1980-10-22" WHERE `matricule`="52";
INSERT INTO `Actifs` (`matricule`) VALUES ("52");
INSERT INTO `AppartientRegiment` (`matricule`,`id`,`date_appartenance`) VALUES ("52","Forces Armées","1980-10-22");
INSERT INTO `Affectation` (`matricule`,`id`,`date_affectation`) VALUES ("52","3","1980-10-22");
INSERT INTO `DetientGrades` (`matricule`,`id`,`date_promotion`) VALUES ("52","4.2","1985-12-27");
INSERT INTO `PossedeDiplomes` (`matricule`,`id`,`date_obtention`,`pays_obtention`,`organisme_formateur`) VALUES ("52","CAT1","1980-02-14","CONGO","centre de formation militaire");
UPDATE `Militaires` SET `date_naissance`="1990-11-22",`date_recrutement`="2009-03-27" WHERE `matricule`="53";
INSERT INTO `Actifs` (`matricule`) VALUES ("53");
INSERT INTO `AppartientRegiment` (`matricule`,`id`,`date_appartenance`) VALUES ("53","Forces Armées","2009-03-27");
INSERT INTO `Affectation` (`matricule`,`id`,`date_affectation`) VALUES ("53","4","2009-03-27");
INSERT INTO `DetientGrades` (`matricule`,`id`,`date_promotion`) VALUES ("53","3.1.2","2013-10-15");
INSERT INTO `PossedeDiplomes` (`matricule`,`id`,`date_obtention`,`pays_obtention`,`organisme_formateur`) VALUES ("53","BA1","2012-03-17","CONGO","centre de formation militaire");
UPDATE `Militaires` SET `date_naissance`="1970-07-22",`date_recrutement`="1990-12-15" WHERE `matricule`="54";
INSERT INTO `Actifs` (`matricule`) VALUES ("54");
INSERT INTO `AppartientRegiment` (`matricule`,`id`,`date_appartenance`) VALUES ("54","Forces Armées","1990-12-15");
INSERT INTO `Affectation` (`matricule`,`id`,`date_affectation`) VALUES ("54","6","1990-12-15");
INSERT INTO `DetientGrades` (`matricule`,`id`,`date_promotion`) VALUES ("54","2.5.1","2006-05-04");
INSERT INTO `PossedeDiplomes` (`matricule`,`id`,`date_obtention`,`pays_obtention`,`organisme_formateur`) VALUES ("54","DCS","1997-02-17","CONGO","centre de formation militaire");
UPDATE `Militaires` SET `date_naissance`="1954-04-16",`date_recrutement`="1978-09-26" WHERE `matricule`="55";
INSERT INTO `Actifs` (`matricule`) VALUES ("55");
INSERT INTO `AppartientRegiment` (`matricule`,`id`,`date_appartenance`) VALUES ("55","Forces Armées","1978-09-26");
INSERT INTO `Affectation` (`matricule`,`id`,`date_affectation`) VALUES ("55","2","1978-09-26");
INSERT INTO `DetientGrades` (`matricule`,`id`,`date_promotion`) VALUES ("55","4.2","2006-10-12");
INSERT INTO `PossedeDiplomes` (`matricule`,`id`,`date_obtention`,`pays_obtention`,`organisme_formateur`) VALUES ("55","CAT1","1980-03-16","CONGO","centre de formation militaire");
UPDATE `Militaires` SET `date_naissance`="1970-05-18",`date_recrutement`="1991-02-20" WHERE `matricule`="56";
INSERT INTO `Actifs` (`matricule`) VALUES ("56");
INSERT INTO `AppartientRegiment` (`matricule`,`id`,`date_appartenance`) VALUES ("56","Forces Armées","1991-02-20");
INSERT INTO `Affectation` (`matricule`,`id`,`date_affectation`) VALUES ("56","7","1991-02-20");
INSERT INTO `DetientGrades` (`matricule`,`id`,`date_promotion`) VALUES ("56","4.3","1991-02-20");
UPDATE `Militaires` SET `date_naissance`="1980-06-12",`date_recrutement`="2002-10-13" WHERE `matricule`="57";
INSERT INTO `Actifs` (`matricule`) VALUES ("57");
INSERT INTO `AppartientRegiment` (`matricule`,`id`,`date_appartenance`) VALUES ("57","Forces Armées","2002-10-13");
INSERT INTO `Affectation` (`matricule`,`id`,`date_affectation`) VALUES ("57","4","2002-10-13");
INSERT INTO `DetientGrades` (`matricule`,`id`,`date_promotion`) VALUES ("57","4.1","2004-10-16");
INSERT INTO `PossedeDiplomes` (`matricule`,`id`,`date_obtention`,`pays_obtention`,`organisme_formateur`) VALUES ("57","CAT1","2003-05-01","CONGO","centre de formation militaire");
UPDATE `Militaires` SET `date_naissance`="1958-10-08",`date_recrutement`="1982-03-03" WHERE `matricule`="58";
INSERT INTO `Actifs` (`matricule`) VALUES ("58");
INSERT INTO `AppartientRegiment` (`matricule`,`id`,`date_appartenance`) VALUES ("58","Forces Armées","1982-03-03");
INSERT INTO `Affectation` (`matricule`,`id`,`date_affectation`) VALUES ("58","6","1982-03-03");
INSERT INTO `DetientGrades` (`matricule`,`id`,`date_promotion`) VALUES ("58","2.5.1","1989-02-12");
INSERT INTO `PossedeDiplomes` (`matricule`,`id`,`date_obtention`,`pays_obtention`,`organisme_formateur`) VALUES ("58","DCS","1982-02-02","CONGO","centre de formation militaire");
UPDATE `Militaires` SET `date_naissance`="1966-12-15",`date_recrutement`="1988-02-20" WHERE `matricule`="59";
INSERT INTO `Actifs` (`matricule`) VALUES ("59");
INSERT INTO `AppartientRegiment` (`matricule`,`id`,`date_appartenance`) VALUES ("59","Forces Armées","1988-02-20");
INSERT INTO `Affectation` (`matricule`,`id`,`date_affectation`) VALUES ("59","5","1988-02-20");
INSERT INTO `DetientGrades` (`matricule`,`id`,`date_promotion`) VALUES ("59","2.6.1","2015-08-04");
INSERT INTO `PossedeDiplomes` (`matricule`,`id`,`date_obtention`,`pays_obtention`,`organisme_formateur`) VALUES ("59","DQSG2","1994-08-02","CONGO","centre de formation militaire");
UPDATE `Militaires` SET `date_naissance`="1961-08-20",`date_recrutement`="1984-01-23" WHERE `matricule`="60";
INSERT INTO `Actifs` (`matricule`) VALUES ("60");
INSERT INTO `AppartientRegiment` (`matricule`,`id`,`date_appartenance`) VALUES ("60","Forces Armées","1984-01-23");
INSERT INTO `Affectation` (`matricule`,`id`,`date_affectation`) VALUES ("60","1","1984-01-23");
INSERT INTO `DetientGrades` (`matricule`,`id`,`date_promotion`) VALUES ("60","4.3","1984-01-23");
UPDATE `Militaires` SET `date_naissance`="1961-10-18",`date_recrutement`="1982-06-21" WHERE `matricule`="61";
INSERT INTO `Actifs` (`matricule`) VALUES ("61");
INSERT INTO `AppartientRegiment` (`matricule`,`id`,`date_appartenance`) VALUES ("61","Forces Armées","1982-06-21");
INSERT INTO `Affectation` (`matricule`,`id`,`date_affectation`) VALUES ("61","9","1982-06-21");
INSERT INTO `DetientGrades` (`matricule`,`id`,`date_promotion`) VALUES ("61","4.1","1989-11-08");
INSERT INTO `PossedeDiplomes` (`matricule`,`id`,`date_obtention`,`pays_obtention`,`organisme_formateur`) VALUES ("61","CAT1","1982-04-22","CONGO","centre de formation militaire");
UPDATE `Militaires` SET `date_naissance`="1976-07-21",`date_recrutement`="2000-01-07" WHERE `matricule`="62";
INSERT INTO `Actifs` (`matricule`) VALUES ("62");
INSERT INTO `AppartientRegiment` (`matricule`,`id`,`date_appartenance`) VALUES ("62","Forces Armées","2000-01-07");
INSERT INTO `Affectation` (`matricule`,`id`,`date_affectation`) VALUES ("62","9","2000-01-07");
INSERT INTO `DetientGrades` (`matricule`,`id`,`date_promotion`) VALUES ("62","2.5.2","2000-09-15");
INSERT INTO `PossedeDiplomes` (`matricule`,`id`,`date_obtention`,`pays_obtention`,`organisme_formateur`) VALUES ("62","DCS","2000-03-08","CONGO","centre de formation militaire");
UPDATE `Militaires` SET `date_naissance`="1987-12-11",`date_recrutement`="2007-07-24" WHERE `matricule`="63";
INSERT INTO `Actifs` (`matricule`) VALUES ("63");
INSERT INTO `AppartientRegiment` (`matricule`,`id`,`date_appartenance`) VALUES ("63","Forces Armées","2007-07-24");
INSERT INTO `Affectation` (`matricule`,`id`,`date_affectation`) VALUES ("63","9","2007-07-24");
INSERT INTO `DetientGrades` (`matricule`,`id`,`date_promotion`) VALUES ("63","4.1","2013-01-13");
INSERT INTO `PossedeDiplomes` (`matricule`,`id`,`date_obtention`,`pays_obtention`,`organisme_formateur`) VALUES ("63","CAT1","2010-01-17","CONGO","centre de formation militaire");
UPDATE `Militaires` SET `date_naissance`="1955-12-25",`date_recrutement`="1980-01-09" WHERE `matricule`="64";
INSERT INTO `Actifs` (`matricule`) VALUES ("64");
INSERT INTO `AppartientRegiment` (`matricule`,`id`,`date_appartenance`) VALUES ("64","Forces Armées","1980-01-09");
INSERT INTO `Affectation` (`matricule`,`id`,`date_affectation`) VALUES ("64","8","1980-01-09");
INSERT INTO `DetientGrades` (`matricule`,`id`,`date_promotion`) VALUES ("64","4.3","1980-01-09");
UPDATE `Militaires` SET `date_naissance`="1976-03-25",`date_recrutement`="1998-11-18" WHERE `matricule`="65";
INSERT INTO `Actifs` (`matricule`) VALUES ("65");
INSERT INTO `AppartientRegiment` (`matricule`,`id`,`date_appartenance`) VALUES ("65","Forces Armées","1998-11-18");
INSERT INTO `Affectation` (`matricule`,`id`,`date_affectation`) VALUES ("65","5","1998-11-18");
INSERT INTO `DetientGrades` (`matricule`,`id`,`date_promotion`) VALUES ("65","3.4","1998-04-06");
INSERT INTO `PossedeDiplomes` (`matricule`,`id`,`date_obtention`,`pays_obtention`,`organisme_formateur`) VALUES ("65","CAT2","1998-02-18","CONGO","centre de formation militaire");
UPDATE `Militaires` SET `date_naissance`="1953-09-26",`date_recrutement`="1978-11-22" WHERE `matricule`="66";
INSERT INTO `Actifs` (`matricule`) VALUES ("66");
INSERT INTO `AppartientRegiment` (`matricule`,`id`,`date_appartenance`) VALUES ("66","Forces Armées","1978-11-22");
INSERT INTO `Affectation` (`matricule`,`id`,`date_affectation`) VALUES ("66","4","1978-11-22");
INSERT INTO `DetientGrades` (`matricule`,`id`,`date_promotion`) VALUES ("66","3.4","2002-04-08");
INSERT INTO `PossedeDiplomes` (`matricule`,`id`,`date_obtention`,`pays_obtention`,`organisme_formateur`) VALUES ("66","CAT2","1996-04-22","CONGO","centre de formation militaire");
UPDATE `Militaires` SET `date_naissance`="1980-06-25",`date_recrutement`="2005-06-07" WHERE `matricule`="67";
INSERT INTO `Actifs` (`matricule`) VALUES ("67");
INSERT INTO `AppartientRegiment` (`matricule`,`id`,`date_appartenance`) VALUES ("67","Forces Armées","2005-06-07");
INSERT INTO `Affectation` (`matricule`,`id`,`date_affectation`) VALUES ("67","4","2005-06-07");
INSERT INTO `DetientGrades` (`matricule`,`id`,`date_promotion`) VALUES ("67","2.5.2","2005-08-21");
INSERT INTO `PossedeDiplomes` (`matricule`,`id`,`date_obtention`,`pays_obtention`,`organisme_formateur`) VALUES ("67","DCS","2005-05-26","CONGO","centre de formation militaire");
UPDATE `Militaires` SET `date_naissance`="1965-06-06",`date_recrutement`="1986-04-20" WHERE `matricule`="68";
INSERT INTO `Actifs` (`matricule`) VALUES ("68");
INSERT INTO `AppartientRegiment` (`matricule`,`id`,`date_appartenance`) VALUES ("68","Forces Armées","1986-04-20");
INSERT INTO `Affectation` (`matricule`,`id`,`date_affectation`) VALUES ("68","9","1986-04-20");
INSERT INTO `DetientGrades` (`matricule`,`id`,`date_promotion`) VALUES ("68","2.3","1992-09-22");
INSERT INTO `PossedeDiplomes` (`matricule`,`id`,`date_obtention`,`pays_obtention`,`organisme_formateur`) VALUES ("68","DEMS","1986-04-18","CONGO","centre de formation militaire");
UPDATE `Militaires` SET `date_naissance`="1950-11-21",`date_recrutement`="1974-12-20" WHERE `matricule`="69";
INSERT INTO `Actifs` (`matricule`) VALUES ("69");
INSERT INTO `AppartientRegiment` (`matricule`,`id`,`date_appartenance`) VALUES ("69","Forces Armées","1974-12-20");
INSERT INTO `Affectation` (`matricule`,`id`,`date_affectation`) VALUES ("69","1","1974-12-20");
INSERT INTO `DetientGrades` (`matricule`,`id`,`date_promotion`) VALUES ("69","4.3","1974-12-20");
UPDATE `Militaires` SET `date_naissance`="1985-10-09",`date_recrutement`="2004-09-01" WHERE `matricule`="70";
INSERT INTO `Actifs` (`matricule`) VALUES ("70");
INSERT INTO `AppartientRegiment` (`matricule`,`id`,`date_appartenance`) VALUES ("70","Forces Armées","2004-09-01");
INSERT INTO `Affectation` (`matricule`,`id`,`date_affectation`) VALUES ("70","4","2004-09-01");
INSERT INTO `DetientGrades` (`matricule`,`id`,`date_promotion`) VALUES ("70","2.3","2007-02-10");
INSERT INTO `PossedeDiplomes` (`matricule`,`id`,`date_obtention`,`pays_obtention`,`organisme_formateur`) VALUES ("70","DEMS","2005-01-22","CONGO","centre de formation militaire");
UPDATE `Militaires` SET `date_naissance`="1963-05-13",`date_recrutement`="1985-05-01" WHERE `matricule`="71";
INSERT INTO `Actifs` (`matricule`) VALUES ("71");
INSERT INTO `AppartientRegiment` (`matricule`,`id`,`date_appartenance`) VALUES ("71","Forces Armées","1985-05-01");
INSERT INTO `Affectation` (`matricule`,`id`,`date_affectation`) VALUES ("71","7","1985-05-01");
INSERT INTO `DetientGrades` (`matricule`,`id`,`date_promotion`) VALUES ("71","4.3","1985-05-01");
UPDATE `Militaires` SET `date_naissance`="1969-11-20",`date_recrutement`="1992-09-09" WHERE `matricule`="72";
INSERT INTO `Actifs` (`matricule`) VALUES ("72");
INSERT INTO `AppartientRegiment` (`matricule`,`id`,`date_appartenance`) VALUES ("72","Forces Armées","1992-09-09");
INSERT INTO `Affectation` (`matricule`,`id`,`date_affectation`) VALUES ("72","4","1992-09-09");
INSERT INTO `DetientGrades` (`matricule`,`id`,`date_promotion`) VALUES ("72","2.5.2","2000-07-02");
INSERT INTO `PossedeDiplomes` (`matricule`,`id`,`date_obtention`,`pays_obtention`,`organisme_formateur`) VALUES ("72","DCS","1992-03-22","CONGO","centre de formation militaire");
UPDATE `Militaires` SET `date_naissance`="1982-02-09",`date_recrutement`="2004-12-09" WHERE `matricule`="73";
INSERT INTO `Actifs` (`matricule`) VALUES ("73");
INSERT INTO `AppartientRegiment` (`matricule`,`id`,`date_appartenance`) VALUES ("73","Forces Armées","2004-12-09");
INSERT INTO `Affectation` (`matricule`,`id`,`date_affectation`) VALUES ("73","10","2004-12-09");
INSERT INTO `DetientGrades` (`matricule`,`id`,`date_promotion`) VALUES ("73","2.4","2005-05-03");
INSERT INTO `PossedeDiplomes` (`matricule`,`id`,`date_obtention`,`pays_obtention`,`organisme_formateur`) VALUES ("73","DCS","2005-03-02","CONGO","centre de formation militaire");
UPDATE `Militaires` SET `date_naissance`="1966-03-12",`date_recrutement`="1985-10-06" WHERE `matricule`="74";
INSERT INTO `Actifs` (`matricule`) VALUES ("74");
INSERT INTO `AppartientRegiment` (`matricule`,`id`,`date_appartenance`) VALUES ("74","Forces Armées","1985-10-06");
INSERT INTO `Affectation` (`matricule`,`id`,`date_affectation`) VALUES ("74","9","1985-10-06");
INSERT INTO `DetientGrades` (`matricule`,`id`,`date_promotion`) VALUES ("74","4.2","2007-09-03");
INSERT INTO `PossedeDiplomes` (`matricule`,`id`,`date_obtention`,`pays_obtention`,`organisme_formateur`) VALUES ("74","CAT1","1993-09-26","CONGO","centre de formation militaire");
UPDATE `Militaires` SET `date_naissance`="1981-09-04",`date_recrutement`="2000-05-02" WHERE `matricule`="75";
INSERT INTO `Actifs` (`matricule`) VALUES ("75");
INSERT INTO `AppartientRegiment` (`matricule`,`id`,`date_appartenance`) VALUES ("75","Forces Armées","2000-05-02");
INSERT INTO `Affectation` (`matricule`,`id`,`date_affectation`) VALUES ("75","7","2000-05-02");
INSERT INTO `DetientGrades` (`matricule`,`id`,`date_promotion`) VALUES ("75","4.1","2004-05-24");
INSERT INTO `PossedeDiplomes` (`matricule`,`id`,`date_obtention`,`pays_obtention`,`organisme_formateur`) VALUES ("75","CAT1","2003-02-22","CONGO","centre de formation militaire");
UPDATE `Militaires` SET `date_naissance`="1987-10-23",`date_recrutement`="2012-08-09" WHERE `matricule`="76";
INSERT INTO `Actifs` (`matricule`) VALUES ("76");
INSERT INTO `AppartientRegiment` (`matricule`,`id`,`date_appartenance`) VALUES ("76","Forces Armées","2012-08-09");
INSERT INTO `Affectation` (`matricule`,`id`,`date_affectation`) VALUES ("76","10","2012-08-09");
INSERT INTO `DetientGrades` (`matricule`,`id`,`date_promotion`) VALUES ("76","4.3","2012-08-09");
UPDATE `Militaires` SET `date_naissance`="1962-04-10",`date_recrutement`="1984-03-06" WHERE `matricule`="77";
INSERT INTO `Actifs` (`matricule`) VALUES ("77");
INSERT INTO `AppartientRegiment` (`matricule`,`id`,`date_appartenance`) VALUES ("77","Forces Armées","1984-03-06");
INSERT INTO `Affectation` (`matricule`,`id`,`date_affectation`) VALUES ("77","10","1984-03-06");
INSERT INTO `DetientGrades` (`matricule`,`id`,`date_promotion`) VALUES ("77","3.3.3","2006-08-15");
INSERT INTO `PossedeDiplomes` (`matricule`,`id`,`date_obtention`,`pays_obtention`,`organisme_formateur`) VALUES ("77","DOPJ","1985-08-18","CONGO","centre de formation militaire");
UPDATE `Militaires` SET `date_naissance`="1966-09-22",`date_recrutement`="1990-11-24" WHERE `matricule`="78";
INSERT INTO `Actifs` (`matricule`) VALUES ("78");
INSERT INTO `AppartientRegiment` (`matricule`,`id`,`date_appartenance`) VALUES ("78","Forces Armées","1990-11-24");
INSERT INTO `Affectation` (`matricule`,`id`,`date_affectation`) VALUES ("78","4","1990-11-24");
INSERT INTO `DetientGrades` (`matricule`,`id`,`date_promotion`) VALUES ("78","4.3","1990-11-24");
UPDATE `Militaires` SET `date_naissance`="1983-03-20",`date_recrutement`="2007-04-23" WHERE `matricule`="79";
INSERT INTO `Actifs` (`matricule`) VALUES ("79");
INSERT INTO `AppartientRegiment` (`matricule`,`id`,`date_appartenance`) VALUES ("79","Forces Armées","2007-04-23");
INSERT INTO `Affectation` (`matricule`,`id`,`date_affectation`) VALUES ("79","10","2007-04-23");
INSERT INTO `DetientGrades` (`matricule`,`id`,`date_promotion`) VALUES ("79","4.2","2011-03-10");
INSERT INTO `PossedeDiplomes` (`matricule`,`id`,`date_obtention`,`pays_obtention`,`organisme_formateur`) VALUES ("79","CAT1","2008-03-03","CONGO","centre de formation militaire");
UPDATE `Militaires` SET `date_naissance`="1970-01-25",`date_recrutement`="1989-07-27" WHERE `matricule`="80";
INSERT INTO `Actifs` (`matricule`) VALUES ("80");
INSERT INTO `AppartientRegiment` (`matricule`,`id`,`date_appartenance`) VALUES ("80","Forces Armées","1989-07-27");
INSERT INTO `Affectation` (`matricule`,`id`,`date_affectation`) VALUES ("80","10","1989-07-27");
INSERT INTO `DetientGrades` (`matricule`,`id`,`date_promotion`) VALUES ("80","2.3","2006-02-21");
INSERT INTO `PossedeDiplomes` (`matricule`,`id`,`date_obtention`,`pays_obtention`,`organisme_formateur`) VALUES ("80","DEMS","1997-01-05","CONGO","centre de formation militaire");
UPDATE `Militaires` SET `date_naissance`="1969-01-19",`date_recrutement`="1993-08-02" WHERE `matricule`="81";
INSERT INTO `Actifs` (`matricule`) VALUES ("81");
INSERT INTO `AppartientRegiment` (`matricule`,`id`,`date_appartenance`) VALUES ("81","Forces Armées","1993-08-02");
INSERT INTO `Affectation` (`matricule`,`id`,`date_affectation`) VALUES ("81","8","1993-08-02");
INSERT INTO `DetientGrades` (`matricule`,`id`,`date_promotion`) VALUES ("81","3.4","1997-11-20");
INSERT INTO `PossedeDiplomes` (`matricule`,`id`,`date_obtention`,`pays_obtention`,`organisme_formateur`) VALUES ("81","CAT2","1994-05-18","CONGO","centre de formation militaire");
UPDATE `Militaires` SET `date_naissance`="1980-05-08",`date_recrutement`="2002-12-17" WHERE `matricule`="82";
INSERT INTO `Actifs` (`matricule`) VALUES ("82");
INSERT INTO `AppartientRegiment` (`matricule`,`id`,`date_appartenance`) VALUES ("82","Forces Armées","2002-12-17");
INSERT INTO `Affectation` (`matricule`,`id`,`date_affectation`) VALUES ("82","6","2002-12-17");
INSERT INTO `DetientGrades` (`matricule`,`id`,`date_promotion`) VALUES ("82","2.2","2012-08-02");
INSERT INTO `PossedeDiplomes` (`matricule`,`id`,`date_obtention`,`pays_obtention`,`organisme_formateur`) VALUES ("82","DEMS","2011-04-19","CONGO","centre de formation militaire");
UPDATE `Militaires` SET `date_naissance`="1990-06-08",`date_recrutement`="2012-08-10" WHERE `matricule`="83";
INSERT INTO `Actifs` (`matricule`) VALUES ("83");
INSERT INTO `AppartientRegiment` (`matricule`,`id`,`date_appartenance`) VALUES ("83","Forces Armées","2012-08-10");
INSERT INTO `Affectation` (`matricule`,`id`,`date_affectation`) VALUES ("83","8","2012-08-10");
INSERT INTO `DetientGrades` (`matricule`,`id`,`date_promotion`) VALUES ("83","2.5.2","2015-12-14");
INSERT INTO `PossedeDiplomes` (`matricule`,`id`,`date_obtention`,`pays_obtention`,`organisme_formateur`) VALUES ("83","DCS","2014-10-11","CONGO","centre de formation militaire");
UPDATE `Militaires` SET `date_naissance`="1972-06-25",`date_recrutement`="1996-05-21" WHERE `matricule`="84";
INSERT INTO `Actifs` (`matricule`) VALUES ("84");
INSERT INTO `AppartientRegiment` (`matricule`,`id`,`date_appartenance`) VALUES ("84","Forces Armées","1996-05-21");
INSERT INTO `Affectation` (`matricule`,`id`,`date_affectation`) VALUES ("84","8","1996-05-21");
INSERT INTO `DetientGrades` (`matricule`,`id`,`date_promotion`) VALUES ("84","4.2","2012-08-26");
INSERT INTO `PossedeDiplomes` (`matricule`,`id`,`date_obtention`,`pays_obtention`,`organisme_formateur`) VALUES ("84","CAT1","1997-01-16","CONGO","centre de formation militaire");
UPDATE `Militaires` SET `date_naissance`="1979-02-05",`date_recrutement`="2002-10-11" WHERE `matricule`="85";
INSERT INTO `Actifs` (`matricule`) VALUES ("85");
INSERT INTO `AppartientRegiment` (`matricule`,`id`,`date_appartenance`) VALUES ("85","Forces Armées","2002-10-11");
INSERT INTO `Affectation` (`matricule`,`id`,`date_affectation`) VALUES ("85","8","2002-10-11");
INSERT INTO `DetientGrades` (`matricule`,`id`,`date_promotion`) VALUES ("85","4.3","2002-10-11");
UPDATE `Militaires` SET `date_naissance`="1953-02-14",`date_recrutement`="1973-01-07" WHERE `matricule`="86";
INSERT INTO `Actifs` (`matricule`) VALUES ("86");
INSERT INTO `AppartientRegiment` (`matricule`,`id`,`date_appartenance`) VALUES ("86","Forces Armées","1973-01-07");
INSERT INTO `Affectation` (`matricule`,`id`,`date_affectation`) VALUES ("86","5","1973-01-07");
INSERT INTO `DetientGrades` (`matricule`,`id`,`date_promotion`) VALUES ("86","4.3","1973-01-07");
UPDATE `Militaires` SET `date_naissance`="1990-12-21",`date_recrutement`="2015-05-27" WHERE `matricule`="87";
INSERT INTO `Actifs` (`matricule`) VALUES ("87");
INSERT INTO `AppartientRegiment` (`matricule`,`id`,`date_appartenance`) VALUES ("87","Forces Armées","2015-05-27");
INSERT INTO `Affectation` (`matricule`,`id`,`date_affectation`) VALUES ("87","6","2015-05-27");
INSERT INTO `DetientGrades` (`matricule`,`id`,`date_promotion`) VALUES ("87","2.5.2","2015-01-06");
INSERT INTO `PossedeDiplomes` (`matricule`,`id`,`date_obtention`,`pays_obtention`,`organisme_formateur`) VALUES ("87","DCS","2015-01-08","CONGO","centre de formation militaire");
UPDATE `Militaires` SET `date_naissance`="1974-09-13",`date_recrutement`="1999-09-02" WHERE `matricule`="88";
INSERT INTO `Actifs` (`matricule`) VALUES ("88");
INSERT INTO `AppartientRegiment` (`matricule`,`id`,`date_appartenance`) VALUES ("88","Forces Armées","1999-09-02");
INSERT INTO `Affectation` (`matricule`,`id`,`date_affectation`) VALUES ("88","7","1999-09-02");
INSERT INTO `DetientGrades` (`matricule`,`id`,`date_promotion`) VALUES ("88","4.3","1999-09-02");
UPDATE `Militaires` SET `date_naissance`="1953-10-24",`date_recrutement`="1974-08-20" WHERE `matricule`="89";
INSERT INTO `Actifs` (`matricule`) VALUES ("89");
INSERT INTO `AppartientRegiment` (`matricule`,`id`,`date_appartenance`) VALUES ("89","Forces Armées","1974-08-20");
INSERT INTO `Affectation` (`matricule`,`id`,`date_affectation`) VALUES ("89","9","1974-08-20");
INSERT INTO `DetientGrades` (`matricule`,`id`,`date_promotion`) VALUES ("89","4.3","1974-08-20");
UPDATE `Militaires` SET `date_naissance`="1952-06-07",`date_recrutement`="1972-06-07" WHERE `matricule`="90";
INSERT INTO `Actifs` (`matricule`) VALUES ("90");
INSERT INTO `AppartientRegiment` (`matricule`,`id`,`date_appartenance`) VALUES ("90","Forces Armées","1972-06-07");
INSERT INTO `Affectation` (`matricule`,`id`,`date_affectation`) VALUES ("90","5","1972-06-07");
INSERT INTO `DetientGrades` (`matricule`,`id`,`date_promotion`) VALUES ("90","4.3","1972-06-07");
UPDATE `Militaires` SET `date_naissance`="1954-07-21",`date_recrutement`="1977-09-24" WHERE `matricule`="91";
INSERT INTO `Actifs` (`matricule`) VALUES ("91");
INSERT INTO `AppartientRegiment` (`matricule`,`id`,`date_appartenance`) VALUES ("91","Forces Armées","1977-09-24");
INSERT INTO `Affectation` (`matricule`,`id`,`date_affectation`) VALUES ("91","6","1977-09-24");
INSERT INTO `DetientGrades` (`matricule`,`id`,`date_promotion`) VALUES ("91","2.3","2012-06-05");
INSERT INTO `PossedeDiplomes` (`matricule`,`id`,`date_obtention`,`pays_obtention`,`organisme_formateur`) VALUES ("91","DEMS","2002-05-07","CONGO","centre de formation militaire");
UPDATE `Militaires` SET `date_naissance`="1989-09-08",`date_recrutement`="2014-05-07" WHERE `matricule`="92";
INSERT INTO `Actifs` (`matricule`) VALUES ("92");
INSERT INTO `AppartientRegiment` (`matricule`,`id`,`date_appartenance`) VALUES ("92","Forces Armées","2014-05-07");
INSERT INTO `Affectation` (`matricule`,`id`,`date_affectation`) VALUES ("92","2","2014-05-07");
INSERT INTO `DetientGrades` (`matricule`,`id`,`date_promotion`) VALUES ("92","3.1.2","2015-10-22");
INSERT INTO `PossedeDiplomes` (`matricule`,`id`,`date_obtention`,`pays_obtention`,`organisme_formateur`) VALUES ("92","BA1","2015-03-07","CONGO","centre de formation militaire");
UPDATE `Militaires` SET `date_naissance`="1984-08-07",`date_recrutement`="2008-10-27" WHERE `matricule`="93";
INSERT INTO `Actifs` (`matricule`) VALUES ("93");
INSERT INTO `AppartientRegiment` (`matricule`,`id`,`date_appartenance`) VALUES ("93","Forces Armées","2008-10-27");
INSERT INTO `Affectation` (`matricule`,`id`,`date_affectation`) VALUES ("93","5","2008-10-27");
INSERT INTO `DetientGrades` (`matricule`,`id`,`date_promotion`) VALUES ("93","3.4","2011-04-26");
INSERT INTO `PossedeDiplomes` (`matricule`,`id`,`date_obtention`,`pays_obtention`,`organisme_formateur`) VALUES ("93","CAT2","2008-02-04","CONGO","centre de formation militaire");
UPDATE `Militaires` SET `date_naissance`="1978-12-26",`date_recrutement`="1998-09-21" WHERE `matricule`="94";
INSERT INTO `Actifs` (`matricule`) VALUES ("94");
INSERT INTO `AppartientRegiment` (`matricule`,`id`,`date_appartenance`) VALUES ("94","Forces Armées","1998-09-21");
INSERT INTO `Affectation` (`matricule`,`id`,`date_affectation`) VALUES ("94","4","1998-09-21");
INSERT INTO `DetientGrades` (`matricule`,`id`,`date_promotion`) VALUES ("94","4.3","1998-09-21");
UPDATE `Militaires` SET `date_naissance`="1972-04-10",`date_recrutement`="1993-05-03" WHERE `matricule`="95";
INSERT INTO `Actifs` (`matricule`) VALUES ("95");
INSERT INTO `AppartientRegiment` (`matricule`,`id`,`date_appartenance`) VALUES ("95","Forces Armées","1993-05-03");
INSERT INTO `Affectation` (`matricule`,`id`,`date_affectation`) VALUES ("95","8","1993-05-03");
INSERT INTO `DetientGrades` (`matricule`,`id`,`date_promotion`) VALUES ("95","4.3","1993-05-03");
UPDATE `Militaires` SET `date_naissance`="1955-10-12",`date_recrutement`="1977-02-15" WHERE `matricule`="96";
INSERT INTO `Actifs` (`matricule`) VALUES ("96");
INSERT INTO `AppartientRegiment` (`matricule`,`id`,`date_appartenance`) VALUES ("96","Forces Armées","1977-02-15");
INSERT INTO `Affectation` (`matricule`,`id`,`date_affectation`) VALUES ("96","2","1977-02-15");
INSERT INTO `DetientGrades` (`matricule`,`id`,`date_promotion`) VALUES ("96","4.1","1995-08-03");
INSERT INTO `PossedeDiplomes` (`matricule`,`id`,`date_obtention`,`pays_obtention`,`organisme_formateur`) VALUES ("96","CAT1","1981-02-09","CONGO","centre de formation militaire");
UPDATE `Militaires` SET `date_naissance`="1980-07-25",`date_recrutement`="2000-09-13" WHERE `matricule`="97";
INSERT INTO `Actifs` (`matricule`) VALUES ("97");
INSERT INTO `AppartientRegiment` (`matricule`,`id`,`date_appartenance`) VALUES ("97","Forces Armées","2000-09-13");
INSERT INTO `Affectation` (`matricule`,`id`,`date_affectation`) VALUES ("97","7","2000-09-13");
INSERT INTO `DetientGrades` (`matricule`,`id`,`date_promotion`) VALUES ("97","4.1","2005-05-12");
INSERT INTO `PossedeDiplomes` (`matricule`,`id`,`date_obtention`,`pays_obtention`,`organisme_formateur`) VALUES ("97","CAT1","2004-01-02","CONGO","centre de formation militaire");
UPDATE `Militaires` SET `date_naissance`="1978-01-24",`date_recrutement`="2003-07-23" WHERE `matricule`="98";
INSERT INTO `Actifs` (`matricule`) VALUES ("98");
INSERT INTO `AppartientRegiment` (`matricule`,`id`,`date_appartenance`) VALUES ("98","Forces Armées","2003-07-23");
INSERT INTO `Affectation` (`matricule`,`id`,`date_affectation`) VALUES ("98","5","2003-07-23");
INSERT INTO `DetientGrades` (`matricule`,`id`,`date_promotion`) VALUES ("98","3.3.1","2004-12-14");
INSERT INTO `PossedeDiplomes` (`matricule`,`id`,`date_obtention`,`pays_obtention`,`organisme_formateur`) VALUES ("98","DBSO","2003-07-01","CONGO","centre de formation militaire");
UPDATE `Militaires` SET `date_naissance`="1984-09-08",`date_recrutement`="2003-10-25" WHERE `matricule`="99";
INSERT INTO `Actifs` (`matricule`) VALUES ("99");
INSERT INTO `AppartientRegiment` (`matricule`,`id`,`date_appartenance`) VALUES ("99","Forces Armées","2003-10-25");
INSERT INTO `Affectation` (`matricule`,`id`,`date_affectation`) VALUES ("99","9","2003-10-25");
INSERT INTO `DetientGrades` (`matricule`,`id`,`date_promotion`) VALUES ("99","2.6.1","2014-02-24");
INSERT INTO `PossedeDiplomes` (`matricule`,`id`,`date_obtention`,`pays_obtention`,`organisme_formateur`) VALUES ("99","DQSG2","2013-02-18","CONGO","centre de formation militaire");
UPDATE `Militaires` SET `date_naissance`="1984-09-15",`date_recrutement`="2008-06-17" WHERE `matricule`="100";
INSERT INTO `Actifs` (`matricule`) VALUES ("100");
INSERT INTO `AppartientRegiment` (`matricule`,`id`,`date_appartenance`) VALUES ("100","Forces Armées","2008-06-17");
INSERT INTO `Affectation` (`matricule`,`id`,`date_affectation`) VALUES ("100","6","2008-06-17");
INSERT INTO `DetientGrades` (`matricule`,`id`,`date_promotion`) VALUES ("100","2.4","2013-07-17");
INSERT INTO `PossedeDiplomes` (`matricule`,`id`,`date_obtention`,`pays_obtention`,`organisme_formateur`) VALUES ("100","DCS","2011-07-21","CONGO","centre de formation militaire");
